content,category,level,has_url,has_phone_number,sender_type,digit_ratio,symbol_ratio,leet_char_ratio,dot_dash_inside_token_count,random_suffix_flag,name_hint_count,skeleton
Quyet_dinh_BHXH: Ong(Ba) da_du-d!eu_k!en nhan_t1en tu quy-BHTN. Bam-vao www.olpki.icu. QUA-HAN*SE_KH0NG*DUOC*CHAP-NHAN! fD2s,BHXH / Trợ cấp,LEVEL 2 – Leet nặng + tên riêng,1,0,personal_number,0.02608695652173913,0.20869565217391303,0.043478260869565216,6.0,1.0,2.0,quyet dinh bhxh ong ba da du d eu k en nhan t< >en tu quy bhtn bam vao < >< > qua han se kh< >ng duoc chap nhan < >
[T.B] BHXH: Ong (Ba) da du d!eu k!en nhan t1en ho tro tu BHTN. Bam vao www.poiuyt.icu. QUA HAN SE KH0NG DUOC CHAP NHAN! bN6m,BHXH / Trợ cấp,LEVEL 2 – Leet nặng + tên riêng,1,0,personal_number,0.03,0.13,0.05,2.0,1.0,2.0,t b bhxh ong ba da du d eu k en nhan t< >en ho tro tu bhtn bam vao < >< > qua han se kh< >ng duoc chap nhan < >
BHXH-Viet-Nam: Ong~Ba da_du d!eu*k!en nhan-tien Quyet-dinh-BHXH. Bam-vao www.qazws.icu. QUA-HAN_SE_KH0NG_DUOC_CHAP_NHAN! yU5n,BHXH / Trợ cấp,LEVEL 2 – Leet nặng + tên riêng,1,0,personal_number,0.017241379310344827,0.19827586206896552,0.05172413793103448,6.0,1.0,2.0,bhxh viet nam ong ba da du d eu k en nhan tien quyet dinh bhxh bam vao < >< > qua han se kh< >ng duoc chap nhan < >
Quyet-dinh_BHXH: Ong(Ba)_da^du_D!EU-K!EN*nhan-t1en_tu-BHTN. Bam-vao: www.olpzx.icu. QUA-HAN_SE_KH0NG_DUOC_CHAP_NHAN! aS2d,BHXH / Trợ cấp,LEVEL 2 – Leet nặng + tên riêng,1,0,personal_number,0.02586206896551724,0.2413793103448276,0.05172413793103448,6.0,1.0,2.0,quyet dinh bhxh ong ba da du d eu k en nhan t< >en tu bhtn bam vao < >< > qua han se kh< >ng duoc chap nhan < >
Bo-LD-TB-XH: Ong/Ba_da~du*D!EU-K!EN_nhan-t1en_tu_BHXH_VN. Bam-vao: mo.plmko.com. QUA-HAN_SE_KH0NG_DUOC_CHAP_NHAN! mJ5n,BHXH / Trợ cấp,LEVEL 2 – Leet nặng + tên riêng,1,0,personal_number,0.02654867256637168,0.25663716814159293,0.05309734513274336,6.0,1.0,1.0,bo ld tb xh ong ba da du d eu k en nhan t< >en tu bhxh vn bam vao mo < > qua han se kh< >ng duoc chap nhan < >
B0_LĐ-TB-XH: Ong-Ba_da-du_d!eu-k!en-NHAN_T1EN-ho_tro. Bam_vao_www.cdew2.icu. QUA-HAN_SE_KH0NG^DUOC-CHAP_NHAN! aS2d,BHXH / Trợ cấp,LEVEL 2 – Leet nặng + tên riêng,1,0,personal_number,0.045454545454545456,0.2545454545454545,0.05454545454545454,7.0,1.0,1.0,b< > l tb xh ong ba da du d eu k en nhan t< >en ho tro bam vao www < > qua han se kh< >ng duoc chap nhan < >
B0_LĐ-TB-XH: Ong-Ba_da-du_d!eu_k!en-NHAN-T1EN_ho_tro. Bam_vao_mo.mnbvc.com_ngay. QUA-HAN_SE-KH0NG^DUOC_CHAP-NHAN! sD4f,BHXH / Trợ cấp,LEVEL 2 – Leet nặng + tên riêng,0,0,personal_number,0.03508771929824561,0.2543859649122807,0.06140350877192982,6.0,1.0,1.0,b< > l tb xh ong ba da du d eu k en nhan t< >en ho tro bam vao mo mnbvc com ngay qua han se kh< >ng duoc chap nhan < >
Tro-cap_NQ-116: Ong(Ba)_da-du_D!EU*K!EN_nhan-T1EN_h0-tro. Bam-vao: www.bgtvf.icu. QUA-HAN_SE_KH0NG_DUOC_CHAP_NHAN! vB6n,BHXH / Trợ cấp,LEVEL 2 – Leet nặng + tên riêng,1,0,personal_number,0.06140350877192982,0.2543859649122807,0.07017543859649122,6.0,1.0,2.0,tro cap nq < > ong ba da du d eu k en nhan t< >en h< > tro bam vao < >< > qua han se kh< >ng duoc chap nhan < >
B0_LĐ-TB-XH: Ong-Ba_da-du_d!eu-k!en-NHAN_T1EN-ho_tro. Bam_vao_www.frt54.icu. QUA-HAN_SE_KH0NG^DUOC-CHAP_NHAN! vB0n,BHXH / Trợ cấp,LEVEL 2 – Leet nặng + tên riêng,1,0,personal_number,0.05454545454545454,0.2545454545454545,0.08181818181818182,7.0,1.0,1.0,b< > l tb xh ong ba da du d eu k en nhan t< >en ho tro bam vao www < > qua han se kh< >ng duoc chap nhan < >
Quyet_dinh_BHXH: B4n_da-du_d!eu_k!en_NHAN_T1EN!tu_quy~BHTN. Nhan_t41_mo.dfghj.com. QUA_HAN_SE_KH0NG_DUOC_CHAP_NHAN! pO0l,BHXH / Trợ cấp,LEVEL 2 – Leet nặng + tên riêng,1,0,personal_number,0.05172413793103448,0.23275862068965517,0.08620689655172414,2.0,1.0,0.0,quyet dinh bhxh b< >n da du d eu k en nhan t< >en tu quy bhtn nhan t< > mo < > qua han se kh< >ng duoc chap nhan < >
H0-tr0_COVID: B4N!da~du D!EU^K!EN nh4n T1EN h0~tro tu quy BH#TN. Bam vao www.eszxdr.icu. QUA-HAN SE KH0NG DUOC CHAP NHAN! lM0n,BHXH / Trợ cấp,LEVEL 2 – Leet nặng + tên riêng,1,0,personal_number,0.07407407407407407,0.14814814814814814,0.12037037037037036,3.0,1.0,0.0,h< > tr< > covid b< >n da du d eu k en nh< >n t< >en h< > tro tu quy bh tn bam vao < >< > qua han se kh< >ng duoc chap nhan < >
BHXH_VN: B4n_da-du D!EU*K!EN nh4n^T1EN h0~tro BHTN. B4m v4o www.ygvfc.icu. QUA^HAN SE KH0NG_DUOC CHAP_NHAN! xZ3q,BHXH / Trợ cấp,LEVEL 2 – Leet nặng + tên riêng,1,0,personal_number,0.08080808080808081,0.1717171717171717,0.12121212121212122,2.0,1.0,0.0,bhxh vn b< >n da du d eu k en nh< >n t< >en h< > tro bhtn b< >m v< >o < >< > qua han se kh< >ng duoc chap nhan < >
"Theo NQ-116, 0ng (B4) da du d!eu k1en nh4n t1en tu quy BHXH. Bam v4o www.ujmko.icu. QUA HAN SE KH0NG DUOC CHAP NHAN! yR5e",BHXH / Trợ cấp,LEVEL 2 – Leet nặng + tên riêng,1,0,personal_number,0.11224489795918367,0.10204081632653061,0.12244897959183673,2.0,1.0,0.0,theo nq < > < >ng b< > da du d eu k< >en nh< >n t< >en tu quy bhxh bam v< >o < >< > qua han se kh< >ng duoc chap nhan < >
0ng (B4) da du d!eu k1en nh4n t1en h0 tro tu quy BHTN. Bam v4o www.mjuik.icu. QUA HAN SE KH0NG DUOC CHAP NHAN! zX8c,BHXH / Trợ cấp,LEVEL 2 – Leet nặng + tên riêng,1,0,personal_number,0.09782608695652174,0.08695652173913043,0.13043478260869565,1.0,1.0,0.0,< >ng b< > da du d eu k< >en nh< >n t< >en h< > tro tu quy bhtn bam v< >o < >< > qua han se kh< >ng duoc chap nhan < >
B4N_da-du D!EU K!EN nh4n T1EN h0~tro_tu_nhiem_vu_online. Nhan 300k/ngay-khong_can_von. Add t.me/huong_dan_kiem_tien_02,Crypto / Đầu tư giả,LEVEL 2 – Leet nặng + tên riêng,1,0,personal_number,0.08256880733944955,0.1926605504587156,0.09174311926605505,3.0,0.0,0.0,b< >n da du d eu k en nh< >n t< >en h< > tro tu nhiem vu online nhan < >k ngay khong can von add < > huong dan kiem tien < >
Tham g14 nh0m Telegram t.me/cong_dong_dau_tu_68 de nhan lenh trade tu chuv3n g14 h4ng ng4y.,Crypto / Đầu tư giả,LEVEL 2 – Leet nặng + tên riêng,1,0,personal_number,0.1282051282051282,0.08974358974358974,0.11538461538461539,1.0,0.0,0.0,tham g< > nh< >m telegram < > cong dong dau tu < > de nhan lenh trade tu chuv< >n g< > h< >ng ng< >y
@nh_Ch!_n4p t!3n v@0 STK: 8882229999_MB_Bank. TK_nhan: CTY-TNHH-DAU-TU-PHAT-TRIEN-THINH-VUONG. Chuyen_ xong_chup-bill_em_len_lenh_ngay!,Crypto / Đầu tư giả,LEVEL 2 – Leet nặng + tên riêng,0,0,personal_number,0.10236220472440945,0.2204724409448819,0.11811023622047244,2.0,0.0,0.0,nh ch n< >p t < >n v < > stk < > mb bank tk nhan cty tnhh dau tu phat trien thinh vuong chuyen xong chup bill em len lenh ngay
Anh/ch! v-u-i l0ng n@p t13n v@o stk: 8888666622 - NH Agribank - CT TNHH TM DV PHAT LOC. Em d-u-y-e-t d0n n-g-a-y.,Crypto / Đầu tư giả,LEVEL 2 – Leet nặng + tên riêng,0,0,personal_number,0.15217391304347827,0.1956521739130435,0.11956521739130435,3.0,0.0,1.0,anh ch v u i l< >ng n p t< >n v o stk < > nh agribank ct tnhh tm dv phat loc em d u y e t d< >n n g a y
D@u_tu_CopyTrade-n_h_a_n_l@i* khung m01 ng@y. Chuy3n vao STK 44332211 NH VPBank. CT: CONG TY TNHH DAU TU TAI CHINH S,Crypto / Đầu tư giả,LEVEL 2 – Leet nặng + tên riêng,0,0,personal_number,0.11224489795918367,0.14285714285714285,0.12244897959183673,1.0,0.0,0.0,d u tu copytrade n h a n l i khung m< > ng y chuy< >n vao stk < > nh vpbank ct cong ty tnhh dau tu tai chinh s
B4N_da-du D!EU K!EN nh4n_T1EN th-u n-h-4-p t-h-u d0ng. Ch1 c4n_1O p-h-u-t/d4y. C-l-1-c-k: t.me/v_i_p_invest,Crypto / Đầu tư giả,LEVEL 2 – Leet nặng + tên riêng,1,0,personal_number,0.10526315789473684,0.29473684210526313,0.12631578947368421,7.0,0.0,0.0,b< >n da du d eu k en nh< >n t< >en th u n h < > p t h u d< >ng ch< > c< >n < >o p h u t d< >y c l < > c k < > v i p invest
"T-u-y-e-n ctv d@t d0n h@ng Shopp-e h04 h0ng cao. K-h-0-n-g c4n v0n, l@m t@i n-h-a. L-u0ng tr@ v@o 20h h@ng n-g@y.",Crypto / Đầu tư giả,LEVEL 2 – Leet nặng + tên riêng,0,0,personal_number,0.10752688172043011,0.26881720430107525,0.1827956989247312,6.0,0.0,0.0,t u y e n ctv d t d< >n h ng shopp e h< > h< >ng cao k h < > n g c< >n v< >n l m t i n h a l u< >ng tr v o < >h h ng n g y
B4N_da-du D!EU K!EN nh4n_u*u d4i. Chuyen t1en vao STK: 190203040506 TK: CTY DAU TU TAI CHINH de n@p t1en f0r3x nhe.,Crypto / Đầu tư giả,LEVEL 2 – Leet nặng + tên riêng,0,0,personal_number,0.2,0.11578947368421053,0.21052631578947367,1.0,0.0,0.0,b< >n da du d eu k en nh< >n u u d< >i chuyen t< >en vao stk < > tk cty dau tu tai chinh de n p t< >en f< >r< >x nhe
"Ch4o b4n, m1nh l4 H4nh. Cv th4 t1m v1d30 T1kt0k k13m t13n nhe nh4ng. Ib t.me/hanh_support_24h nhe.",Crypto / Đầu tư giả,LEVEL 2 – Leet nặng + tên riêng,1,0,personal_number,0.23170731707317074,0.0975609756097561,0.21951219512195122,1.0,0.0,0.0,ch< >o b< >n m< >nh l< > h< >nh cv th< > t< >m v< >d< > t< >kt< >k k< >m t< >n nhe nh< >ng ib < > hanh support < >h nhe
W-u@ k@ch h-u0ng z4n tr4z3 c01n b-a-o l0!. Th-u nh4p 10tr/th@ng ch! v0! 30 f-ut m0! n-g@y. J0!n n-h-0-m: t.me/crypto_sharks,Crypto / Đầu tư giả,LEVEL 2 – Leet nặng + tên riêng,1,0,personal_number,0.15384615384615385,0.25,0.25961538461538464,8.0,0.0,0.0,w u k ch h u< >ng z< >n tr< >z< > c< >n b a o l< > th u nh< >p < >tr th ng ch v< > < > f ut m< > n g y j< > n n h < > m < > crypto sharks
Tham g14 nh0m T3l3gr4m d3 nh4n 50k m13n f3 v4 b4t d4u l4m nh13m vu k13m 1tr/ng4y: t.me/kiemtien_moingay_2024,Crypto / Đầu tư giả,LEVEL 2 – Leet nặng + tên riêng,1,0,personal_number,0.2967032967032967,0.06593406593406594,0.27472527472527475,1.0,0.0,0.0,tham g< > nh< >m t< >l< >gr< >m d< > nh< >n < >k m< >n f< > v< > b< >t d< >u l< >m nh< >m vu k< >m < >tr ng< >y < > kiemtien moingay < >
Cv l4m nv T1kt0k th4 t1m b1nh lu4n. Ng4y 1O nv nh4n 1OOk. Kh0ng c4n d0ng f33 nhe b4n 01.,Crypto / Đầu tư giả,LEVEL 2 – Leet nặng + tên riêng,0,0,personal_number,0.2753623188405797,0.043478260869565216,0.2753623188405797,0.0,0.0,0.0,cv l< >m nv t< >kt< >k th< > t< >m b< >nh lu< >n ng< >y < >o nv nh< >n < >ook kh< >ng c< >n d< >ng f< > nhe b< >n < >
"Ch@o_b4n! M1nh-th@y-b4n_phu-h0p_v01_v13c-l4m_th4-t1m_v!d30-k13m_t13n. Kh0ng-c4n_v0n, nh4n_100k-cu01-ng4y_nhe.",Crypto / Đầu tư giả,LEVEL 2 – Leet nặng + tên riêng,0,0,personal_number,0.25471698113207547,0.24528301886792453,0.29245283018867924,5.0,0.0,0.0,ch o b< >n m< >nh th y b< >n phu h< >p v< > v< >c l< >m th< > t< >m v d< > k< >m t< >n kh< >ng c< >n v< >n nh< >n < >k cu< > ng< >y nhe
Th@ t!m v!d3o t!kt0k nh4n ngay 10k/v!d3o. m0! n-g@y 20 v!d3o l@ c0 200k. L-u0ng tr@ c-u0! n-g@y n-h-e b@n.,Crypto / Đầu tư giả,LEVEL 2 – Leet nặng + tên riêng,0,0,personal_number,0.1839080459770115,0.26436781609195403,0.3103448275862069,5.0,0.0,0.0,th t m v d< >o t kt< >k nh< >n ngay < >k v d< >o m< > n g y < > v d< >o l c< > < >k l u< >ng tr c u< > n g y n h e b n
"Ch4o b4n, m1nh l4 Huong. C0ng v13c don g14n l4 th4 t1m v1d30 T1kT0k. M01 ng4y k13m 200k-400k. Nh4n t1n m1nh nhe.",Crypto / Đầu tư giả,LEVEL 2 – Leet nặng + tên riêng,0,0,personal_number,0.34065934065934067,0.06593406593406594,0.32967032967032966,1.0,0.0,0.0,ch< >o b< >n m< >nh l< > huong c< >ng v< >c don g< >n l< > th< > t< >m v< >d< > t< >kt< >k m< > ng< >y k< >m < >k < >k nh< >n t< >n m< >nh nhe
"JILI_C4SINO: Baccarat-truc-tiep, choi-ga, xo-so. Gui-rut-trong-3-phut. Dky: qwerty.com hG7fD",Cờ bạc / Betting,LEVEL 2 – Leet nặng + tên riêng,1,0,personal_number,0.03529411764705882,0.18823529411764706,0.03529411764705882,5.0,1.0,0.0,jili c< >sino baccarat truc tiep choi ga xo so gui rut trong < > phut dky < > < >
"Kim Long Casino: Baccarat-live, choi-ga, xo-so. Rut-tien-3-phut. Dky-nhan-68k: asdfg.com rT5y",Cờ bạc / Betting,LEVEL 2 – Leet nặng + tên riêng,1,0,personal_number,0.047619047619047616,0.17857142857142858,0.03571428571428571,6.0,1.0,0.0,kim long casino baccarat live choi ga xo so rut tien < > phut dky nhan < >k < > < >
"Awin tang 5Ok trai nghiem. Rut m4xx 5.OOOk. No Hu, Ban Ca, BCR... DK ngay tai: t.ly/eR3tY nH6mJ",Cờ bạc / Betting,LEVEL 2 – Leet nặng + tên riêng,1,0,personal_number,0.0641025641025641,0.14102564102564102,0.05128205128205128,2.0,1.0,1.0,awin tang < >ok trai nghiem rut m< >xx < > oook no hu ban ca bcr dk ngay tai t ly er< >ty < >
"8DAY-C4SINO: Baccarat-truc-tiep, choi-ga, xo-so. Rut-tien-nhanh. CSKH-24/24. Dky: poiuy.com mN7bV",Cờ bạc / Betting,LEVEL 2 – Leet nặng + tên riêng,1,0,personal_number,0.07865168539325842,0.19101123595505617,0.056179775280898875,7.0,1.0,0.0,< >day c< >sino baccarat truc tiep choi ga xo so rut tien nhanh cskh < > < > dky < > < >
"Awin_C4SINO: Baccarat-truc-tiep, da-ga, xo-so. Rut-3-phut-24/7. Dky-ngay: lkjhg.com qW3e",Cờ bạc / Betting,LEVEL 2 – Leet nặng + tên riêng,1,0,personal_number,0.07407407407407407,0.20987654320987653,0.06172839506172839,6.0,1.0,0.0,awin c< >sino baccarat truc tiep da ga xo so rut < > phut < > < > dky ngay < > < >
Giai tri 2Q_tuyen_DAI_LY. Hoa-hong_hap-dan_45%. Lien-he-zalo: 0944556677. Link: https://2q2q.vip/uY7t,Cờ bạc / Betting,LEVEL 2 – Leet nặng + tên riêng,1,1,shortcode,0.1702127659574468,0.2127659574468085,0.1276595744680851,3.0,0.0,0.0,giai tri < >q tuyen dai ly hoa hong hap dan < > lien he zalo < > link < >< >q< >q vip uy< >t
"J!L!_nh4n-188k_kh!_t4!_4pp_x3-n4p-d4u. Ch0!: TLMN, X.oc-D.ia. L!nk: jili2.cc/hK22l",Cờ bạc / Betting,LEVEL 2 – Leet nặng + tên riêng,1,0,personal_number,0.16883116883116883,0.3116883116883117,0.2077922077922078,4.0,0.0,0.0,j l nh< >n < >k kh t< > < >pp x< > n< >p d< >u ch< > tlmn x oc d ia l nk jili< > cc hk< >l
"G141_tr1_2Q-T4i_4pp-nh4n_ng4y_128k. x3 n4p d4u. Ch0i Th3-th4o, B4cc4r4t, No-Hu. Link: 2q2q.tech/Q2214",Cờ bạc / Betting,LEVEL 2 – Leet nặng + tên riêng,1,0,personal_number,0.29347826086956524,0.18478260869565216,0.22826086956521738,4.0,0.0,0.0,g< > tr< > < >q t< >i < >pp nh< >n ng< >y < >k x< > n< >p d< >u ch< >i th< > th< >o b< >cc< >r< >t no hu link < >q< >q tech q< >
"789Bet_N@p-100k_nhan!200k. 1 v0ng cu0c rut MAXX 18.000k. N.o H.u, B.a.n C.a. DK: t.ly/v1C6m pL0k",Cờ bạc / Betting,LEVEL 2 – Leet nặng + tên riêng,1,0,personal_number,0.24096385542168675,0.21686746987951808,0.24096385542168675,7.0,1.0,0.0,< >bet n p < >k nhan < >k < > v< >ng cu< >c rut maxx < > < >k n o h u b a n c a dk t ly v< >c< >m < >
Aw1n-G4m3: T@1-@pp_nh4n-88k. x3_n@p_d@u. TLMN-X.0c-D.1a. Link: aw9z.cc,Cờ bạc / Betting,LEVEL 2 – Leet nặng + tên riêng,1,0,personal_number,0.16923076923076924,0.3076923076923077,0.24615384615384617,4.0,0.0,0.0,aw< >n g< >m< > t < > pp nh< >n < >k x< > n p d u tlmn x < >c d < >a link aw< >z cc
Kwin668_T@1_@pp-nh4n~188k! x3-n@p_d@u. N.0_H.u-B.4n_C.4. L1nk: hqt9z.cc #fomo,Cờ bạc / Betting,LEVEL 2 – Leet nặng + tên riêng,1,0,personal_number,0.19444444444444445,0.3194444444444444,0.25,4.0,0.0,0.0,kwin< > t < > pp nh< >n < >k x< > n p d u n < > h u b < >n c < > l< >nk hqt< >z cc fomo
8D4Y_T@1_@pp-nh4n~58k! x3-n@p_d@u. No.Hu-B.4n_C.4. Link: 8d7x.cc,Cờ bạc / Betting,LEVEL 2 – Leet nặng + tên riêng,1,0,personal_number,0.18333333333333332,0.3333333333333333,0.26666666666666666,4.0,0.0,0.0,< >d< >y t < > pp nh< >n < >k x< > n p d u no hu b < >n c < > link < >d< >x cc
"Kwin668 N4p 50k nh4n 100k, 1 v0ng cu0c rut MAXX 5.000k. BCR, No Hu. DK: t.ly/z1X9c mK4l",Cờ bạc / Betting,LEVEL 2 – Leet nặng + tên riêng,1,0,personal_number,0.28169014084507044,0.11267605633802817,0.2676056338028169,2.0,1.0,0.0,kwin< > n< >p < >k nh< >n < >k < > v< >ng cu< >c rut maxx < > < >k bcr no hu dk t ly z< >x< >c < >
789B3t-C@s1n0: B@cc@r@t_S-1ot_X0-S0. N@p_1-du0c_2. Link: bz88a.com #km,Cờ bạc / Betting,LEVEL 2 – Leet nặng + tên riêng,1,0,personal_number,0.2153846153846154,0.2923076923076923,0.2923076923076923,4.0,0.0,0.0,< >b< >t c s< >n< > b cc r t s < >ot x< > s< > n p < > du< >c < > link < > km
K1m L0ng tuy3n d41 ly t04n qu0c. Ch13t kh4u c40. Z4l0: 0866554433. Link: kl88.vip,Cờ bạc / Betting,LEVEL 2 – Leet nặng + tên riêng,1,1,shortcode,0.39705882352941174,0.08823529411764706,0.38235294117647056,1.0,0.0,0.0,k< >m l< >ng tuy< >n d< > ly t< >n qu< >c ch< >t kh< >u c< > z< >l< > < > link kl< > vip
Tổng cục Thuế: Ong (Ba) da du d!eu k!en NHAN T1EN h0 tro thue. Bam vao: dichvuthue.vip,Dịch vụ công giả,LEVEL 2 – Leet nặng + tên riêng,1,0,shortcode,0.02857142857142857,0.11428571428571428,0.05714285714285714,1.0,0.0,2.0,tong cuc thue ong ba da du d eu k en nhan t< >en h< > tro thue bam vao dichvuthue vip
[CẢNH SÁT GIAO THÔNG] B4n c0 l3nh f4t ngu01 chua th4nh to4n. Truy c4p https://xuphat-giaothong.xyz,Dịch vụ công giả,LEVEL 2 – Leet nặng + tên riêng,1,0,brandname,0.10714285714285714,0.09523809523809523,0.11904761904761904,1.0,0.0,0.0,canh sat giao thong b< >n c< > l< >nh f< >t ngu< > chua th< >nh to< >n truy c< >p < >< >
Cảnh sát Giao thông: H0 s0 v1-ph4m-g14o-th0ng-cu4-b4n d4 du0c luu truv. Truy c4p https://phatnguoi-chinhphu.top,Dịch vụ công giả,LEVEL 2 – Leet nặng + tên riêng,1,0,brandname,0.12244897959183673,0.12244897959183673,0.12244897959183673,2.0,0.0,0.0,canh sat giao thong h< > s< > v< > ph< >m g< >o th< >ng cu< > b< >n d< > du< >c luu truv truy c< >p < >< >
[BỘ CÔNG AN] Yeu c4u c4p nh4t th0ng t1n d1nh d4nh muc d0 2. Truy c4p: vneid-chinhphu.top,Dịch vụ công giả,LEVEL 2 – Leet nặng + tên riêng,1,0,shortcode,0.1388888888888889,0.08333333333333333,0.125,1.0,0.0,0.0,bo cong an yeu c< >u c< >p nh< >t th< >ng t< >n d< >nh d< >nh muc d< > < > truy c< >p < >
Bộ GTVT: Thong bao v1 f4m camera j14o thonj. Tr4 cuu t41: phatnguoi-vn.xyz,Dịch vụ công giả,LEVEL 2 – Leet nặng + tên riêng,1,0,brandname,0.11290322580645161,0.08064516129032258,0.12903225806451613,1.0,0.0,0.0,bo gtvt thong bao v< > f< >m camera j< >o thonj tr< > cuu t< > < >
T0ng cuc Thu3: B4n du d13u k13n nh4n h04n thu3 TNCN t41: h-t-t-p-s://hoanthue.gov-vn.top. Thuc h13n ng4y,Dịch vụ công giả,LEVEL 2 – Leet nặng + tên riêng,1,0,brandname,0.1797752808988764,0.14606741573033707,0.1797752808988764,2.0,1.0,0.0,t< >ng cuc thu< > b< >n du d< >u k< >n nh< >n h< >n thu< > tncn t< > h t t p s hoanthue < > thuc h< >n < >
VN3ID: Y3u c4u x4c thuc l41 CCCD g4n ch1p tr3n h3 th0ng. V0 v4o h-t-t-p-s://vneid-vngov.top d3 l4m,Dịch vụ công giả,LEVEL 2 – Leet nặng + tên riêng,1,0,shortcode,0.18292682926829268,0.13414634146341464,0.18292682926829268,2.0,1.0,0.0,vn< >id y< >u c< >u x< >c thuc l< > cccd g< >n ch< >p tr< >n h< > th< >ng v< > v< >o h t t p s < > d< > < >
B0 GTVT: Th0ng b4o n0p f4t x3 m4y/0 t0. L1nk xu l3: bộ-gtvt-gov.top.,Dịch vụ công giả,LEVEL 2 – Leet nặng + tên riêng,1,0,personal_number,0.19642857142857142,0.14285714285714285,0.19642857142857142,1.0,0.0,0.0,b< > gtvt th< >ng b< >o n< >p f< >t x< > m< >y < > t< > l< >nk xu l< > < >
Bộ Y Tế: B4n zw0c h0 tr0 ch1 f1 kh4m chwa b3nh. Nh4n k13m tr4 t41 https://yt-vn.vip,Dịch vụ công giả,LEVEL 2 – Leet nặng + tên riêng,1,0,brandname,0.208955223880597,0.1044776119402985,0.22388059701492538,1.0,0.0,0.0,bo y te b< >n zw< >c h< > tr< > ch< > f< > kh< >m chwa b< >nh nh< >n k< >m tr< > t< > < >yt vn vip
B0 Y T3: Th0ng b4o k13m tr4 suc k-h03 d1nh k1. D4ng k1 t41 h-ttp://boyte-gov.top.,Dịch vụ công giả,LEVEL 2 – Leet nặng + tên riêng,1,0,personal_number,0.22388059701492538,0.14925373134328357,0.22388059701492538,3.0,0.0,0.0,b< > y t< > th< >ng b< >o k< >m tr< > suc k h< > d< >nh k< > d< >ng k< > t< > h ttp < >
[B0 GTVT]: Phat ngu01: B13n s0 x3 cu4 b4n v1 f4m t0c z0. Xem t41 dichvucongs.top.,Dịch vụ công giả,LEVEL 2 – Leet nặng + tên riêng,1,0,brandname,0.22727272727272727,0.10606060606060606,0.24242424242424243,1.0,0.0,0.0,b< > gtvt phat ngu< > b< >n s< > x< > cu< > b< >n v< > f< >m t< >c z< > xem t< > < >
[BỘ GTVT]: Th0ng b40 n0p ph4t gu1 t01 s0 d13n th041 n4y. L1nk: bộ-gtvt-gov.top.,Dịch vụ công giả,LEVEL 2 – Leet nặng + tên riêng,1,0,brandname,0.24242424242424243,0.13636363636363635,0.24242424242424243,1.0,0.0,0.0,bo gtvt th< >ng b< > n< >p ph< >t gu< > t< > s< > d< >n th< > n< >y l< >nk < >
Cục Viễn thông: S0 d13n th041 cu4 b4n s3 b1 t4m ngunj d1ch vu. L13n h3 0702345182 d3 mo.,Dịch vụ công giả,LEVEL 2 – Leet nặng + tên riêng,0,1,brandname,0.37142857142857144,0.04285714285714286,0.34285714285714286,0.0,0.0,0.0,cuc vien thong s< > d< >n th< > cu< > b< >n s< > b< > t< >m ngunj d< >ch vu l< >n h< > < > d< > mo
C4nh s4t G140 th0ng: 0ng/B4 v1 f4m j14o th0ng ngh13m tr0ng. L13n h3 0912233445 d3 j141 qu-y3t f4t ngu01,Dịch vụ công giả,LEVEL 2 – Leet nặng + tên riêng,0,1,brandname,0.43529411764705883,0.047058823529411764,0.4117647058823529,1.0,1.0,0.0,c< >nh s< >t g< > th< >ng < >ng b< > v< > f< >m j< >o th< >ng ngh< >m tr< >ng l< >n h< > < > d< > j< > qu y< >t f< >t < >
VIETCOMBANK: Ta1 kh0an b4n se b1 tru f3 duy tr1 2tr/thang. Bam vao vietcombank.vn-df.top d3 huY d1ch vu nay,Giả mạo ngân hàng,LEVEL 2 – Leet nặng + tên riêng,1,0,brandname,0.10112359550561797,0.06741573033707865,0.0898876404494382,1.0,0.0,0.0,vietcombank ta< > kh< >an b< >n se b< > tru f< > duy tr< > < >tr thang bam vao < >< > d< > huy d< >ch vu nay
TECHCOMBANK: Ung dung F@st Mobile bj d4ng nh4p tren thj3t b! la. Vuj l0ng x4c thuc t4j http://techcombank.vn-tr.top de b4o v3 t4i s4n.,Giả mạo ngân hàng,LEVEL 2 – Leet nặng + tên riêng,1,0,shortcode,0.08928571428571429,0.09821428571428571,0.10714285714285714,1.0,0.0,0.0,techcombank ung dung f st mobile bj d< >ng nh< >p tren thj< >t b la vuj l< >ng x< >c thuc t< >j < >< >< > de b< >o v< > t< >i s< >n
Ho tro COVID-19: B4n~da-du D!EU*K!EN nh4n_T1EN h0~tro tu quy BH#TN. Bam v40 www.vfbtg.icu. QUA^HAN SE_KH0NG DUOC_CHAP NHAN! mN4b,Giả mạo ngân hàng,LEVEL 2 – Leet nặng + tên riêng,1,0,personal_number,0.09009009009009009,0.16216216216216217,0.11711711711711711,3.0,1.0,0.0,ho tro covid < > b< >n da du d eu k en nh< >n t< >en h< > tro tu quy bh tn bam v< > < >< > qua han se kh< >ng duoc chap nhan < >
Sacombank: T4i kh04n b4n co nguy co b1 xam nh4p. Bam vao sacombank-online.vip z3 x4c thuc ng4y.,Giả mạo ngân hàng,LEVEL 2 – Leet nặng + tên riêng,1,0,brandname,0.11392405063291139,0.06329113924050633,0.12658227848101267,1.0,0.0,2.0,sacombank t< >i kh< >n b< >n co nguy co b< > xam nh< >p bam vao sacombank online vip z< > x< >c thuc ng< >y
TECHCOMBANK: Wuy kh4ch co d13m thu0ng s3 h3t h4n. D4ng nh4p https://techcombank-online.vip de d01 qu4 truoc 24h.,Giả mạo ngân hàng,LEVEL 2 – Leet nặng + tên riêng,1,0,brandname,0.14583333333333334,0.08333333333333333,0.13541666666666666,1.0,0.0,1.0,techcombank wuy kh< >ch co d< >m thu< >ng s< > h< >t h< >n d< >ng nh< >p < >techcombank online vip de d< > qu< > truoc < >h
[BIDV] Ph4t-h13n-truy-c4p-b4t-thu0ng. Vu1-l0ng-x4c-thuc-t4i-bidv.vn-security.info-tr3n-30-phut.,Giả mạo ngân hàng,LEVEL 2 – Leet nặng + tên riêng,1,0,brandname,0.13978494623655913,0.21505376344086022,0.13978494623655913,2.0,0.0,0.0,bidv ph< >t h< >n truy c< >p b< >t thu< >ng < >< > tr< >n < > phut
BIDV: Ph4t-h13n-truy-c4p-l4-luc-23h. Dang-nh4p-bidv-online.top-d3-ngan-ch4n-m4t-t13n.,Giả mạo ngân hàng,LEVEL 2 – Leet nặng + tên riêng,1,0,brandname,0.1566265060240964,0.21686746987951808,0.14457831325301204,2.0,0.0,0.0,bidv ph< >t h< >n truy c< >p l< > luc < >h < > d< > ngan ch< >n m< >t t< >n
[MB BANK] C4nh b40: D1ch vu mbbank s3 b1 ngung. Vui l0ng v40 https://mbbank-online.vip de k1ch h04t l4i d1ch vu.,Giả mạo ngân hàng,LEVEL 2 – Leet nặng + tên riêng,1,0,brandname,0.15053763440860216,0.10752688172043011,0.15053763440860216,1.0,0.0,0.0,mb bank c< >nh b< > d< >ch vu mbbank s< > b< > ngung vui l< >ng v< > < >mbbank online vip de k< >ch h< >t l< >i d< >ch vu
SHB DIGIBANK th0ng b4o: t4i kh04n b1 d4ng nh4p l4. Vui l0ng x4c thuc t41 shbdigibank.cc truoc 15h.,Giả mạo ngân hàng,LEVEL 2 – Leet nặng + tên riêng,1,0,brandname,0.18518518518518517,0.04938271604938271,0.18518518518518517,1.0,0.0,0.0,shb digibank th< >ng b< >o t< >i kh< >n b< > d< >ng nh< >p l< > vui l< >ng x< >c thuc t< > shbdigibank cc truoc < >h
[SACOMBANK] T4i kh04n s3 b1 kh04 v1 th13u th0ng t1n. D4ng nh4p t4i https://sacombank.cc de c4p nh4t ngay l4f tuc.,Giả mạo ngân hàng,LEVEL 2 – Leet nặng + tên riêng,1,0,brandname,0.19148936170212766,0.0851063829787234,0.19148936170212766,1.0,0.0,0.0,sacombank t< >i kh< >n s< > b< > kh< > v< > th< >u th< >ng t< >n d< >ng nh< >p t< >i < >sacombank cc de c< >p nh< >t ngay l< >f tuc
[BIDV] C4nh-b40: T4i-kh04n-b1-kh04-v1-nh4p-s4i-m4-pin. Tru1-c4p-bidv.vn-sh.cc-d3-m0-l4i.,Giả mạo ngân hàng,LEVEL 2 – Leet nặng + tên riêng,1,0,brandname,0.21176470588235294,0.25882352941176473,0.21176470588235294,3.0,0.0,0.0,bidv c< >nh b< > t< >i kh< >n b< > kh< > v< > nh< >p s< >i m< > pin < > sh cc d< > m< > l< >i
[BIDV] T41-kh04n-cu4-b4n-d4-b1-kh04. Vu1-l0ng-nh4n-v40-bidv.vn-home.top-d3-m0-kh04-ng4y.,Giả mạo ngân hàng,LEVEL 2 – Leet nặng + tên riêng,1,0,brandname,0.23255813953488372,0.2441860465116279,0.23255813953488372,2.0,0.0,0.0,bidv t< > kh< >n cu< > b< >n d< > b< > kh< > < >< > d< > m< > kh< > ng< >y
MB BANK: f4t h13n j140 z1ch l4 5.000.000z. B4m mbbank.vn-po.top d3 huy ng4y.,Giả mạo ngân hàng,LEVEL 2 – Leet nặng + tên riêng,1,0,brandname,0.28125,0.125,0.3125,2.0,0.0,0.0,mb bank f< >t h< >n j< > z< >ch l< > < > < > < >z b< >m < >< > d< > huy ng< >y
HN – Telegram. Änh cö müön x3m änh nög bäng cüa 3m khöng? t.me/hn_sexy_video iU8y,Nội dung nhạy cảm,LEVEL 2 – Leet nặng + tên riêng,1,0,personal_number,0.04477611940298507,0.1044776119402985,0.04477611940298507,1.0,1.0,0.0,hn telegram anh co muon x< >m anh nog bang cua < >m khong < > hn sexy video < >
"Cty HVS tuy3n dung xuly d0n h4ng L4z4z4. L4m t41 nh4, thu nh4p 500k-2tr/ng4y. Tu01 22-60. Link: zalo.me/84744555666",Tuyển dụng giả,LEVEL 2 – Leet nặng + tên riêng,1,1,personal_number,0.336734693877551,0.10204081632653061,0.29591836734693877,3.0,0.0,0.0,cty hvs tuy< >n dung xuly d< >n h< >ng l< >z< >z< > l< >m t< > nh< > thu nh< >p < >k < >tr ng< >y tu< > < > < > link < > < >
Cty HVS tuy3n nh4n v13n l4m v13c t4i nh4. Thu nh4p 500k-1tr/ng4y. Tu01 22-65. Kh0ng c4n k1nh ngh13m. Zalo: zalo.me/84922334466 Zalo: 84922334466,Tuyển dụng giả,LEVEL 2 – Leet nặng + tên riêng,1,1,personal_number,0.3902439024390244,0.08943089430894309,0.3252032520325203,3.0,0.0,0.0,cty hvs tuy< >n nh< >n v< >n l< >m v< >c t< >i nh< > thu nh< >p < >k < >tr ng< >y tu< > < > < > kh< >ng c< >n k< >nh ngh< >m zalo < > < > zalo < >
"Cty HVS tuy3n dung xuly d0n h4ng L4z4d4. L4m t41 nh4, thu nh4p 500k-2tr/ng4y. Tu01 23-60. L1nk d4ng ky: zalo.me/84888889999",Tuyển dụng giả,LEVEL 2 – Leet nặng + tên riêng,1,1,personal_number,0.33653846153846156,0.09615384615384616,0.3269230769230769,3.0,0.0,0.0,cty hvs tuy< >n dung xuly d< >n h< >ng l< >z< >d< > l< >m t< > nh< > thu nh< >p < >k < >tr ng< >y tu< > < > < > l< >nk d< >ng ky < > < >
T1k1 tuy3n nv z4t h4ng n4ng th-u h4ng cu4 h4ng. Thu nh4p 1tr/ng4y. Tu01 22-60. Z4l0: 84929445566,Tuyển dụng giả,LEVEL 2 – Leet nặng + tên riêng,0,1,personal_number,0.3875,0.0875,0.3375,2.0,0.0,0.0,t< >k< > tuy< >n nv z< >t h< >ng n< >ng th u h< >ng cu< > h< >ng thu nh< >p < >tr ng< >y tu< > < > < > z< >l< > < >
3B4y tuy3n nh4n v13n xu ly d0n h4ng TMDT. Thu nh4p 1tr-3tr/ng4y. Th4o t4c d0n gi4n tr3n d13n tho4i. Zalo: zalo.me/84933445566 Zalo: 84933445566,Tuyển dụng giả,LEVEL 2 – Leet nặng + tên riêng,1,1,personal_number,0.34710743801652894,0.0743801652892562,0.33884297520661155,2.0,0.0,0.0,< >b< >y tuy< >n nh< >n v< >n xu ly d< >n h< >ng tmdt thu nh< >p < >tr < >tr ng< >y th< >o t< >c d< >n gi< >n tr< >n d< >n tho< >i zalo < > < > zalo < >
Sh0p33 tuy3n nh4n v13n x-u-l-y d0n + d4nh g14. Lu0ng 500k-1tr/ng4y. Tu01 23-65. D4ng ky: zalo.me/84633445566,Tuyển dụng giả,LEVEL 2 – Leet nặng + tên riêng,1,1,personal_number,0.3763440860215054,0.13978494623655913,0.34408602150537637,4.0,0.0,0.0,sh< >p< > tuy< >n nh< >n v< >n x u l y d< >n d< >nh g< > lu< >ng < >k < >tr ng< >y tu< > < > < > d< >ng ky < > < >
"T1k1 c.an t.uy3n s.0 l.u0ng l.0n nh4n v13n z4t h4ng n4ng th.u h4ng. Th.u nh4p 800.000z/ng4y, l.u0ng v3 tr0ng ng4y. Tu01 23-65. Z4l0: 84901234505",Tuyển dụng giả,LEVEL 2 – Leet nặng + tên riêng,0,1,personal_number,0.36363636363636365,0.1322314049586777,0.36363636363636365,10.0,0.0,0.0,t< >k< > c an t uy< >n s < > l u< >ng l < >n nh< >n v< >n z< >t h< >ng n< >ng th u h< >ng th u nh< >p < > < >z ng< >y l u< >ng v< > tr< >ng ng< >y tu< > < > < > z< >l< > < >
"T1k1 tuy3n nv n4ng th-u h4ng. K13m 800k/ng4y z3 z4ng, l-u-0-n-g tr4 tr0ng ng4y. Tu01 22-60. Z4l0: 84999001122",Tuyển dụng giả,LEVEL 2 – Leet nặng + tên riêng,0,1,personal_number,0.391304347826087,0.13043478260869565,0.3695652173913043,3.0,0.0,0.0,t< >k< > tuy< >n nv n< >ng th u h< >ng k< >m < >k ng< >y z< > z< >ng l u < > n g tr< > tr< >ng ng< >y tu< > < > < > z< >l< > < >
"Sh0p33 tuy3n g4p nv xu ly z0n h4ng v4 z4nh g14 f4n m3m t41 nh4. Thu nh4p 350-999k/ng4y. Kh0ng c4n k1nh ngh13m, tu01 22-60. Z4l0: zalo.me/84888777666",Tuyển dụng giả,LEVEL 2 – Leet nặng + tên riêng,1,1,personal_number,0.3902439024390244,0.08130081300813008,0.37398373983739835,3.0,0.0,0.0,sh< >p< > tuy< >n g< >p nv xu ly z< >n h< >ng v< > z< >nh g< > f< >n m< >m t< > nh< > thu nh< >p < > < >k ng< >y kh< >ng c< >n k< >nh ngh< >m tu< > < > < > z< >l< > < > < >
"Cty HVS tuy3n nh4n v13n b4n t-h-01 g14n. Lu0ng 500k-1tr/ng4y, l4m t41 nh4 kh0ng f-h-u t-h-u0c. Tu01 22-65. Z4l0: zalo.me/84578901234 Z4l0: 84578901234",Tuyển dụng giả,LEVEL 2 – Leet nặng + tên riêng,1,1,personal_number,0.4108527131782946,0.13178294573643412,0.3953488372093023,6.0,0.0,0.0,cty hvs tuy< >n nh< >n v< >n b< >n t h < > g< >n lu< >ng < >k < >tr ng< >y l< >m t< > nh< > kh< >ng f h u t h u< >c tu< > < > < > z< >l< > < > < > z< >l< > < >
"T1kt0k d4ng tuy3n nh4n v13n xu ly d0n h4ng. Nh4n t13n s4u 15 phut, thu nh4p 350-999k/ng4y. Tu01 22-60. L4m t41 nh4. Z4l0: zalo.me/84982374615 Z4l0: 84982374615",Tuyển dụng giả,LEVEL 2 – Leet nặng + tên riêng,1,1,personal_number,0.44029850746268656,0.08955223880597014,0.41044776119402987,3.0,0.0,0.0,t< >kt< >k d< >ng tuy< >n nh< >n v< >n xu ly d< >n h< >ng nh< >n t< >n s< >u < > phut thu nh< >p < > < >k ng< >y tu< > < > < > l< >m t< > nh< > z< >l< > < > < > z< >l< > < >
"Am4z0n tuy3n nv TMzT. Th40 t4c z0n g14n, l4m v13c t41 nh4. L-u-0-n-g 500k-3tr/ng4y. Tu01 22-65. Z4l0: zalo.me/84955667788 Z4l0: 84955667788",Tuyển dụng giả,LEVEL 2 – Leet nặng + tên riêng,1,1,personal_number,0.44166666666666665,0.13333333333333333,0.43333333333333335,4.0,0.0,0.0,am< >z< >n tuy< >n nv tmzt th< > t< >c z< >n g< >n l< >m v< >c t< > nh< > l u < > n g < >k < >tr ng< >y tu< > < > < > z< >l< > < > < > z< >l< > < >
EMIME Company tuy3n nv b4n th01 g14n. Thu nh4p 350–999k/ng4y. Tu01 23-65. L4m t41 nh4. L13n h3 Z4l0: zalo.me/84978901234 Z4l0: 84978901234,Tuyển dụng giả,LEVEL 2 – Leet nặng + tên riêng,1,1,personal_number,0.4491525423728814,0.09322033898305085,0.4406779661016949,2.0,0.0,0.0,emime company tuy< >n nv b< >n th< > g< >n thu nh< >p < > < >k ng< >y tu< > < > < > l< >m t< > nh< > l< >n h< > z< >l< > < > < > z< >l< > < >
"Am4z0n c4n tuy3n nh4n v13n xu ly z0n z4t h4ng TMDT. Lu0ng 500k~3000k/ng4y, th40 t4c z0n g14n. Tu01 23-65. L13n h3 Z4l0: zalo.me/84512345678 Z4l0: 84512345678",Tuyển dụng giả,LEVEL 2 – Leet nặng + tên riêng,1,1,personal_number,0.45112781954887216,0.08270676691729323,0.45864661654135336,2.0,0.0,0.0,am< >z< >n c< >n tuy< >n nh< >n v< >n xu ly z< >n z< >t h< >ng tmdt lu< >ng < >k < >k ng< >y th< > t< >c z< >n g< >n tu< > < > < > l< >n h< > z< >l< > < > < > z< >l< > < >
3M1M3 C0mp4ny tuy3n nv b4n th01 g14n. Thu nh4p 800.000z/ng4y. Tu01 22-60. L13n h3 Z4l0: zalo.me/84911223344 Z4l0: 84911223344,Tuyển dụng giả,LEVEL 2 – Leet nặng + tên riêng,1,1,personal_number,0.5,0.09259259259259259,0.4722222222222222,3.0,0.0,0.0,< >m< >m< > c< >mp< >ny tuy< >n nv b< >n th< > g< >n thu nh< >p < > < >z ng< >y tu< > < > < > l< >n h< > z< >l< > < > < > z< >l< > < >
[CANH CAO LAN CUOI]: O/B dang bi nghi ngo lam dung tin nhiem chiem doat tai san. Phong AN NINH DIEU TRA yeu cau O/B phai thanh toan khoan no con thieu trong vong 24H de tranh bi khoi to hinh su.,Đòi nợ / Đe dọa,LEVEL 2 – Leet nặng + tên riêng,0,0,personal_number,0.013071895424836602,0.0457516339869281,0.006535947712418301,0.0,0.0,0.0,canh cao lan cuoi o b dang bi nghi ngo lam dung tin nhiem chiem doat tai san phong an ninh dieu tra yeu cau o b phai thanh toan khoan no con thieu trong vong < >h de tranh bi khoi to hinh su
"[CANH CAO LAN CUOI]: Can bo PC02 yeu cau O/B phai thanh toan khoan no 48,554,336VND trong vong 24H. Neu tiep tuc bat hop tac, chung toi se ra lenh bat tam giam de dieu tra hanh vi lua dao.",Đòi nợ / Đe dọa,LEVEL 2 – Leet nặng + tên riêng,0,0,personal_number,0.08053691275167785,0.06040268456375839,0.06040268456375839,0.0,0.0,0.0,canh cao lan cuoi can bo pc< > yeu cau o b phai thanh toan khoan no < > < > < >vnd trong vong < >h neu tiep tuc bat hop tac chung toi se ra lenh bat tam giam de dieu tra hanh vi lua dao
"TB KHAN: Trung Tam Thu Hoi No thong bao Truong My Hanh CMND: 194827356. No Mirae Asset 14,293,500VND. Thanh toan truoc 17g hom nay neu khong muon bi boi xau danh du va hinh anh tren cac trang mang xa hoi.",Đòi nợ / Đe dọa,LEVEL 2 – Leet nặng + tên riêng,0,0,personal_number,0.11585365853658537,0.042682926829268296,0.0975609756097561,0.0,0.0,1.0,tb khan trung tam thu hoi no thong bao truong my hanh cmnd < > no mirae asset < > < > < >vnd thanh toan truoc < >g hom nay neu khong muon bi boi xau danh du va hinh anh tren cac trang mang xa hoi
TB KHAN: Ph0ng AN N1NH D13U TR4 d4 l4p h0 s0 kh01 t0 O/B v1 t01 l4m dung t1n nh13m. Han chot thanh toan trong vong 24H. Sau thoi gian nay chung toi se thuc hien lenh kham xet va bat giu de phuc vu dieu tra. LH: 84988334455.,Đòi nợ / Đe dọa,LEVEL 2 – Leet nặng + tên riêng,0,1,personal_number,0.18285714285714286,0.04,0.17714285714285713,0.0,0.0,0.0,tb khan ph< >ng an n< >nh d< >u tr< > d< > l< >p h< > s< > kh< > t< > o b v< > t< > l< >m dung t< >n nh< >m han chot thanh toan trong vong < >h sau thoi gian nay chung toi se thuc hien lenh kham xet va bat giu de phuc vu dieu tra lh < >
TB KHAN: Ph0ng AN N1NH D13U TR4 canh b4o O/B v3 v13c bat h0p t4c tr3n h3 th0ng du l13u qu0c g14. Y3u cu thanh toan cac khoan no truoc 17g hom nay de tranh bi khoi to hinh su. LH: 84966554433.,Đòi nợ / Đe dọa,LEVEL 2 – Leet nặng + tên riêng,0,1,personal_number,0.22,0.04,0.20666666666666667,0.0,0.0,0.0,tb khan ph< >ng an n< >nh d< >u tr< > canh b< >o o b v< > v< >c bat h< >p t< >c tr< >n h< > th< >ng du l< >u qu< >c g< > y< >u cu thanh toan cac khoan no truoc < >g hom nay de tranh bi khoi to hinh su lh < >
"CANH BAO LAN CUOI!!! Ph0ng AN N1NH D13U TR4 th0ng b4o d3n 0ng/B4 v3 v13c b4t h0p t4c. Tru0c 17g h0m n4y, n3u kh0ng kh4c phuc, chung t01 s3 ph0ng t04 t41 kh04n ng4n h4ng v4 d13u tr4 th0ng t1n h1nh 4nh.",Đòi nợ / Đe dọa,LEVEL 2 – Leet nặng + tên riêng,0,0,personal_number,0.27672955974842767,0.050314465408805034,0.29559748427672955,0.0,0.0,0.0,canh bao lan cuoi ph< >ng an n< >nh d< >u tr< > th< >ng b< >o d< >n < >ng b< > v< > v< >c b< >t h< >p t< >c tru< >c < >g h< >m n< >y n< >u kh< >ng kh< >c phuc chung t< > s< > ph< >ng t< > t< > kh< >n ng< >n h< >ng v< > d< >u tr< > th< >ng t< >n h< >nh < >nh
"[CANH CAO LAN CUOI]: Ch1 Ph4n M41 Phu0ng (CMND: 001082736) n0 Trung t4m Thu h01 N0 9,345,000VND. Th4nh tu4n tru0c 17g h0m n4y. PC02 s3 truy ph0ng v4 xu ly h1nh su. LH: 0900112233.",Đòi nợ / Đe dọa,LEVEL 2 – Leet nặng + tên riêng,0,1,personal_number,0.3356164383561644,0.08904109589041095,0.3013698630136986,0.0,0.0,0.0,canh cao lan cuoi ch< > ph< >n m< > phu< >ng cmnd < > n< > trung t< >m thu h< > n< > < > < > < >vnd th< >nh tu< >n tru< >c < >g h< >m n< >y pc< > s< > truy ph< >ng v< > xu ly h< >nh su lh < >
TB KHAN: Ch1 Ph4n M1nh Anh CMND 026493821 n0 HD S41s0n 8.285.000VND. Trong 24H nu4 kh0ng thanh t04n s3 b1 gh1 n0 x4u C-I-C h4ng 5 v4 kh0ng th3 v4y v0n b4t ky d4u. LH: 0944112233.,Đòi nợ / Đe dọa,LEVEL 2 – Leet nặng + tên riêng,0,1,personal_number,0.3706293706293706,0.06293706293706294,0.32167832167832167,2.0,0.0,1.0,tb khan ch< > ph< >n m< >nh anh cmnd < > n< > hd s< >s< >n < > < > < >vnd trong < >h nu< > kh< >ng thanh t< >n s< > b< > gh< > n< > x< >u c i c h< >ng < > v< > kh< >ng th< > v< >y v< >n b< >t ky d< >u lh < >
"[CANH CAO LAN CUOI]: Trung t4m Thu h01 N0 y3u c4u 0ng Ph4m M1nh Tu CCCD: 031.092.837.465 th4nh t04n 27,556,000VND tru0c 17g h0m n4y. N3u kh0ng thuc h13n, chung t01 s3 gh1 n0 x4u C1C v4 th0ng b4o d3n t0 d4n ph0. LH: 070-987-6543.",Đòi nợ / Đe dọa,LEVEL 2 – Leet nặng + tên riêng,0,1,personal_number,0.35135135135135137,0.08648648648648649,0.32432432432432434,2.0,0.0,0.0,canh cao lan cuoi trung t< >m thu h< > n< > y< >u c< >u < >ng ph< >m m< >nh tu cccd < > < > < > < > th< >nh t< >n < > < > < >vnd tru< >c < >g h< >m n< >y n< >u kh< >ng thuc h< >n chung t< > s< > gh< > n< > x< >u c< >c v< > th< >ng b< >o d< >n t< > d< >n ph< > lh < > < > < >
"[CANH CAO LAN CUOI]: Trung t4m Thu h01 N0 th0ng b4o B4 M41 Ph3 CMND: 281.746.539 n0 48,721,500VND. Y3u c4u th4nh t04n tru0c 16H Ng4y 05/06. B4t h0p t4c s3 b1 C0ng Kh41 H1NH ANH v4 TH0NG T1N l3n m4ng. LH: 093-344-5566.",Đòi nợ / Đe dọa,LEVEL 2 – Leet nặng + tên riêng,0,1,personal_number,0.3693181818181818,0.09090909090909091,0.32954545454545453,2.0,0.0,1.0,canh cao lan cuoi trung t< >m thu h< > n< > th< >ng b< >o b< > m< > ph< > cmnd < > < > < > n< > < > < > < >vnd y< >u c< >u th< >nh t< >n tru< >c < >h ng< >y < > < > b< >t h< >p t< >c s< > b< > c< >ng kh< > h< >nh anh v< > th< >ng t< >n l< >n m< >ng lh < > < > < >
"CANH BAO LAN CUOI!!! PC02 th0ng b4o B4 Ngu-y3n Thu H4 CCCD: 046.092.837.415 ph41 th4nh t04n 7,289,000VND ch0 H0m3 Cr3d1t tru0c 17g h0m n4y. B4t h0p t4c s3 b1 C0ng Kh41 H1NH ANH v4 TH0NG T1N l3n m4ng. LH: 096-677-8899.",Đòi nợ / Đe dọa,LEVEL 2 – Leet nặng + tên riêng,0,1,personal_number,0.3651685393258427,0.0898876404494382,0.34831460674157305,3.0,0.0,1.0,canh bao lan cuoi pc< > th< >ng b< >o b< > ngu y< >n thu h< > cccd < > < > < > < > ph< > th< >nh t< >n < > < > < >vnd ch< > h< >m< > cr< >d< >t tru< >c < >g h< >m n< >y b< >t h< >p t< >c s< > b< > c< >ng kh< > h< >nh anh v< > th< >ng t< >n l< >n m< >ng lh < > < > < >
"CANH BAO LAN CUOI!!! B4 Ly Thu H4 (CMND: 272091837) n0 M1r43 Ass3t 35,467,000VND. Th4nh tu4n ng4y tru0c 16H Ng4y 22/07 d3 tr4nh b1 qu4y r01 d4nh b4 ngu01 th4n. LH: 0911223344.",Đòi nợ / Đe dọa,LEVEL 2 – Leet nặng + tên riêng,0,1,personal_number,0.3888888888888889,0.09027777777777778,0.3541666666666667,0.0,0.0,0.0,canh bao lan cuoi b< > ly thu h< > cmnd < > n< > m< >r< > ass< >t < > < > < >vnd th< >nh tu< >n ng< >y tru< >c < >h ng< >y < > < > d< > tr< >nh b< > qu< >y r< > d< >nh b< > ngu< > th< >n lh < >
"TB KHAN: B4 Vu Thuy Vy CCCD: 079.095.847.361 n0 HD S41s0n 16,847,000VND. H4n cu01 tru0c 16H Ng4y 02/06. N3u kh0ng th4nh t04n s3 b1 n13m ph0ng t41 s4n v4 th0ng b4o v3 d14 phu0ng. LH ZAL0: 090-011-2233.",Đòi nợ / Đe dọa,LEVEL 2 – Leet nặng + tên riêng,0,1,personal_number,0.40853658536585363,0.09146341463414634,0.3719512195121951,2.0,0.0,0.0,tb khan b< > vu thuy vy cccd < > < > < > < > n< > hd s< >s< >n < > < > < >vnd h< >n cu< > tru< >c < >h ng< >y < > < > n< >u kh< >ng th< >nh t< >n s< > b< > n< >m ph< >ng t< > s< >n v< > th< >ng b< >o v< > d< > phu< >ng lh zal< > < > < > < >
TB KH4N: PC02 th0ng b40 0ng/B4 d4ng b1 d13u tr4 t04n b0 th0ng t1n d0 b4t h0p t4c. Y3u c4u co m4t t41 c0 qu4n tr0ng v0ng 24H h04c l13n h3 qu4 s0 84933554433 d3 du0c hu0ng khu4n h0ng.,Đòi nợ / Đe dọa,LEVEL 2 – Leet nặng + tên riêng,0,1,personal_number,0.3916083916083916,0.027972027972027972,0.3776223776223776,0.0,0.0,1.0,tb kh< >n pc< > th< >ng b< > < >ng b< > d< >ng b< > d< >u tr< > t< >n b< > th< >ng t< >n d< > b< >t h< >p t< >c y< >u c< >u co m< >t t< > c< > qu< >n tr< >ng v< >ng < >h h< >c l< >n h< > qu< > s< > < > d< > du< >c hu< >ng khu< >n h< >ng
"C4NH B40 L4N CU01!!! 0ng Tr1nh Dinh Qu4ng CMND: 040093847512 n0 HD S41s0n 12,554,100VND. Y3u c4u th4nh tu4n tru0c 16H Ng4y 18/07. N3u kh0ng s3 n13m y3t th0ng t1n n0 x4u t41 khu ph0. LH Z4l0: 0344112233.",Đòi nợ / Đe dọa,LEVEL 2 – Leet nặng + tên riêng,0,1,personal_number,0.42168674698795183,0.07228915662650602,0.41566265060240964,0.0,0.0,0.0,c< >nh b< > l< >n cu< > < >ng tr< >nh dinh qu< >ng cmnd < > n< > hd s< >s< >n < > < > < >vnd y< >u c< >u th< >nh tu< >n tru< >c < >h ng< >y < > < > n< >u kh< >ng s< > n< >m y< >t th< >ng t< >n n< > x< >u t< > khu ph< > lh z< >l< > < >
