row_index,level,category,boundary_flag,leet_token_count,leet_token_ratio,sensitive_token_count,leet_sensitive_token_count,sensitive_leet_coverage,nonsensitive_leet_token_count,nonsensitive_leet_ratio,separator_token_count,mid_upper_count,symbol_ratio,content
3305,LEVEL 1 – Leet nhẹ (thay 1-2 ký tự),BHXH / Trợ cấp,,4,0.18181818181818182,5,2,0.4,2,0.09090909090909091,0,0,0.05813953488372093,Hoan thue TNCN: Ban da du dieu k1en nh4n t1en hoan thue. Bam vao www.mnbvc.icu. QUA HAN SE KHONG DUOC CHAP NHAN! vF5s
3329,LEVEL 1 – Leet nhẹ (thay 1-2 ký tự),BHXH / Trợ cấp,,4,0.18181818181818182,5,2,0.4,2,0.09090909090909091,0,0,0.05813953488372093,Hoan thue TNCN: Ban da du dieu k1en nh4n t1en hoan thue. Bam vao www.olpki.icu. QUA HAN SE KHONG DUOC CHAP NHAN! rE3w
3313,LEVEL 1 – Leet nhẹ (thay 1-2 ký tự),BHXH / Trợ cấp,,4,0.16,5,2,0.4,2,0.08,0,0,0.07777777777777778,BHXH VN: ong (BA) da du dieu k1en nh4n t1en ho tro tu quy BHTN. Bam vao www.poiuy.icu. QUA HAN SE KHONG DUOC CHAP NHAN! kI9o
3081,LEVEL 1 – Leet nhẹ (thay 1-2 ký tự),BHXH / Trợ cấp,,3,0.125,5,2,0.4,1,0.041666666666666664,0,0,0.07954545454545454,BHXH: ong (Ba) da du dieu kien NH4N T1EN ho tro tu quy BHTN. Bam vao www.okmiu.icu. QUA HAN SE KHONG DUOC CHAP NHAN! lJ1k
4541,LEVEL 1 – Leet nhẹ (thay 1-2 ký tự),BHXH / Trợ cấp,,3,0.1111111111111111,4,1,0.25,2,0.07407407407407407,1,0,0.08333333333333333,BHXH V1et N4m: ong (BA) da du dieu kien NHAN T1EN ho tro tu quy BH-TN. Bam vao www.awqsz.icu. QUA HAN SE KHONG DUOC CHAP NHAN! fT6g
4535,LEVEL 1 – Leet nhẹ (thay 1-2 ký tự),BHXH / Trợ cấp,,2,0.08,4,1,0.25,1,0.04,2,0,0.11702127659574468,[T.B] BHXH: ong (BA) da du dieu kien NHAN T1EN ho tro tu quy BH-TN. Bam vao www.mjnhy.icu. QUA HAN SE KHONG DUOC CHAP NHAN! bN5m
1682,LEVEL 1 – Leet nhẹ (thay 1-2 ký tự),BHXH / Trợ cấp,,2,0.07142857142857142,6,1,0.16666666666666666,1,0.03571428571428571,0,0,0.0784313725490196,BHXH Viet Nam: Ong (Ba) da du dieu kien NHAN T1EN ho tro tu quy BHTN. Bam vao www.vpxnq.icu de nhan. QUA HAN SE KHONG DUOC CHAP NHAN! kL8m
4975,LEVEL 1 – Leet nhẹ (thay 1-2 ký tự),BHXH / Trợ cấp,,1,0.037037037037037035,6,1,0.16666666666666666,0,0.0,0,0,0.09,BHXH Viet Nam: Ong (Ba) da du dieu kien NHAN T1EN ho tro tu quy BHTN. Nhan tai: mo.bhxhn.com. QUA HAN SE KHONG DUOC CHAP NHAN. zS2x
3045,LEVEL 1 – Leet nhẹ (thay 1-2 ký tự),BHXH / Trợ cấp,,0,0.0,5,0,0.0,0,0.0,0,0,0.07777777777777778,Hoan thue TNCN: Ong (Ba) da du dieu kien nhan tien hoan thue. Bam vao www.plmko.icu. QUA HAN SE KHONG DUOC CHAP NHAN. jH2g
4044,LEVEL 1 – Leet nhẹ (thay 1-2 ký tự),Dịch vụ công giả,,6,0.3333333333333333,4,2,0.5,4,0.2222222222222222,0,0,0.07692307692307693,Bo C0ng 4n: X4c thuc tai khoan dinh danh bi l01. Vu1 l0ng bam vao https://vneid-vca.cc de dong Bo.
3647,LEVEL 1 – Leet nhẹ (thay 1-2 ký tự),Dịch vụ công giả,,2,0.16666666666666666,0,0,0.0,2,0.16666666666666666,0,0,0.11363636363636363,Bo Y TE: HO so so sực kh03 chwa chw4n hoa. Bam vao: byt-gov.top
1362,LEVEL 1 – Leet nhẹ (thay 1-2 ký tự),Dịch vụ công giả,,3,0.14285714285714285,1,1,1.0,2,0.09523809523809523,0,0,0.07692307692307693,[CANH SAT GIAO THONG] Ho so vi ph4m g1ao thong cua ban dang duoc xu ly. Truy cap phatnguoi.xyz de n0p phat.
4426,LEVEL 1 – Leet nhẹ (thay 1-2 ký tự),Giả mạo ngân hàng,,6,0.2857142857142857,4,2,0.5,4,0.19047619047619047,0,0,0.08139534883720931,[VIETCOMBANK] Canh bao: Tai kh04n cua ban se bi t4m kho4 vao 12h. Vui l0ng vao vietcombank.vn-ks.top de xac thuc danh t1nh.
3115,LEVEL 1 – Leet nhẹ (thay 1-2 ký tự),Giả mạo ngân hàng,,6,0.2727272727272727,8,4,0.5,2,0.09090909090909091,0,0,0.08641975308641975,[MB BANK] Canh b40: Tai kh04n cua ban da bi dang nh4p tai h4 n0i. Vao ngay https://mbbank.cc de t4m khoa tai khoan.
4119,LEVEL 1 – Leet nhẹ (thay 1-2 ký tự),Tuyển dụng giả,,5,0.3333333333333333,4,2,0.5,3,0.2,4,0,0.13829787234042554,3B4y can tuyen nh4n vien x-u-l-y don hang. Thu nh4p 500k-3000k/ngay. Tuoi 22-60. Zalo: zalo.me/84766778899 Zalo: 84766778899
577,LEVEL 1 – Leet nhẹ (thay 1-2 ký tự),Tuyển dụng giả,,4,0.26666666666666666,3,2,0.6666666666666666,2,0.13333333333333333,5,1,0.15625,eBay can tuyen nh4n vien x-u-l-y d-o-n hang TMDT. Thu nh4p 1tr-3tr/ngay. Tuoi 23-60. Zalo: zalo.me/84390123456 SĐT: 84390123456
3985,LEVEL 1 – Leet nhẹ (thay 1-2 ký tự),Tuyển dụng giả,,5,0.2631578947368421,5,2,0.4,3,0.15789473684210525,1,0,0.08163265306122448,"Tiki tuyen nh4n vien d4t hang n4ng c40 thu hang cua hang. Thu nh4p 800.000d/ng4y, nhan tien ngay. Tuoi 23-60. Zalo: 84905000005"
3775,LEVEL 1 – Leet nhẹ (thay 1-2 ký tự),Tuyển dụng giả,,4,0.23529411764705882,1,1,1.0,3,0.17647058823529413,1,0,0.10666666666666667,Shopee tuyen nv xu ly don hang v4 danh gia san ph4m. Thu nh4p 500k-1.5tr/ng4y. Tuoi 22-60. z4ng ky: zalo.me/84944556677
2379,LEVEL 1 – Leet nhẹ (thay 1-2 ký tự),Tuyển dụng giả,,4,0.2222222222222222,6,2,0.3333333333333333,2,0.1111111111111111,3,0,0.11818181818181818,T1kt0k dang tuyen nh4n vien x-u-l-y don hang. Thu nh4p 800.000d/ng4y. Nhan tien s4u 15 phut. Tuoi 22-65. Lien he Zalo: zalo.me/84912345678 Zalo: 84912345678
776,LEVEL 2 – Leet nặng + tên riêng,BHXH / Trợ cấp,,7,0.3181818181818182,4,2,0.5,5,0.22727272727272727,1,0,0.1111111111111111,BHXH_VN: Ong (Ba) da du z!3u k!3n nh4n t13n th30 wuy3t dinh. Bam vao www.rdxcy.icu. QUA HAN SE KHONG DUOC CHAP NHAN! gH1j
70,LEVEL 2 – Leet nặng + tên riêng,BHXH / Trợ cấp,,6,0.2608695652173913,5,2,0.4,4,0.17391304347826086,0,0,0.07954545454545454,Quyet dinh BHXH: Ban da du d!eu k1en nh4n t1en h0 tro. Nhan tai mo.edcrf.com. QUA HAN SE KHONG DUOC CHAP NHAN! lI3u
365,LEVEL 2 – Leet nặng + tên riêng,Crypto / Đầu tư giả,,13,0.7222222222222222,0,0,0.0,13,0.7222222222222222,1,0,0.08860759493670886,"Ch40 ban, m1nh la L4n. G140 v13n h0 tr0 kiem 500k/ngay tu v13c l4m n h13m v u. Th3m T3l3gr4m: t.me/lan_kiem_tien_nhanh"
4836,LEVEL 2 – Leet nặng + tên riêng,Crypto / Đầu tư giả,,14,0.6086956521739131,3,3,1.0,11,0.4782608695652174,0,0,0.056818181818181816,"Ch4o ban, m1nh la Phuong. M1nh dang tuy3n c0ng t4c v13n cho s4n XYZ. D4u tu thong m1nh lai c4o. Nh4n t1n m1nh."
4453,LEVEL 2 – Leet nặng + tên riêng,Crypto / Đầu tư giả,,12,0.5714285714285714,3,2,0.6666666666666666,10,0.47619047619047616,1,0,0.07058823529411765,"Ch4o ban, m1nh la Tu3. C0ng v13c th4 t1m v1d30 T1kT0k kiem 150k moi ngay. Khong can v0n, nhan t13n n-gay."
2787,LEVEL 2 – Leet nặng + tên riêng,Crypto / Đầu tư giả,,5,0.38461538461538464,0,0,0.0,5,0.38461538461538464,2,0,0.10344827586206896,G140 v13n tai ch1nh se h-d ban kiem 5OOk-2tr/ngay. Vao ngay nh0m t.me/kiem_tien_ben_vung.
2809,LEVEL 2 – Leet nặng + tên riêng,Crypto / Đầu tư giả,,4,0.2222222222222222,5,3,0.6,1,0.05555555555555555,2,0,0.09722222222222222,N4p^t13n^vao^STK: 0351000123456 - NH VCB - CTY CP TM DV HOANG PHAT de d4u tu s4n XYZ nhe.
1109,LEVEL 2 – Leet nặng + tên riêng,Cờ bạc / Betting,,10,0.625,5,3,0.6,7,0.4375,0,0,0.1,"789B3t n4p 100k nh4n 300k. 1 v0ng cu0c rut MAXX 20tr. No Hu, Ban C4. Click: t.ly/uI82m xR51p"
2250,LEVEL 2 – Leet nặng + tên riêng,Cờ bạc / Betting,,5,0.35714285714285715,3,1,0.3333333333333333,4,0.2857142857142857,1,0,0.1076923076923077,"Kim Long Casino uy t1n, rut t1en MAXX khong l1m1t. CSKH 24/7 h0 tr0. Link: ghj99.com"
1922,LEVEL 2 – Leet nặng + tên riêng,Dịch vụ công giả,,10,0.5,0,0,0.0,10,0.5,0,0,0.06944444444444445,Bộ GTVT: Ban co l01 v1 ph4m j140 thong m31 nzh4t. V71 l0ng truy cap phatnguoi-gtvt.xyz de kiem tra h0 s0.
515,LEVEL 2 – Leet nặng + tên riêng,Dịch vụ công giả,,20,0.47619047619047616,2,2,1.0,18,0.42857142857142855,1,0,0.048484848484848485,CANH BAO LAN CUOI!!! 0/B phai ch1u tr4ch nh13m h1nh su v3 h4nh v1 l4m dung t1n nh13m. Ph0ng AN NINH DIEU TRA se cu t0 c0ng t4c v3 tai d14 phu0ng d13u tra n3u khong lien he truoc 17g hom nay. LH: 842839123456.
1939,LEVEL 2 – Leet nặng + tên riêng,Dịch vụ công giả,,6,0.3157894736842105,6,3,0.5,3,0.15789473684210525,0,0,0.07317073170731707,Tổng cục Thuế: Ban da du d13u k13n HOAN THUE 2024. Bam vao hoanthue.gov.top de d3ng ky nh4n t13n nzh4y.
2947,LEVEL 2 – Leet nặng + tên riêng,Giả mạo ngân hàng,,6,0.4,2,1,0.5,5,0.3333333333333333,0,0,0.07936507936507936,SHB DIGIBANK: Q0y khach co d13m thu0ng se h3t han. Vao shbdigibank.vn-gh.top de d01 truoc 23h.
1403,LEVEL 2 – Leet nặng + tên riêng,Giả mạo ngân hàng,,7,0.35,3,1,0.3333333333333333,6,0.3,0,0,0.08860759493670886,[MB BANK] thong b4o: ph4t h13n truy cap la vao luc 2h s4ng. VAO mbbank-online.vip de huy l3nh chuy3n t13n ngay.
575,LEVEL 2 – Leet nặng + tên riêng,Tuyển dụng giả,,13,0.7222222222222222,1,1,1.0,12,0.6666666666666666,2,0,0.10975609756097561,L4z4z4 dang tuy3n nh4n v13n xu ly z0n + z4nh g14 s4n f4m. Tu01 22-65. Thu nh4f 800k/ngay. Z4l0: zalo.me/84378901234
1332,LEVEL 2 – Leet nặng + tên riêng,Tuyển dụng giả,,13,0.5909090909090909,1,0,0.0,13,0.5909090909090909,1,0,0.09574468085106383,Sh0p33 tuy3n nv xu ly z0n hang v4 z4nh g14 s4n f4m. Thu nhap 800.000z/ng4y. Tu01 22-60. K0 can k1nh ngh13m. Lien he Z4l0: zalo.me/84901234511
2627,LEVEL 2 – Leet nặng + tên riêng,Đòi nợ / Đe dọa,,22,0.6470588235294118,3,2,0.6666666666666666,20,0.5882352941176471,0,0,0.044585987261146494,"TB KHAN: Mcr3d1t thong b4o b4 Hu4 V1 V4n CMND 152093847 chu4 dong 14,328,950VND. Yeu cau th4nh t04n trong 24H de tranh Bo ph4n h13n tru0ng t01 t4n nh4 l4m v13c v01 ch1nh quy3n. LH: 0938472615."
1749,LEVEL 2 – Leet nặng + tên riêng,Đòi nợ / Đe dọa,,20,0.5882352941176471,3,2,0.6666666666666666,18,0.5294117647058824,2,0,0.08695652173913043,"CANH BAO LAN CUOI!!! B4 Ng0 Th1 D13p CMND: 215.436.782 phai th4nh t04n 10,234,000VND ch0 Mcr3d1t truoc 17g hom nay. N3u khong h0p t4c chung t01 se kho1 t0 t01 l4m dung t1n nh13m. LH: 095-566-7788."
1065,LEVEL 1 – Leet nhẹ (thay 1-2 ký tự),Cờ bạc / Betting,level1_too_heavy,6,0.46153846153846156,4,2,0.5,4,0.3076923076923077,0,1,0.12962962962962962,"8D4Y N4p 500k nh4n 1tr, rut MAXX 100tr. NO Hu, BCR. DK: t.ly/tU123 pOiUy"
1117,LEVEL 1 – Leet nhẹ (thay 1-2 ký tự),Cờ bạc / Betting,level1_too_heavy,7,0.4375,4,2,0.5,5,0.3125,0,0,0.10606060606060606,"789B3t chao xuan n4p 200k nh4n 600k. Rut MAXX 50tr. No Hu, Ban CA. DK: t.ly/pL22z qA91s"
3631,LEVEL 1 – Leet nhẹ (thay 1-2 ký tự),Dịch vụ công giả,level1_too_heavy,7,0.5833333333333334,2,2,1.0,5,0.4166666666666667,0,0,0.058823529411764705,Bo C0ng 4n: L3nh t4m g1am da duoc f3 duy3t. Lien he: 0912233445
3645,LEVEL 1 – Leet nhẹ (thay 1-2 ký tự),Dịch vụ công giả,level1_too_heavy,7,0.5833333333333334,1,1,1.0,6,0.5,0,0,0.04,Bo C0ng 4n: L3nh b4t g14m da duoc f3 zuy3t. Lien he 0777445566
3651,LEVEL 1 – Leet nhẹ (thay 1-2 ký tự),Dịch vụ công giả,level1_too_heavy,6,0.5,1,1,1.0,5,0.4166666666666667,0,0,0.11627906976744186,Bo C0ng 4n: Cap nh4t zữ l13u z0 co sai s0t. Link: bca-gov.top
3644,LEVEL 1 – Leet nhẹ (thay 1-2 ký tự),Dịch vụ công giả,level1_too_heavy,5,0.5,3,2,0.6666666666666666,3,0.3,0,0,0.10416666666666667,VNe1D: X4c thwc t41 khw4n z1nh danh mwc 2 ngay. Link: vneid-vn.cc
3975,LEVEL 1 – Leet nhẹ (thay 1-2 ký tự),Giả mạo ngân hàng,level1_too_heavy,10,0.5882352941176471,3,2,0.6666666666666666,8,0.47058823529411764,0,0,0.078125,MB B4NK: Canh b4o r0 r1 thong t1n th3 t1n dung. Dang nh4p mbbank.vn-0nline.top de kh04 th3 ngay.
989,LEVEL 1 – Leet nhẹ (thay 1-2 ký tự),Giả mạo ngân hàng,level1_too_heavy,8,0.5714285714285714,3,2,0.6666666666666666,6,0.42857142857142855,0,0,0.07692307692307693,VIETCOMBANK: d13m t1ch luy se h3t han. Vui l0ng d01 thu0ng t41 vietcombank.vn-io.top truoc 24h.
3971,LEVEL 1 – Leet nhẹ (thay 1-2 ký tự),Giả mạo ngân hàng,level1_too_heavy,8,0.5333333333333333,4,2,0.5,6,0.4,0,0,0.07936507936507936,VCB D1G1B4NK: Phat h13n l0j b4o mat tai kh04n. Dang nh4p vcbdigibank.vn-secure.top de b4o v3 tien.
3959,LEVEL 1 – Leet nhẹ (thay 1-2 ký tự),Giả mạo ngân hàng,level1_too_heavy,8,0.5,4,3,0.75,5,0.3125,0,0,0.08695652173913043,S4C0MB4NK: Thong b4o kh4n c4p! Tai kh04n bi t4m dong. Vui l0ng dang nhap sacombank.vn-0nline.vip de m0.
3963,LEVEL 1 – Leet nhẹ (thay 1-2 ký tự),Giả mạo ngân hàng,level1_too_heavy,8,0.5,4,3,0.75,5,0.3125,0,0,0.08695652173913043,T3CHC0MB4NK: Canh b4o b4o m4t! Tai kh04n bi k1ch hoat v4y v0n. Nhan vao techcombank.vn-qr.top de huy.
4436,LEVEL 1 – Leet nhẹ (thay 1-2 ký tự),Giả mạo ngân hàng,level1_too_heavy,8,0.5,3,2,0.6666666666666666,6,0.375,0,0,0.08,[VIETCOMBANK] Phat h13n zanh t1nh ban dang nh4f b4t thu0ng. Vui l0ng vao vietcombank-online.vip de x4c m1nh.
3947,LEVEL 1 – Leet nhẹ (thay 1-2 ký tự),Giả mạo ngân hàng,level1_too_heavy,9,0.5,3,2,0.6666666666666666,7,0.3888888888888889,0,0,0.07462686567164178,SHB D1G1B4NK: Tai kh04n co d4u h13u bi r0 r1. Nhan vao shbdigibank-online.vip de d0j mat kh4u b4o mat.
4422,LEVEL 1 – Leet nhẹ (thay 1-2 ký tự),Giả mạo ngân hàng,level1_too_heavy,11,0.5,3,2,0.6666666666666666,9,0.4090909090909091,0,0,0.06,[TECHCOMBANK] He thong phat h13n tru0ng h0f dang nh4f b4t thu0ng. Vui l0ng vao techcombank.cc x4c m1nh zanh t1nh neu khong se kho4.
4597,LEVEL 1 – Leet nhẹ (thay 1-2 ký tự),Giả mạo ngân hàng,level1_too_heavy,9,0.47368421052631576,2,1,0.5,8,0.42105263157894735,0,2,0.07228915662650602,[SHB DIGIBANK] Phat h13n l3nH cHUy3n t13n d1 nU0c nG04j. Bam vao http://shbdigibank-online.vip de cH4n giao d1ch ngay lUp tUc.
4423,LEVEL 1 – Leet nhẹ (thay 1-2 ký tự),Giả mạo ngân hàng,level1_too_heavy,9,0.47368421052631576,5,3,0.6,6,0.3157894736842105,0,0,0.0821917808219178,[MB BANK] T41 kh04n ban v0 dinh k3t n01. Vui l0ng bam vao mbbank-online.vip de k1ich hoat l4i truoc 12h.
3948,LEVEL 1 – Leet nhẹ (thay 1-2 ký tự),Giả mạo ngân hàng,level1_too_heavy,9,0.47368421052631576,2,2,1.0,7,0.3684210526315789,0,0,0.07246376811594203,MSB: Phat h13n r0 r1 thong t1n ca nh4n. Vui l0ng z4ng nh4p msb.vn-ht.top de kiem tra do d3n han.
3119,LEVEL 1 – Leet nhẹ (thay 1-2 ký tự),Giả mạo ngân hàng,level1_too_heavy,8,0.47058823529411764,4,2,0.5,6,0.35294117647058826,0,0,0.08333333333333333,[SACOMBANK] Tai kh04n bi l01. Vui l0ng x4c thuc tai https://sacombank.vn-zx.top truoc 23h de duy tr1 j140 d1ch.
1428,LEVEL 1 – Leet nhẹ (thay 1-2 ký tự),Giả mạo ngân hàng,level1_too_heavy,7,0.4666666666666667,4,2,0.5,5,0.3333333333333333,1,0,0.09859154929577464,[TPBANK] Q.u.y khach h4y x4c thuc dinh danh t41 tpbank.cc truoc 24h de kwh0ng bi kwh04 th3.
1488,LEVEL 1 – Leet nhẹ (thay 1-2 ký tự),Giả mạo ngân hàng,level1_too_heavy,6,0.2857142857142857,3,1,0.3333333333333333,5,0.23809523809523808,0,0,0.046511627906976744,TPBANK tran trong: Thong bao tai kho4n bi tr1 hoan do ch7a x4c thuc. Vao tpbank.cc de xuly ngay truoc 14h ch13u
2490,LEVEL 1 – Leet nhẹ (thay 1-2 ký tự),Tuyển dụng giả,level1_too_heavy,10,0.5263157894736842,4,2,0.5,8,0.42105263157894735,2,0,0.10377358490566038,Am4z0n tuyen nh4n vien TMDT t41 nha. Luong 800k-3tr/ngay. Tuoi 22-60. Th4o t4c tr3n d13n th041. Zalo: zalo.me/84966112233 Zalo: 84966112233
4135,LEVEL 1 – Leet nhẹ (thay 1-2 ký tự),Tuyển dụng giả,level1_too_heavy,9,0.5,4,2,0.5,7,0.3888888888888889,2,0,0.10784313725490197,Am4z0n tuyen nh4n vien lam t41 nha. Luong 1000k-2500k/ngay. Th40 t4c z0n g14n. Tuoi 23-65. Zalo: zalo.me/84412345678 Zalo: 84412345678
2383,LEVEL 1 – Leet nhẹ (thay 1-2 ký tự),Tuyển dụng giả,level1_too_heavy,11,0.4583333333333333,4,2,0.5,9,0.375,2,1,0.10714285714285714,"3b4y can nv xu ly z0n z4t hang TMzT. Th40 t4c z0n g14n, lam t41 nha. Thu nh4p 500k-3000k/ngay. Tuoi 22-60. Zalo: zalo.me/84944556677 Zalo: 84944556677"
3740,LEVEL 1 – Leet nhẹ (thay 1-2 ký tự),Đòi nợ / Đe dọa,level1_too_heavy,21,0.6363636363636364,6,4,0.6666666666666666,17,0.5151515151515151,1,0,0.06040268456375839,[CANH CAO LAN CUOI]: Ph4m V4n M1nh CMND 281234567 n0 3.125.400VND t41 FE Cred1t. Truoc 24H nu4 khong th4nh t04n se gu1 v4n ban v3 d14 phu0ng v4 n13m y3t h1nh 4nh. LH Zalo: 0911998877.
3712,LEVEL 1 – Leet nhẹ (thay 1-2 ký tự),Đòi nợ / Đe dọa,level1_too_heavy,17,0.5666666666666667,6,4,0.6666666666666666,13,0.43333333333333335,4,0,0.09146341463414634,CANH BAO LAN CUOI!!! Tr4n Qu0c Anh CCCD 025091234856 n0 11.450.200VND t41 Mcredit. Truoc 24H nu4 khong th4nh t04n se t-h-0-n-g b-4-0 ngu01 th4n v4 d14 phu0ng. LH Zalo: 0915263748 de ch0t phu0ng 4n.
2549,LEVEL 1 – Leet nhẹ (thay 1-2 ký tự),Đòi nợ / Đe dọa,level1_too_heavy,18,0.5142857142857142,5,4,0.8,14,0.4,1,0,0.06321839080459771,"TB KHAN: Ong Ph4n M1nh Kh04 CMND: 042091002345 n0 M1r43 Ass3t 32,150,400VND. Canh b40 l4n cuoi truoc 16H Ngay 22/10 phai th4nh tu4n t01 thieu 5,000,000VND neu khong se bi gu1 don t0 c40 len PC02. LH: 0966554433."
2553,LEVEL 1 – Leet nhẹ (thay 1-2 ký tự),Đòi nợ / Đe dọa,level1_too_heavy,20,0.5,4,2,0.5,18,0.45,0,0,0.06285714285714286,"CANH BAO LAN CUOI!!! BA D40 Tuy3t Nh1 CMND: 001095006734 n0 H0m3 Cr3d1t 6,550,000VND. Han ch0t 17g hom nay. Neu khong thanh tu4n se gu1 thong b40 v3 d14 phu0ng v4 tru0ng h0c cua c0n c41 de thu hoi no. LH: 0399112233."
4187,LEVEL 1 – Leet nhẹ (thay 1-2 ký tự),Đòi nợ / Đe dọa,level1_too_heavy,19,0.5,5,4,0.8,15,0.39473684210526316,1,0,0.05747126436781609,"CANH BAO LAN CUOI!!! BA DO K1m Chi CMND 036091283745 n0 M1r43 Ass3t 15,482,000VND. Truoc 16H Ngay 18/10 khong th4nh t04n se b3u r3u h1nh 4nh tai n01 cu tru v4 d13n th041 cho ngu01 th4n lien tuc. LH G4p: 0355123987."
4209,LEVEL 1 – Leet nhẹ (thay 1-2 ký tự),Đòi nợ / Đe dọa,level1_too_heavy,20,0.5,3,2,0.6666666666666666,18,0.45,1,0,0.05747126436781609,"[CANH CAO LAN CUOI]: BA Nguy3n Th1 Cuc CMND 021093847 n0 Home Credit 6,128,000VND. Truoc 16H Ngay 27/10 neu b4t h0p t4c chung t01 se gu1 thong b4o n0 nay d3n t4n tru0ng h0c cua c0n c41 ba de ph01 h0p. LH: 0988172635."
4193,LEVEL 1 – Leet nhẹ (thay 1-2 ký tự),Đòi nợ / Đe dọa,level1_too_heavy,20,0.5,4,3,0.75,17,0.425,0,0,0.05084745762711865,"CANH BAO LAN CUOI!!! BA Nguy3n Th1 Th40 CMND 040092837412 n0 Home Credit 9,456,000VND. Truoc 17g hom nay phai th4nh t04n neu khong chung t01 se gu1 don t0 c40 v3 d14 phu0ng v4 tru0ng h0c cua c0n c41 ba. LH: 0966273841."
4183,LEVEL 1 – Leet nhẹ (thay 1-2 ký tự),Đòi nợ / Đe dọa,level1_too_heavy,23,0.48936170212765956,4,3,0.75,20,0.425531914893617,1,0,0.02857142857142857,"TB KHAN: Ph0ng AN N1NH D13U TRA thong b40 O/B v4n b4t h0p t4c dong ph1. Truoc 17g hom nay neu khong thanh t04n, chung t01 se vao cuoc dieu tra t04n Bo thong t1n h1nh 4nh v4 ngu01 lien qu4n se phai ch1u tr4ch nh13m h1nh su."
3708,LEVEL 1 – Leet nhẹ (thay 1-2 ký tự),Đòi nợ / Đe dọa,level1_too_heavy,20,0.4878048780487805,3,3,1.0,17,0.4146341463414634,1,0,0.042682926829268296,TB KHAN: O/B phai ch1u tr4ch nh13m h1nh su voi t01 danh ch13m d04t t41 san. PC02 da l4p ho so d13u tra t04n Bo thong t1n ngu01 lien qu4n. Truoc 17g hom nay khong tr1nh d13n se bi cu0ng ch3. LH: 84988776655.
2561,LEVEL 1 – Leet nhẹ (thay 1-2 ký tự),Đòi nợ / Đe dọa,level1_too_heavy,17,0.4857142857142857,6,3,0.5,14,0.4,0,0,0.05625,"TB KHAN: Ong T4 M1nh Qu4n CMND: 035091004567 n0 Mcred1t 4,750,500VND. Yeu cau th4nh tu4n truoc 17g hom nay. Qua thoi han se thong b40 cho ngu01 th4n v4 d14 phu0ng b13t v3 khoan no. LH: 0388990011."
3725,LEVEL 1 – Leet nhẹ (thay 1-2 ký tự),Đòi nợ / Đe dọa,level1_too_heavy,16,0.48484848484848486,7,4,0.5714285714285714,12,0.36363636363636365,2,0,0.06369426751592357,[CANH CAO LAN CUOI]: H04ng V4n N4m CMND 285493217 n0 5.432.100VND t41 Home Cred1t. Th4nh t04n truoc 16H Ngay 30/10 neu khong ho so se chuy3n s4ng Bo ph4n cu0ng ch3 no x4u. LH Zalo: 0977889900.
3706,LEVEL 1 – Leet nhẹ (thay 1-2 ký tự),Đòi nợ / Đe dọa,level1_too_heavy,15,0.4838709677419355,3,2,0.6666666666666666,13,0.41935483870967744,4,0,0.09316770186335403,CANH BAO LAN CUOI!!! Tr4n V4n Tuc CMND 281456392 phai tra 1.285.400VND cho HD Saison truoc 24H nu4. Neu khong t-h-0-n-g b-4-0 chinh quy3n d14 phu0ng v4 n13m y3t h1nh 4nh t41 n01 0. LH: 0384561234.
3856,LEVEL 1 – Leet nhẹ (thay 1-2 ký tự),Đòi nợ / Đe dọa,level1_too_heavy,17,0.4722222222222222,2,2,1.0,15,0.4166666666666667,1,0,0.03676470588235294,"TB KHAN: O/B co d4u h13u t01 ph4m h1nh su v3 v13c ch13m d04t t41 san. Yeu cu lien he 84944556677 truoc 17g hom nay de d01 ch3ng thong t1n, neu khong se bi b4t g14m kh4n cap."
3826,LEVEL 1 – Leet nhẹ (thay 1-2 ký tự),Đòi nợ / Đe dọa,level1_too_heavy,17,0.4722222222222222,6,5,0.8333333333333334,12,0.3333333333333333,1,0,0.06097560975609756,"CANH BAO LAN CUOI!!! ong Ho4ng Van Tuan CMND 040092123456 n0 3,947,000VND t41 Mirae Asset. Yeu cu th4nh t04n truoc 16H Ngay 15/05. B4t h0p t4c chung t01 se gu1 don t0 c40 v3 n01 lam v13c. LH: 0966778899"
2559,LEVEL 1 – Leet nhẹ (thay 1-2 ký tự),Đòi nợ / Đe dọa,level1_too_heavy,16,0.47058823529411764,4,2,0.5,14,0.4117647058823529,0,0,0.07096774193548387,"CANH BAO LAN CUOI!!! Ong Dinh T13n Dung CMND: 172093451 n0 M1r43 Ass3t 12,347,000VND. Deadline 24H nu4. Neu khong h0p t4c h1nh 4nh se bi r4o ban tr3n c4c hoi nh0m d01 no. LH SĐT: 0366778899."
2573,LEVEL 1 – Leet nhẹ (thay 1-2 ký tự),Đòi nợ / Đe dọa,level1_too_heavy,21,0.4666666666666667,6,5,0.8333333333333334,16,0.35555555555555557,1,0,0.03125,TB KHAN: O/B phai ch1u tr4ch nh13m h1nh su v3 h4nh vi tron no. Ph0ng AN NINH DIEU TRA se d13u tra t04n Bo thong t1n ngu01 th4n v4 n01 lam v13c co lien qu4n. Th4nh tu4n trong vong 24H nu4 de dinh ch3 ho so.
4207,LEVEL 1 – Leet nhẹ (thay 1-2 ký tự),Đòi nợ / Đe dọa,level1_too_heavy,20,0.46511627906976744,5,5,1.0,15,0.3488372093023256,1,0,0.03289473684210526,"TB KHAN: Ph0ng AN N1NH D13U TRA thong b40 O/B dang bi t0 c40 ch13m d0at t41 san. Truoc 17g hom nay chu4 th4nh t04n, chung t01 se ph01 h0p voi nha mang de dinh vi v4 b4t g14m t4m thoi de dieu tra."
2619,LEVEL 1 – Leet nhẹ (thay 1-2 ký tự),Đòi nợ / Đe dọa,level1_too_heavy,17,0.4594594594594595,4,3,0.75,14,0.3783783783783784,0,0,0.060240963855421686,"CANH BAO LAN CUOI!!! Mcr3d1t yeu cau ba T0 D13u Huy3n CMND 281093847 th4nh t04n 5,723,900VND trong 24H nu4. Qua thoi han, chung t01 se gu1 thong b40 cho ngu01 th4n v4 co qu4n lam v13c. LH SĐT: 0374859162."
854,LEVEL 1 – Leet nhẹ (thay 1-2 ký tự),Đòi nợ / Đe dọa,level1_too_heavy,17,0.4594594594594595,5,3,0.6,14,0.3783783783783784,0,0,0.05844155844155844,"[CANH CAO LAN CUOI]: Ong Tr4n Th3 V1nh CMND: 221084736 n0 HD Saison 6,124,500VND. Trυoc 17g hom nay khong n0p se bi gh1 no x4υ CIC v1nh vien v4 khong th3 v4y v0n tai b4t k3 d4υ. LH: 0385729104"
3846,LEVEL 1 – Leet nhẹ (thay 1-2 ký tự),Đòi nợ / Đe dọa,level1_too_heavy,12,0.4,3,2,0.6666666666666666,10,0.3333333333333333,0,0,0.044444444444444446,"TB KHAN: ong Tr4n Anh Tu4n CMND 001093884 phai tra 22,345,600VND cho Mirae Asset truoc 24H nu4. Neu khong se bi gh1 n0 x4u CIC v4 thong b40 d14 phu0ng. LH: 0966123456"
4197,LEVEL 1 – Leet nhẹ (thay 1-2 ký tự),Đòi nợ / Đe dọa,level1_too_heavy,13,0.3170731707317073,4,1,0.25,12,0.2926829268292683,0,0,0.05325443786982249,"[CANH CAO LAN CUOI]: BA L3 Th1 Hong CMND 183746291 phai tra 4,329,000VND cho HD Saison truoc 17g hom nay. Neu khong chung t01 se gu1 h1nh 4nh ba c4m CMND len c4c tr4ng mang xa hoi de d01 n0. LH Zalo: 0911827364."
73,LEVEL 2 – Leet nặng + tên riêng,BHXH / Trợ cấp,level2_separator_dominant,4,0.5,4,3,0.75,1,0.125,5,0,0.26262626262626265,[TB] B4n_da~du_d!eu_k!en!nh4n_t1en_tu-quy-BHXH. Nhan_t41_mo.tgvfc.com. QUA_HAN_SE_KH0NG_DUOC_CHAP_NHAN! rE2w
1301,LEVEL 2 – Leet nặng + tên riêng,BHXH / Trợ cấp,level2_separator_dominant,9,0.42857142857142855,5,2,0.4,7,0.3333333333333333,6,0,0.21904761904761905,Quy BHTN: B4N_da-du-D!EU-K!EN nh4n T1EN~ho~tro th3o NQ-116. Nhan t4!: mo.vfrtg.com. QUA-HAN_SE_KH0NG-DUOC-CHAP-NHAN! rE1w
4259,LEVEL 2 – Leet nặng + tên riêng,Crypto / Đầu tư giả,level2_separator_dominant,12,1.0,0,0,0.0,12,1.0,10,0,0.26136363636363635,"C0py tr4z3 f0r3x l01 n-h-u4n c-a-0, r-u1 r0 t-h-4-p. J140 v13n h-u0nz z4n c-u-c k-y t-h-@-n t-h!3n. t.me/forex_master_vn"
2524,LEVEL 2 – Leet nặng + tên riêng,Crypto / Đầu tư giả,level2_separator_dominant,12,0.9230769230769231,2,2,1.0,10,0.7692307692307693,9,0,0.24528301886792453,"Ch@o_b4n! M1nh-th@y-b4n_phu-h0p_v01_v13c-l4m_th4-t1m_v!d30-k13m_t13n. Khong-c4n_v0n, nh4n_100k-cu01-ng4y_nhe."
154,LEVEL 2 – Leet nặng + tên riêng,Crypto / Đầu tư giả,level2_separator_dominant,12,0.9230769230769231,2,2,1.0,10,0.7692307692307693,7,0,0.23157894736842105,H1_b4n! Cv_nh3-nh4ng_k0-mat-f33. K13m_300k-500k/ng4y_ch1-v01-sh0p33-v4-t1kt0k. Nh4n_v13c_t41: t.me/shopee_nv_24h
890,LEVEL 2 – Leet nặng + tên riêng,Crypto / Đầu tư giả,level2_separator_dominant,11,0.9166666666666666,1,1,1.0,10,0.8333333333333334,9,0,0.21176470588235294,Th4 t1m v1d30 nh4n 10k/v1d30. Ngay 10 n-h-1-3-m v-u. T0ng 100k chuy3n k-h-0-4-n l-u-0n cu01 n-g-4-y.
160,LEVEL 2 – Leet nặng + tên riêng,Crypto / Đầu tư giả,level2_separator_dominant,13,0.8666666666666667,1,1,1.0,12,0.8,8,0,0.2222222222222222,"J1up_m1nh-th4_t1m-v1d30-nhe. M01_v1d30-10k, l4m-10-c41-nh4n-100k-lu0n. Ib_m1nh-huong-z4n-ch0."
4225,LEVEL 2 – Leet nặng + tên riêng,Crypto / Đầu tư giả,level2_separator_dominant,17,0.85,0,0,0.0,17,0.85,5,0,0.13793103448275862,"C0py tr4z3 f0r3x l01 nh-u4n 10% moi n-g4y. Ch-uy3n j14 h-u0nz z4n t4n t1nh, kh0nz r-u1 r0. Th4m j14: t.me/tradepro88"
146,LEVEL 2 – Leet nặng + tên riêng,Crypto / Đầu tư giả,level2_separator_dominant,10,0.8333333333333334,2,2,1.0,8,0.6666666666666666,6,0,0.2127659574468085,Cv_onl1ne-nh3_nh4ng~k0-c4n_v0n. Th4_t1m-v1d30-nh4n_100k-m01_ng4y. Khong-y3u_c4u-k1nh_ngh13m-dau.
176,LEVEL 2 – Leet nặng + tên riêng,Crypto / Đầu tư giả,level2_separator_dominant,10,0.8333333333333334,2,2,1.0,8,0.6666666666666666,6,0,0.2077922077922078,Tuy3n-ctv_th4-t1m-v1d30. L4m-ng4y_nh4n-t13n-ngay. Link-T3l3gr4m-g140-v13n: t.me/cong_viec_tai_nha_247
167,LEVEL 2 – Leet nặng + tên riêng,Crypto / Đầu tư giả,level2_separator_dominant,9,0.8181818181818182,2,2,1.0,7,0.6363636363636364,5,0,0.225,K13m_t13n-kh0ng_kh0! Ch1_c4n-10p_m01-ng4y_nh4n-200k. G140-v13n-huong-z4n-tai: t.me/huong_dan_kiem_tien_nhanh
4808,LEVEL 2 – Leet nặng + tên riêng,Crypto / Đầu tư giả,level2_separator_dominant,9,0.8181818181818182,2,2,1.0,7,0.6363636363636364,6,0,0.20618556701030927,M1nh l4_H4nh~dang^tuy3n_nhan-v13n@th4-t1m_v1d30. L4m-10_nh13m_vu-nh4n!100k_cu01_ng4y. Khong-c4n_v0n.
4241,LEVEL 2 – Leet nặng + tên riêng,Crypto / Đầu tư giả,level2_separator_dominant,13,0.8125,2,2,1.0,11,0.6875,6,0,0.14285714285714285,F-3 f-3! Nh4n n-z-4y 200k kh1 th4m j14 nh0m h-u0nz z4n kiem t13n 0nl1n3 moi n-g4y. Kh0nz mat f-3: t.me/kiemtien_mienphi
2797,LEVEL 2 – Leet nặng + tên riêng,Crypto / Đầu tư giả,level2_separator_dominant,8,0.8,2,2,1.0,6,0.6,6,0,0.19767441860465115,Tuy3n_nv_th4*t1m*F4c3b00k-T1kT0k. Ng4y_1OOk_chuv3n_khoan. Khong^ton^f33. Nh4n v13c n-g-4-y.
4248,LEVEL 2 – Leet nặng + tên riêng,Crypto / Đầu tư giả,level2_separator_dominant,12,0.8,0,0,0.0,12,0.8,5,0,0.1794871794871795,C0py tr4z3 f0r3x b-a-o l0! 100%. L01 n-h-u4n 2tr moi n-g4y. Nh-4n v13n h-u0nz z4n 1 k3m 1. t.me/trade_smart_vn
4226,LEVEL 2 – Leet nặng + tên riêng,Crypto / Đầu tư giả,level2_separator_dominant,15,0.7894736842105263,0,0,0.0,15,0.7894736842105263,5,0,0.22340425531914893,"Ch@o b@n, m!nh l@ H*ung. B3n m1nh tuy3n ctv b!nh l-u@n v!d3o t!kt0k k!3m 150k moi n-g@y. Nh@n l-u0ng s-a-u 10 phut."
2518,LEVEL 2 – Leet nặng + tên riêng,Crypto / Đầu tư giả,level2_separator_dominant,11,0.7857142857142857,2,2,1.0,9,0.6428571428571429,7,0,0.21818181818181817,H3ll0_b4n^m1nh-la-M1nh. C0_v!3c_l4m-0nl1n3_nh4n_lu0ng-ngay. Ch1-c4n_d4t-d0n_h4ng-sh0p33_nh4n-h04-h0ng_200k/ngay.
4250,LEVEL 2 – Leet nặng + tên riêng,Crypto / Đầu tư giả,level2_separator_dominant,14,0.7777777777777778,1,1,1.0,13,0.7222222222222222,6,0,0.26436781609195403,Th@ t!m v!d3o t!kt0k nh4n ngay 10k/v!d3o. m0! n-g@y 20 v!d3o l@ co 200k. L-u0ng tr@ c-u0! n-g@y n-h-e b@n.
3231,LEVEL 2 – Leet nặng + tên riêng,Cờ bạc / Betting,level2_separator_dominant,9,1.0,3,3,1.0,6,0.6666666666666666,5,0,0.23880597014925373,V7B3t_rut-t13n^s!3u-t0c. B4cc4r4t-Ch0i_g4-Th3_th40. DK_nh4n-88k: v7win.vip/aK5jH
4688,LEVEL 2 – Leet nặng + tên riêng,Cờ bạc / Betting,level2_separator_dominant,12,0.9230769230769231,2,2,1.0,10,0.7692307692307693,7,0,0.27710843373493976,"Aw1n_t4ng-299k_kh1-t4i_4pp! x3 n4p d4u. Ch0i T.L.M.N, X.0c-D.1a, N.0hu... cuc ph3. L1nk: awin6.tech/XyZ78"
4735,LEVEL 2 – Leet nặng + tên riêng,Cờ bạc / Betting,level2_separator_dominant,11,0.9166666666666666,2,2,1.0,9,0.75,6,0,0.31746031746031744,8D4Y-G4m3: T@1-@pp_nh4n-50k. X3-n@p-d4u. TLMN_X.0c-D.1a. L1nk: a99v.tech
4749,LEVEL 2 – Leet nặng + tên riêng,Cờ bạc / Betting,level2_separator_dominant,8,0.8888888888888888,4,3,0.75,5,0.5555555555555556,4,0,0.2807017543859649,V7B3t-C@s1n0: B@cc@r@t-tr@c-t13p. Rut-t13n-nh4nh. L1nk: v7x8.com
4724,LEVEL 2 – Leet nặng + tên riêng,Cờ bạc / Betting,level2_separator_dominant,8,0.8888888888888888,1,1,1.0,7,0.7777777777777778,7,0,0.34782608695652173,Kwin668_T@1_@pp-nh4n~188k! x3-n@p_d@u. N.0_H.u-B.4n_C.4. L1nk: hqt9z.cc #fomo
4743,LEVEL 2 – Leet nặng + tên riêng,Cờ bạc / Betting,level2_separator_dominant,8,0.8888888888888888,2,2,1.0,6,0.6666666666666666,4,0,0.28125,8D4Y_C@s1n0: Ch01-g@_X0-s0_Th3-th40. N@p-100k_nh4n-200k. Link: 8d99.com
4726,LEVEL 2 – Leet nặng + tên riêng,Cờ bạc / Betting,level2_separator_dominant,7,0.875,3,2,0.6666666666666666,5,0.625,4,0,0.2786885245901639,K1m L0ng C@s1n0! T@ng-888k_B@cc@r@t tr@c_t13p. Rut-t13n-24/7: zx92k.com
4756,LEVEL 2 – Leet nặng + tên riêng,Cờ bạc / Betting,level2_separator_dominant,7,0.875,1,1,1.0,6,0.75,4,0,0.3076923076923077,Kw1n668_C@s1n0: B@cc@r@t_S-1ot_X0-S0. N@p_100k-t@ng-100k. Link: k66z.com
3259,LEVEL 2 – Leet nặng + tên riêng,Cờ bạc / Betting,level2_separator_dominant,6,0.8571428571428571,2,2,1.0,4,0.5714285714285714,4,0,0.23076923076923078,4w1n-nh4n~188k_n4p-dau. B4cc4r4t-X0_s0-Th3_th40. awin7.com
3260,LEVEL 2 – Leet nặng + tên riêng,Cờ bạc / Betting,level2_separator_dominant,5,0.8333333333333334,0,0,0.0,5,0.8333333333333334,4,0,0.27419354838709675,G141_tr!_2Q-tuy3n-z41_ly^45%. L!3n-h3_Z4l0: 0855222333. Web: 2q99.vip
4737,LEVEL 2 – Leet nặng + tên riêng,Cờ bạc / Betting,level2_separator_dominant,5,0.8333333333333334,2,2,1.0,3,0.5,6,0,0.29411764705882354,Aw1n_C@s1n0-B@cc@r@t_tr@c-t13p. CSKH_24/24. Rut_t13n_3_phut. Link: aw88.com
4754,LEVEL 2 – Leet nặng + tên riêng,Cờ bạc / Betting,level2_separator_dominant,9,0.8181818181818182,2,2,1.0,7,0.6363636363636364,4,0,0.2777777777777778,G141 tr1 2Q-G4m3: T@1-@pp_nh4n-150k. x3-n@p-d4u. Link: 2q8v.tech
3240,LEVEL 2 – Leet nặng + tên riêng,Cờ bạc / Betting,level2_separator_dominant,8,0.8,4,3,0.75,5,0.5,4,0,0.234375,K!m-L0ng_tang^588k-n4p-dau. B4cc4r4t-Ch0i_g4. Rut-t13n-nh4nh. klz22.com
4745,LEVEL 2 – Leet nặng + tên riêng,Cờ bạc / Betting,level2_separator_dominant,8,0.8,1,1,1.0,7,0.7,6,0,0.3333333333333333,Aw1n-G4m3: T@1-@pp_nh4n-88k. x3_n@p_d@u. TLMN-X.0c-D.1a. Link: aw9z.cc
1645,LEVEL 2 – Leet nặng + tên riêng,Cờ bạc / Betting,level2_separator_dominant,8,0.8,1,0,0.0,8,0.8,4,0,0.15,"K1m L0ng_tuyen d4i-ly h04-h0ng 55%, Z4lo: 0912445566, l1nk: dk68.bet"
4621,LEVEL 2 – Leet nặng + tên riêng,Cờ bạc / Betting,level2_separator_dominant,8,0.8,3,3,1.0,5,0.5,8,0,0.3088235294117647,"8D4Y_t4i-4pp-nh4n-299k_x3-n4p-d4u. T.L.M.N, X.0c-D.ia, N.0hu. Link: 8day.cc/mB2vN"
4612,LEVEL 2 – Leet nặng + tên riêng,Cờ bạc / Betting,level2_separator_dominant,8,0.8,4,4,1.0,4,0.4,7,0,0.3055555555555556,"K!m_L0ng-C4sino_T4i-4pp-nh4n-99k. x3_n4p-d4u. T.L.M.N, X.0c-D.ia. Link: klbet.cc/gT5yU"
4689,LEVEL 2 – Leet nặng + tên riêng,Cờ bạc / Betting,level2_separator_dominant,8,0.8,3,2,0.6666666666666666,6,0.6,4,0,0.21348314606741572,"G141_tr1_2Q~Tang_88k_trai_nghiem. Nap-rut_1:1 nh4nh ch0ng. B4cc4r4t, Th3_th4o, X0_s0. Link: 2qbet.vip/Qy812"
4760,LEVEL 2 – Leet nặng + tên riêng,Cờ bạc / Betting,level2_separator_dominant,7,0.7777777777777778,3,2,0.6666666666666666,5,0.5555555555555556,4,0,0.2037037037037037,J1L1_Dky-nh4n_100k-m13n-ph1. Rut_m4x-10tr. Link: jil1.bet
719,LEVEL 2 – Leet nặng + tên riêng,Cờ bạc / Betting,level2_separator_dominant,7,0.7777777777777778,1,1,1.0,6,0.6666666666666666,4,0,0.22058823529411764,K!m_L0ng-C4s!n0: Tuy3n d4i-ly h04-h0ng 45-60%. Z4l0: 0977445566. Link: klong.vip
4625,LEVEL 2 – Leet nặng + tên riêng,Cờ bạc / Betting,level2_separator_dominant,7,0.7777777777777778,3,3,1.0,4,0.4444444444444444,7,0,0.296875,"789B3t_T4i-4pp-nh4n-150k. x3_n4p-d4u. T.L.M.N, X.0c-D.ia. Link: 789bet.cc/yT4uI"
4668,LEVEL 2 – Leet nặng + tên riêng,Tuyển dụng giả,level2_separator_dominant,12,0.8,3,3,1.0,9,0.6,4,0,0.13861386138613863,"T1kT0k tuy3n nh4n v13n xu ly z0n hang, nh4n t13n s4u 13-25 f-h-u-t. Lu0ng 800.000z/ng4y. Tu01 22-60. Z4l0: zalo.me/84523456789 Z4l0: 84523456789"
4124,LEVEL 2 – Leet nặng + tên riêng,Tuyển dụng giả,level2_separator_dominant,11,0.7857142857142857,1,1,1.0,10,0.7142857142857143,4,0,0.16455696202531644,Sh0p33 tuy3n nh4n v13n x-u-l-y d0n + d4nh g14. Lu0ng 500k-1tr/ngay. Tu01 23-65. Dang ky: zalo.me/84633445566
2394,LEVEL 2 – Leet nặng + tên riêng,Tuyển dụng giả,level2_separator_dominant,14,0.7777777777777778,0,0,0.0,14,0.7777777777777778,4,1,0.1509433962264151,"Am4z0n tuy3n nv TMzT. Th40 t4c z0n g14n, l4m v13c tai nh4. L-u-0-n-g 500k-3tr/ngay. Tu01 22-65. Z4l0: zalo.me/84955667788 Z4l0: 84955667788"
4256,LEVEL 2 – Leet nặng + tên riêng,Crypto / Đầu tư giả,level2_still_overleeted,13,0.8666666666666667,1,1,1.0,12,0.8,4,0,0.1125,J01n nh0m T3l3gr4m de nh4n nh13m v-u d4t d0n hang h04 h0ng 30%. G14o v13n h-u0nz z4n t-u A-Z: t.me/shopee_task_vn
2801,LEVEL 2 – Leet nặng + tên riêng,Crypto / Đầu tư giả,level2_still_overleeted,10,0.8333333333333334,0,0,0.0,10,0.8333333333333334,2,0,0.08771929824561403,Luv0ng c4o 1tr/ngay ch1 v01 ch13c d13n th041. G140 v13n h-z tai t.me/kiem_tien_shopee_2024.
2812,LEVEL 2 – Leet nặng + tên riêng,Crypto / Đầu tư giả,level2_still_overleeted,14,0.8235294117647058,2,2,1.0,12,0.7058823529411765,1,0,0.0821917808219178,"Tuy3n c0ng t4c v13n d4t d0n hang 0nl1n3 luv0ng c4o. Khong can v0n, n_h_4_n t13n th3o d0n."
4246,LEVEL 2 – Leet nặng + tên riêng,Crypto / Đầu tư giả,level2_still_overleeted,13,0.8125,0,0,0.0,13,0.8125,4,0,0.11392405063291139,J01n n-h-0m T3l3gr4m de duoc j140 v13n t4n t1nh h-u0nz z4n l4m nh13m v-u kiem 500k/n-g4y: t.me/job_online_hot
2537,LEVEL 2 – Leet nặng + tên riêng,Crypto / Đầu tư giả,level2_still_overleeted,16,0.8,0,0,0.0,16,0.8,1,0,0.060240963855421686,"Ch40 ban, m1nh la G14ng. B3n m1nh tuy3n ngu01 b1nh lu4n d40 tr3n F4c3b00k, 200k/ngay ck lu0n 20h t01."
1662,LEVEL 2 – Leet nặng + tên riêng,Cờ bạc / Betting,level2_still_overleeted,6,1.0,0,0,0.0,6,1.0,2,0,0.19642857142857142,8D4Y_Tuy3n-CTV_Ch13t-kh4u-C40! Z4lo: 0922889900. L1nk: 8dag.vip
1051,LEVEL 2 – Leet nặng + tên riêng,Cờ bạc / Betting,level2_still_overleeted,10,0.9090909090909091,3,2,0.6666666666666666,8,0.7272727272727273,0,0,0.16,"789B3t c4s1n0, x0 s0, ch01 g4. Rut t1en s13u t0c. L!nk: k12js.com"
4739,LEVEL 2 – Leet nặng + tên riêng,Cờ bạc / Betting,level2_still_overleeted,9,0.9,0,0,0.0,9,0.9,0,0,0.11864406779661017,789B3t tuy3n d41 ly. H04 h0ng mo1 th4ng. Z4l0: 0977889900. L1nk: 789b.vip
4757,LEVEL 2 – Leet nặng + tên riêng,Cờ bạc / Betting,level2_still_overleeted,7,0.875,0,0,0.0,7,0.875,0,0,0.1346153846153846,V7B3t tuy3n d41 ly h04 h0ng 45%. Z4l0: 0900112233. L1nk: v7v7.vip
1658,LEVEL 2 – Leet nặng + tên riêng,Cờ bạc / Betting,level2_still_overleeted,7,0.875,1,0,0.0,7,0.875,3,0,0.19047619047619047,"789B3t_Tuy3n-D41_Ly-H04-h0ng-50%_L1nk: 789ag.bet, Z4lo: 0944112233"
937,LEVEL 2 – Leet nặng + tên riêng,Cờ bạc / Betting,level2_still_overleeted,6,0.8571428571428571,0,0,0.0,6,0.8571428571428571,2,0,0.2033898305084746,"JILI_tuyen!D@1_Ly h0a h0ng 50%, h0 tr0 Z@lo: 0966554433. Link: jili8.vip"
923,LEVEL 2 – Leet nặng + tên riêng,Cờ bạc / Betting,level2_still_overleeted,6,0.8571428571428571,0,0,0.0,6,0.8571428571428571,2,0,0.21212121212121213,"G141_tr1_2Q_tuyen!D@1_Ly h0a h0ng 50%, h0 tr0 Z@lo: 0988776655. Link: g2q66.vip"
930,LEVEL 2 – Leet nặng + tên riêng,Cờ bạc / Betting,level2_still_overleeted,6,0.8571428571428571,0,0,0.0,6,0.8571428571428571,2,0,0.2033898305084746,"Awin_tuyen!D@1_Ly h0a h0ng 55%, h0 tr0 Z@lo: 0933445566. Link: awin8.vip"
912,LEVEL 2 – Leet nặng + tên riêng,Cờ bạc / Betting,level2_still_overleeted,6,0.8571428571428571,0,0,0.0,6,0.8571428571428571,2,0,0.2033898305084746,"8DAY_tuyen!D@1_Ly h0a h0ng 60%, h0 tr0 Z@lo: 0944556677. Link: 8dayy.vip"
4727,LEVEL 2 – Leet nặng + tên riêng,Cờ bạc / Betting,level2_still_overleeted,11,0.8461538461538461,4,3,0.75,8,0.6153846153846154,0,0,0.08333333333333333,8D4Y khuy3n m41 n4p 100k nh4n 300k. 1 v0ng cu0c rut m4x. Link: t.ly/mR92x xX92s
727,LEVEL 2 – Leet nặng + tên riêng,Cờ bạc / Betting,level2_still_overleeted,10,0.8333333333333334,0,0,0.0,10,0.8333333333333334,1,0,0.17142857142857143,"K!m L0ng: Tuy3n d4i ly ch!3t kh4u c4o 55%, h0 tr0 24/7. Z4lo: 0966332211. Link: kl77.vip"
1829,LEVEL 2 – Leet nặng + tên riêng,Cờ bạc / Betting,level2_still_overleeted,10,0.8333333333333334,2,1,0.5,9,0.75,1,0,0.14285714285714285,"K1m_L0ng_C4s1n0: Tuy3n d41 ly ch13t kh4u 55%, h0 tr0 m0 k3nh, Zalo: 0355281772. L1nk: kl88.vip/mJ4k"
1653,LEVEL 2 – Leet nặng + tên riêng,Cờ bạc / Betting,level2_still_overleeted,10,0.8333333333333334,1,1,1.0,9,0.75,1,0,0.14285714285714285,"K1m L0ng C4s1n0: B4cc4r4t truc t13p, ch01 g4, x0 s0, CSKH 24/24. L1nk: kl668.com"
4716,LEVEL 2 – Leet nặng + tên riêng,Cờ bạc / Betting,level2_still_overleeted,10,0.8333333333333334,5,4,0.8,6,0.5,1,0,0.13432835820895522,Kwin668_Dky-nh4n_88k. N4p 100k nh4n 288k. Rut t13n s13u t0c. Link: t.ly/kw881 Op992
4734,LEVEL 2 – Leet nặng + tên riêng,Cờ bạc / Betting,level2_still_overleeted,10,0.8333333333333334,1,1,1.0,9,0.75,0,0,0.1076923076923077,K1m L0ng tuy3n d41 ly t04n qu0c. Ch13t kh4u c40. Z4l0: 0866554433. Link: kl88.vip
1052,LEVEL 2 – Leet nặng + tên riêng,Cờ bạc / Betting,level2_still_overleeted,9,0.8181818181818182,1,0,0.0,9,0.8181818181818182,3,0,0.1724137931034483,Aw!n#tuy3n d4! ly*h04 h0ng m4xx~Z4l0: 0945123789. L!nk: a82mx.bet
4723,LEVEL 2 – Leet nặng + tên riêng,Cờ bạc / Betting,level2_still_overleeted,12,0.8,3,2,0.6666666666666666,10,0.6666666666666666,0,0,0.08695652173913043,789B3t t4ng 58k tr41 ngh13m. N4p 100k nh4n 288k. Rut m4x 10tr. Link dky: t.ly/uY62w dR4eS
1079,LEVEL 2 – Leet nặng + tên riêng,Cờ bạc / Betting,level2_still_overleeted,8,0.8,3,2,0.6666666666666666,6,0.6,0,0,0.1568627450980392,"K1m L0ng C4s1n0, B4cc4r4t, x0 s0, rut t1en 3 fhut. L!nk: n12qs.com"
1067,LEVEL 2 – Leet nặng + tên riêng,Cờ bạc / Betting,level2_still_overleeted,8,0.8,3,2,0.6666666666666666,6,0.6,0,0,0.16666666666666666,"789B3t C4s1n0, ch01 g4, x0 s0, rut t1en 2 fhut. L!nk: x12nk.com"
4730,LEVEL 2 – Leet nặng + tên riêng,Cờ bạc / Betting,level2_still_overleeted,8,0.8,0,0,0.0,8,0.8,0,0,0.14035087719298245,G141 tr1 2Q tuy3n d41 ly. H04 h0ng 60%. Z4l0: 0911223344. L1nk: 2q99.vip
4762,LEVEL 2 – Leet nặng + tên riêng,Cờ bạc / Betting,level2_still_overleeted,8,0.8,0,0,0.0,8,0.8,0,0,0.14035087719298245,G141 tr1 2Q tuy3n d41 ly. H04 h0ng 50%. Z4l0: 0855667788. L1nk: 2q2q.vip
4711,LEVEL 2 – Leet nặng + tên riêng,Cờ bạc / Betting,level2_still_overleeted,8,0.8,1,1,1.0,7,0.7,2,0,0.16455696202531644,Tuy3n_D41-ly_J1L1-Thu_nh4p_khung. Z4l0: 0909111333. H04 h0ng tra s0ng ph4ng. Link: jili.bet/Ag111
1676,LEVEL 2 – Leet nặng + tên riêng,Cờ bạc / Betting,level2_still_overleeted,8,0.8,0,0,0.0,8,0.8,1,0,0.16363636363636364,"V7B3t: B4cc4r4t truc t13p, ch01 g4, x0 s0, CSKH 24/24. L1nk: v7v7z.com"
1666,LEVEL 2 – Leet nặng + tên riêng,Cờ bạc / Betting,level2_still_overleeted,8,0.8,0,0,0.0,8,0.8,1,0,0.16071428571428573,"789B3t: B4cc4r4t truc t13p, ch01 g4, x0 s0, CSKH 24/24. L1nk: b789z.com"
1659,LEVEL 2 – Leet nặng + tên riêng,Cờ bạc / Betting,level2_still_overleeted,8,0.8,0,0,0.0,8,0.8,1,0,0.15789473684210525,"Kw1n668: B4cc4r4t truc t13p, ch01 g4, x0 s0, CSKH 24/24. L1nk: kw999.com"
2090,LEVEL 2 – Leet nặng + tên riêng,Tuyển dụng giả,level2_still_overleeted,13,0.8666666666666667,1,1,1.0,12,0.8,2,0,0.10989010989010989,3M1M3 C0mp4ny tuy3n nh4n v13n ban th01 z14n. L0ng 500k-1tr/ngay. Tu01 22-65. Z4l0: zalo.me/84955779911 Z4l0: 84955779911
4125,LEVEL 2 – Leet nặng + tên riêng,Tuyển dụng giả,level2_still_overleeted,11,0.8461538461538461,1,1,1.0,10,0.7692307692307693,1,0,0.11428571428571428,L4z4d4 tuy3n nh4n v13n d4nh g14 s4n ph4m. Lu0ng 800.000d/ng4y. Tu01 22-60. Lien he Z4l0: zalo.me/84644556677
3886,LEVEL 2 – Leet nặng + tên riêng,Tuyển dụng giả,level2_still_overleeted,15,0.8333333333333334,3,3,1.0,12,0.6666666666666666,2,0,0.10377358490566038,T1kT0k tuy3n nh4n v13n l4m v13c tai nh4. Nh4n t13n s4u 20 fhut. Lu0ng 350-999k/ngay. Tu01 22-65. Z4l0: zalo.me/84322334455 Z4l0: 84322334455
4664,LEVEL 2 – Leet nặng + tên riêng,Tuyển dụng giả,level2_still_overleeted,14,0.8235294117647058,1,1,1.0,13,0.7647058823529411,3,0,0.13095238095238096,Sh0p33 tuy3n nh4n v13n d4nh g14 s4n f-h-4m v4 xu-ly d0n hang. Lu0ng 800.000d/ng4y. Tu01 22-60. L1nk Z4l0: zalo.me/84312345678
107,LEVEL 2 – Leet nặng + tên riêng,Tuyển dụng giả,level2_still_overleeted,13,0.8125,2,2,1.0,11,0.6875,2,0,0.10526315789473684,"Tr3n n3n t4ng T1kt0k Cty HVS tuy3n g4p nv. Nh4n t13n s4u 13-25 f1t, lu0ng 800.000d/ng4y. Tu01 22-60. Z4l0: zalo.me/84788777666 84788777666"
4677,LEVEL 2 – Leet nặng + tên riêng,Tuyển dụng giả,level2_still_overleeted,13,0.8125,1,1,1.0,12,0.75,1,0,0.10526315789473684,Sh0p33 tuy3n nh4n v13n z4nh g14 s4n f4m v4 xu ly z0n hang. Lu0ng 800.000z/ng4y. Tu01 22-60. Z4l0: zalo.me/84623456789
4373,LEVEL 2 – Leet nặng + tên riêng,Tuyển dụng giả,level2_still_overleeted,13,0.8125,1,1,1.0,12,0.75,2,0,0.12087912087912088,"4m4z0n can tuy3n nh4n v13n g4p. Lu0ng 500k-3tr/ngay. L4m tai nh4, tu01 23-60. Z4l0: zalo.me/84905678901 Z4l0: 84905678901"
4669,LEVEL 2 – Leet nặng + tên riêng,Tuyển dụng giả,level2_still_overleeted,17,0.8095238095238095,1,1,1.0,16,0.7619047619047619,2,0,0.1,Sh0p33 tuy3n g4p nh4n v13n xu ly z0n v4 z4nh g14 s4n f4m. Lu0ng 350-999k/ngay. Khong k1nh nghj3m. Tu01 22-60. Z4l0: zalo.me/84534567890
2468,LEVEL 2 – Leet nặng + tên riêng,Tuyển dụng giả,level2_still_overleeted,17,0.8095238095238095,2,1,0.5,16,0.7619047619047619,1,0,0.09375,Sh0p33 tuy3n nh4n v13n xu ly d0n v4 d4nh g14 s4n ph4m. Thu nhap 500k-1.5tr/ng4y. Tu01 22-65. Th4o t4c tr3n d13n th041. Z4l0: zalo.me/84977182935
4666,LEVEL 2 – Leet nặng + tên riêng,Tuyển dụng giả,level2_still_overleeted,12,0.8,3,3,1.0,9,0.6,1,0,0.09195402298850575,"T1k1 tuy3n nh4n v13n d4t hang n4ng hang sh0p. Lu0ng 800.000d/ng4y, nh4n t13n ngay. Tu01 22-60. Z4l0: 84334567890"
2935,LEVEL 2 – Leet nặng + tên riêng,Tuyển dụng giả,level2_still_overleeted,12,0.8,0,0,0.0,12,0.8,2,0,0.12,Sh0p33 tuy3n nv z4nh j14 s4n fh4m tai nh4. Lu0ng 500k-3000k/ngay. Tu01 22-60. Z4l0: zalo.me/84913344556
1,LEVEL 2 – Leet nặng + tên riêng,BHXH / Trợ cấp,level2_too_mild,6,0.25,4,2,0.5,4,0.16666666666666666,0,0,0.09302325581395349,Ong (Ba) da du d!eu k1en NH4N T1EN ho tro tu wy BHTN. Bam vao www.qpwnm.icu de l4y. QUA HAN KHONG DUOC CHAP NHAN. aS9k
8,LEVEL 2 – Leet nặng + tên riêng,BHXH / Trợ cấp,level2_too_mild,5,0.25,5,2,0.4,3,0.15,0,0,0.07407407407407407,Quyet dinh BHXH: Ban da du d!eu k1en nh4n t1en BHTN. Bam vao www.rfvbg.icu. QUA HAN KHONG DUOC CHAP NHAN. vB7n
44,LEVEL 2 – Leet nặng + tên riêng,BHXH / Trợ cấp,level2_too_mild,6,0.25,5,2,0.4,4,0.16666666666666666,0,0,0.08695652173913043,Quyet dinh BHXH: ong (B4) da du d!eu k1en nh4n t1en tu quy BHTN. Bam vao www.mnpqr.icu. QUA HAN SE KHONG DUOC CHAP NHAN! pL0s
254,LEVEL 2 – Leet nặng + tên riêng,BHXH / Trợ cấp,level2_too_mild,6,0.25,5,2,0.4,4,0.16666666666666666,0,0,0.09090909090909091,BHXH: Ong (Ba) da du d!eu k1en nh4n t1en h0 tro tu wuy BHTN. Bam vao www.asdfgh.icu. QUA HAN SE KHONG DUOC CHAP NHAN! mS8s
78,LEVEL 2 – Leet nặng + tên riêng,BHXH / Trợ cấp,level2_too_mild,6,0.25,4,2,0.5,4,0.16666666666666666,1,0,0.10588235294117647,Bo LD-TB-XH: Ban da du d!eu k1en nh4n t1en h0 tro. Nhan tai mo.rdcvf.com. QUA HAN SE KHONG DUOC CHAP NHAN! dF1g
242,LEVEL 2 – Leet nặng + tên riêng,BHXH / Trợ cấp,level2_too_mild,6,0.25,5,2,0.4,4,0.16666666666666666,0,0,0.09782608695652174,Quy3t d!nh BHXH: Ong (Ba) da du d!eu k1en nh4n t1en tu wuy BHTN. Bam vao www.qwerty.icu. QUA HAN SE KHONG DUOC CHAP NHAN! dF6h
3065,LEVEL 2 – Leet nặng + tên riêng,BHXH / Trợ cấp,level2_too_mild,6,0.25,3,2,0.6666666666666666,4,0.16666666666666666,1,0,0.12087912087912088,"Theo NQ-116, ong (Ba) da du d!eu k!en NH4N T1EN h0 tro. Bam vao www.mnbvc.icu de lay. QUA HAN SE KHONG DUOC CHAP NHAN! bN3m"
3035,LEVEL 2 – Leet nặng + tên riêng,BHXH / Trợ cấp,level2_too_mild,6,0.25,5,2,0.4,4,0.16666666666666666,0,0,0.1,BHXH Viet Nam: ong (B4) da du z!3u k!3n nh4n t13n tu quy BHTN. Bam vao www.ytrew.icu. QUA HAN SE KHONG DUOC CHAP NHAN. gH7j
3087,LEVEL 2 – Leet nặng + tên riêng,BHXH / Trợ cấp,level2_too_mild,6,0.25,3,2,0.6666666666666666,4,0.16666666666666666,1,0,0.12941176470588237,Bo LD-TB-XH: ong (Ba) da du d!eu k!en NH4N T1EN h0 tro. Bam vao www.yhnmj.icu. QUA HAN SE KHONG DUOC CHAP NHAN! dS1a
4297,LEVEL 2 – Leet nặng + tên riêng,BHXH / Trợ cấp,level2_too_mild,6,0.25,3,2,0.6666666666666666,4,0.16666666666666666,1,0,0.125,Bo LD-TB-XH: ong (B4) da du d!3u k13n nh4n t13n C0V1D. Bam vao mo.edcrf.com. QUA HAN SE KHONG DUOC CHAP NHAN. pM6q
3077,LEVEL 2 – Leet nặng + tên riêng,BHXH / Trợ cấp,level2_too_mild,6,0.24,3,2,0.6666666666666666,4,0.16,1,0,0.14606741573033707,[TB] Bo LD-TB-XH: ong (Ba) da du d!eu k!en NH4N T1EN h0 tro. Bam vao www.rdxct.icu. QUA HAN SE KHONG DUOC CHAP NHAN! iK5o
68,LEVEL 2 – Leet nặng + tên riêng,BHXH / Trợ cấp,level2_too_mild,6,0.24,4,2,0.5,4,0.16,1,0,0.12222222222222222,[Bo LD-TB-XH] Ong (B4) da du d!eu k1en nh4n t1en tu quy BHXH. Bam vao www.rfvbg.icu. QUA HAN SE KHONG DUOC CHAP NHAN! mJ1k
1154,LEVEL 2 – Leet nặng + tên riêng,BHXH / Trợ cấp,level2_too_mild,6,0.24,5,2,0.4,4,0.16,0,0,0.07865168539325842,BHXH VN: Ban da du d!3u k13n nh4n t13n h0 tro tu quy BHTN. Bam vao mo.plmko.com. QUA HAN SE KHONG DUOC CHAP NHAN! kL0o
61,LEVEL 2 – Leet nặng + tên riêng,BHXH / Trợ cấp,level2_too_mild,6,0.24,5,2,0.4,4,0.16,1,0,0.0851063829787234,"Theo NQ-116, ban da du d!eu k1en nh4n t1en h0 tro tu quy BHXH. Nhan tai mo.bgtnh.com. QUA HAN SE KHONG DUOC CHAP NHAN! sA1a"
3,LEVEL 2 – Leet nặng + tên riêng,BHXH / Trợ cấp,level2_too_mild,5,0.23809523809523808,5,2,0.4,3,0.14285714285714285,0,0,0.11494252873563218,[BHXH] Quyet dinh BHXH: Ong(Ba) da du d!eu k1en nh4n t1en. Bam vao www.vnbgt.icu. QUA HAN KHONG DUOC CHAP NHAN. kP1o
49,LEVEL 2 – Leet nặng + tên riêng,BHXH / Trợ cấp,level2_too_mild,5,0.23809523809523808,3,2,0.6666666666666666,3,0.14285714285714285,2,0,0.11627906976744186,"[T.B] Theo NQ-116, ban da du d!eu k1en nh4n t1en h0 tro. Bam vao www.hjklm.icu. QUA HAN SE KHONG DUOC CHAP NHAN! sA6q"
3912,LEVEL 2 – Leet nặng + tên riêng,Crypto / Đầu tư giả,level2_too_mild,5,0.25,4,1,0.25,4,0.2,2,0,0.10891089108910891,D4T_D0N-h4ng_sh0p33~nh4n_h03-h0ng^cao. Chuy3n vao STK 66778899 NH TCB. TK: CONG TY TNHH THUONG MAI DIEN TU ANH DUONG.
382,LEVEL 2 – Leet nặng + tên riêng,Crypto / Đầu tư giả,level2_too_mild,5,0.25,6,2,0.3333333333333333,3,0.15,3,0,0.11956521739130435,"N4p^t13n_d4u*tu s4n-XYZ. Stk: 09123847562, MB-Bank. CT TNHH DAU TU THUONG MAI PHU QUY. L3n l3nh trong 3 phut."
4455,LEVEL 2 – Leet nặng + tên riêng,Crypto / Đầu tư giả,level2_too_mild,5,0.23809523809523808,3,0,0.0,5,0.23809523809523808,2,0,0.056179775280898875,Anh ch1 hay chuy3n k-h04n vao STK: 0441000123 NH VCB TK: CTY TAI CHINH THUAN PHAT de f0r3x kiem l01 n-gay nhe.
368,LEVEL 2 – Leet nặng + tên riêng,Crypto / Đầu tư giả,level2_too_mild,5,0.23809523809523808,4,2,0.5,3,0.14285714285714285,0,0,0.03333333333333333,Chuy3n kh04n vao STK: 0011004382910 Ngan hang VCB. CT TNHH CONG NGHE VA DAU TU HT de k1ch hoat tai kh04n tr4z3.
158,LEVEL 2 – Leet nặng + tên riêng,Crypto / Đầu tư giả,level2_too_mild,5,0.23809523809523808,4,2,0.5,3,0.14285714285714285,1,0,0.047619047619047616,Chuy3n kh04n vao STK 1029384756-BIDV. T3n: CONG TY TNHH DAU TU TAI CHINH THU DO de kich hoat go1 d4u tu.
3664,LEVEL 2 – Leet nặng + tên riêng,Cờ bạc / Betting,level2_too_mild,2,0.25,1,0,0.0,2,0.25,3,0,0.2375,K!m_L0ng-tuyen_DAI_LY_hoa-hong_55%. Luong-cung_hap-dan. Zalo: 0981223344. Link: https://klong.vip/zX8k
4623,LEVEL 2 – Leet nặng + tên riêng,Cờ bạc / Betting,level2_too_mild,2,0.25,1,0,0.0,2,0.25,3,0,0.23809523809523808,Aw!n_Tuy3n-D41-LY-hoa-hong-KHUNG-55%. Zalo: 0922334455. Link: awin.vip
438,LEVEL 2 – Leet nặng + tên riêng,Dịch vụ công giả,level2_too_mild,4,0.25,0,0,0.0,4,0.25,0,0,0.06153846153846154,Cảnh sát Giao thông: Ban bi f4t ngw01 tai he thong c4m3r4. Kiem tra l01 tai https://phatnguoi-gov.xyz
1398,LEVEL 2 – Leet nặng + tên riêng,Dịch vụ công giả,level2_too_mild,3,0.25,1,1,1.0,2,0.16666666666666666,0,0,0.125,[BO Y TE] Nh4n thong t1n tro cap suc kh03. Dang ky tai: yte-vn.vip
1916,LEVEL 2 – Leet nặng + tên riêng,Dịch vụ công giả,level2_too_mild,5,0.25,2,1,0.5,4,0.2,0,0,0.08108108108108109,[CỤC VIỄN THÔNG] S1m cua ban se bi thu h01 do ch34 dang ky ch1nh chu. X4c thuc tai vnta-chuanhoa.xyz ngay.
1923,LEVEL 2 – Leet nặng + tên riêng,Dịch vụ công giả,level2_too_mild,5,0.25,1,1,1.0,4,0.2,0,0,0.05263157894736842,Cảnh sát Giao thông: Yeu cau n0p ph4t ngu01 QUA HAN de tranh bi thu h01 b4ng lai. Truy cap csgt-gov.top.
3201,LEVEL 2 – Leet nặng + tên riêng,Dịch vụ công giả,level2_too_mild,4,0.25,4,1,0.25,3,0.1875,0,0,0.14754098360655737,Tổng cục Thuế: Ong (Ba) da du d!eu k!en NHAN T1EN h0 tro thue. Bam vao: dichvuthue.vip
4908,LEVEL 2 – Leet nặng + tên riêng,Dịch vụ công giả,level2_too_mild,4,0.25,4,2,0.5,2,0.125,0,0,0.04411764705882353,Cục Viễn thông: Thue b4o se bi kh04 do thong t1n thieu x4c thuc. Lien he: 0888342190
4905,LEVEL 2 – Leet nặng + tên riêng,Dịch vụ công giả,level2_too_mild,4,0.25,4,2,0.5,2,0.125,0,1,0.07936507936507936,Bộ Công an: X4c thuc lai tai kh04n VNeID de tranh bi huy dinh d4nh. L1nk: vneid-vn.cc
4921,LEVEL 2 – Leet nặng + tên riêng,Dịch vụ công giả,level2_too_mild,3,0.25,0,0,0.0,3,0.25,0,0,0.09803921568627451,Bộ GTVT: Thong bao v1 f4m camera j14o thonj. Tra cuu tai: phatnguoi-vn.xyz
1924,LEVEL 2 – Leet nặng + tên riêng,Dịch vụ công giả,level2_too_mild,5,0.23809523809523808,3,2,0.6666666666666666,3,0.14285714285714285,0,0,0.0641025641025641,Bộ Công an: Phat h13n truy cap la tai kh04n dinh d4nh cua ban. Bam vao bca-vneid.top de x4c thuc ch1nh chu.
128,LEVEL 2 – Leet nặng + tên riêng,Giả mạo ngân hàng,level2_too_mild,2,0.25,3,2,0.6666666666666666,0,0.0,3,0,0.275,[BIDV] TAI-kh04n-cua-ban-da-bi-kh04. Vu1-l0ng-nh4n-v40-bidv.vn-home.top-d3-m0-kh04-ng4y.
3219,LEVEL 2 – Leet nặng + tên riêng,Giả mạo ngân hàng,level2_too_mild,4,0.25,2,1,0.5,3,0.1875,0,1,0.08196721311475409,VNeID: Yeu cau dong Bo dzu l13u d4n cu moi nh4t de khong bi kh04. Link: vneid-gov.xyz
1081,LEVEL 2 – Leet nặng + tên riêng,Giả mạo ngân hàng,level2_too_mild,5,0.25,4,2,0.5,3,0.15,0,0,0.0625,VCB D1g1b4nk: TAI kh04n cua ban da bi kh04. Dang nhap tai vcbdigibank.vn-kr.top de k1ch hoat lai truoc 2h ch13u nay.
986,LEVEL 2 – Leet nặng + tên riêng,Giả mạo ngân hàng,level2_too_mild,4,0.25,3,1,0.3333333333333333,3,0.1875,0,0,0.08571428571428572,ACB: he thong n4ng cap. Vui l0ng dang nhap acb.cc de cap nh4t lai tai kh04n truoc 22:00.
1899,LEVEL 2 – Leet nặng + tên riêng,Giả mạo ngân hàng,level2_too_mild,3,0.25,2,1,0.5,2,0.16666666666666666,0,0,0.1,SHB Digibank: TAI khw4n bi kh04. Bam vao shbdigibank-online.vip de m0 lai ngay.
1901,LEVEL 2 – Leet nặng + tên riêng,Giả mạo ngân hàng,level2_too_mild,4,0.25,4,2,0.5,2,0.125,0,0,0.08695652173913043,[VIETCOMBANK] Tai kh04n cua ban se bi t4m dung. Vui l0ng dang nhap v13tc0mb4nk.vn-21.top de cap nh4t.
2769,LEVEL 2 – Leet nặng + tên riêng,Giả mạo ngân hàng,level2_too_mild,4,0.25,2,1,0.5,3,0.1875,0,0,0.09375,[SHB Digibank] TAI kh04n cua ban bi b4o mat k3m. Vao shbdigibank.vn-qw.top de n4ng cap he thong.
1416,LEVEL 2 – Leet nặng + tên riêng,Giả mạo ngân hàng,level2_too_mild,5,0.23809523809523808,2,0,0.0,5,0.23809523809523808,0,0,0.07894736842105263,[ACB] Zich wu smart otp cua ban se h3t han. VAO acb.vn-pl.top de j14 han truoc 18h n3u khong se bi kwh04.
3117,LEVEL 2 – Leet nặng + tên riêng,Giả mạo ngân hàng,level2_too_mild,4,0.2,3,1,0.3333333333333333,3,0.15,0,0,0.0759493670886076,(SHB DIGIBANK) Tai kh04n cua ban da dang kky d1ch vu moi. Dang nhap https://shbdigibank-online.vip de huy n3u khong f41 ban.
