content,label,has_url,has_phone_number,sender_type
"[TRUNG T√ÇM PH√íNG CH·ªêNG GIAN L·∫¨N NG√ÇN H√ÄNG] √îng/B√† Nguy·ªÖn VƒÉn Minh Tr∆∞·ªõc 17h ng√†y h√¥m nay kh√¥ng thanh to√°n d·ª©t ƒëi·ªÉm s·ªë ti·ªÅn qu√° h·∫°n 910.046 VNƒê. Ch√∫ng t√¥i ƒë∆°n ph∆∞∆°ng ch·∫•m d·ª©t h·ª£p ƒë·ªìng vay v√† g·ª≠i h·ªì s∆° v·ªÅ Nh√¢n vi√™n thu h·ªìi n·ª£ t·∫°i nh√†. C√πng Ch√≠nh Quy·ªÅn ƒê·ªãa Ph∆∞∆°ng Huy·ªán B√¨nh Ch√°nh xu·ªëng nh√† t·∫°i ƒë·ªãa ch·ªâ c∆∞ tr√∫ Qu·∫≠n G√≤ V·∫•p, TP.HCM. Thanh l√Ω h·∫øt t·ªïng s·ªë ti·ªÅn 19.137.909 VNƒê. M·ªçi chi ph√≠ ph√°t sinh √îng/b√† ho√†n to√†n ch·ªãu tr√°ch nhi·ªám.",1,0,0,personal_number
"[TB] Tien ich Loi nhan thoai cua Viettel: Quy khach co loi nhan tu TB 0848836182 vao luc 08:09 27/03/2025. Voi noi dung: k√≠nh ch√†o qu√Ω kh√°ch ƒë√¢y l√† cu·ªôc g·ªçi t·ª± ƒë·ªông t·ª´ ng√¢n h√†ng FE Credit nh·∫±m h·ªó tr·ª£ th√¥ng tin kho·∫£n vay qu√Ω kh√°ch vui l√≤ng nghe h·∫øt cu·ªôc g·ªçi v√† l√†m theo h∆∞·ªõng d·∫´n ƒë·ªÉ h·ªá th·ªëng ghi nh·∫≠n cam k·∫øt thanh to√°n qu√Ω kh√°ch hi·ªán c√≥ kho·∫£n vay qu√°n h·∫°n cao ng√†y nh·∫•t l√† 450 ng√†y t·ªïng s·ªë ti·ªÅn qu√° h·∫°n c·∫ßn thanh to√°n trong h√¥m nay l√† 6367474 ƒë·ªìng qu√Ω kh√°ch vui l√≤ng thanh to√°n ngay h√¥m nay ƒë·ªÉ tr√°nh b·ªã chuy·ªÉn nh√≥m n·ª£ cao h∆°n v√† ·∫£nh h∆∞·ªüng ƒë·∫øn vi·ªác vay v·ªën t·∫°i c√°c t·ªï ch·ª©c t√≠n d·ª•ng n·∫øu qu√Ω kh√°ch ƒë√£ thanh to√°n vui l√≤ng b·∫•m ph√≠m m·ªôt cam k·∫øt thanh to√°n ngay h√¥m nay vui l√≤ng nh·∫•n ph√≠m hai c·∫ßn g·∫∑p t·ªïng ƒë√†i vi√™n vui l√≤ng nh·∫•n ph√≠m ba k√≠nh ch√∫c qu√Ω kh√°ch m·ªôt ng√†y t·ªët l√†nh xin c·∫£m ∆°n v√† t·∫°m bi·ªát qu√Ω kh√°ch k√≠nh ch√†o qu√Ω kh√°ch ƒë√¢y l√† cu·ªôc g·ªçi t·ª± ƒë·ªông t·ª´ ng√¢n h√†ng... De nghe loi nhan thoai, vui long bam goi 106226 (mien phi). ",1,0,1,shortcode
Western Union TB: Vietcombank: 0071000986547. Tr·∫ßn Th·ªã Lan. Ref +19.56 USD. Nh·∫≠n 500.000 VND. Ngay 02/02/2025. Mgd: 1057425286. Nd: COC TIEN HANG. Qu√Ω kh√°ch nh·∫≠n ti·ªÅn VND v√†o website: https://sites.google.com/view/chuyennhantiennhanhquocte24h7,1,1,0,personal_number
"B·∫Øc, t√†i kho·∫£n t√†i ch√≠nh c·ªßa b·∫°n ƒë√£ ƒë∆∞·ª£c th√™m v√†o. T√†i kho·∫£n: Nay128 M·∫≠t kh·∫©u: yk6698 USDT S·ªë d∆∞: 1,080,096.50 [ ehoaq. com ] Vui l√≤ng gi·ªØ n√≥ ·ªü n∆°i an to√†n.",1,1,0,personal_number
"[CANH CAO LAN CUOI]:Chung toi da nhac nho, canh cao nhieu lan nhung thai do cua O/b va nhung nguoi lien quan van bat hop tac.Truoc 17g 15/2 khong tt,Phong AN NINH ƒêI·ªÄU TRA se vao cuoc dieu tra toan bo thong tin, hinh anh cua O/B va nhung nguoi co lien quan se phai chiu trach nhiem hinh su. LH 84867256447 gap.",1,0,0,personal_number
"Nhan thay co hanh vi LOI DUNG TIN NHIEM, CHIEM DOAT TAI SAN. yc tt gap truoc 13g 16/2/2025, neu van bat hop tac ben toi ban giao HS den Trung Tam Quan Ly No Quoc Gia CIC (gay anh huong den uy tin- danh du- tai san- gia dinh va nhung nguoi co lien quan) toan bo hinh anh, bang chung vi pham. LH 0867256447 de giai quyet.",1,0,0,personal_number
ACB: Tai khoan cua ban da mo dich vu tai chinh toan cau phi dich vu hang thang la 2.000.000VND se bi tru trong 2 gio .Neu khong phai ban mo dich vu vui long nhan vao https://acb-online-center.6app de huy,1,1,0,brandname
Vietinbank tran trong thong bao tai khoan cua quy khach hien tai da bi khoa. Dang nhap qua http://www.vniatinbanks.cc de xac thuc ngay hom nay,1,1,0,brandname
"Nh·ªù nh·∫Øn l·∫°i Tr·∫ßn VƒÉn ƒê·ª©c 24/05/2004. SƒêT: 0912345678, ra thanh to√°n kho·∫£n n·ª£ 2.040.000 ngay l·∫≠p t·ª©c tr∆∞·ªõc khi li√™n h·ªá th√¥ng b√°o n·ª£ v·ªÅ ng∆∞·ªùi th√¢n, gia ƒë√¨nh, b·∫°n v√® v√† n∆°i l√†m vi·ªác. Li√™n h·ªá Zalo: 0708922540 ƒë·ªÉ ƒë∆∞·ª£c gi·∫£i quy·∫øt gi·∫£m l√£i thanh to√°n n·ª£",1,0,1,personal_number
"Xin ch√†o, c√≥ ph·∫£i b·∫°n ƒëang mu·ªën t√¨m c√¥ng vi·ªác kh√¥ng? V·ªõi m·ª©c l∆∞∆°ng l√† 6tr-36tr m·ªói th√°ng v·ªõi c√¥ng vi·ªác ho√†n to√†n h·ª£p ph√°p v√† ƒë·∫£m b·∫£o thu nh·∫≠p M·ªói ng√†y b·∫°n nh·∫≠n th·∫•p nh·∫•t 800k, ki·∫øm ti·ªÅn t·∫°i nh√† ƒë∆°n gi·∫£n. zalo.me/84918759421 D∆∞·ªõi 23 tu·ªïi vui l√≤ng kh√¥ng li√™n h·ªá tham gia. N·∫øu nh∆∞ b·∫°n c√≥ nhu c·∫ßu vui l√≤ng li√™n h·ªá zalo ID D·ªãch v·ª• 1 v·ªõi 1: 84918759421",1,1,1,personal_number
Th0ng ba0:BIDV nang cap he thong. Vui l0ng dang nhap https://b0dv.xyz va nang cap. Neu kh0ng tai khoa se bi kh0a. aabd,1,1,0,personal_number
VCB Digibank tran trong thong bao tai khoan cua quy khach hien tai da bi khoa. Dang nhap www.vcbielbiok.com de xac thuc ngay hom nay,1,1,0,personal_number
"B·ªô giao th√¥ng v·∫≠n t·∫£i,xin th√¥ng b√°o √¥ng/b√† c√≥ bi√™n lai ch∆∞a n·ªôp ph·∫°t.H√¥m nay l√† th√¥ng b√°o cu·ªëi c√πng.Y√™u c·∫ßu nhanh ch√≥ng gi·∫£i quy·∫øt m·ªçi th·∫Øc m·∫Øc Vui l√≤ng li√™n h·ªá : 0782320830",1,0,1,brandname
(Vietcombank)Chung toi phat hien tai khoan cua ban dang tieu dung o nuoc ngoai .Neu khong phai ban dang tieu dung vui long nhap vao https://i-vietcombank.com,1,1,0,brandname
"HUIT-Chucmung Ban da TRUNG TUYEN CHINH THUC! Moi ban den HUIT nhap hoc tu ngay 18/8 den 17h00 ngay 27/8/2024. Dong thoi HUIT tang ngay uu dai 3 trieu dong danh cho 2.000 thi sinh nhap hoc som nhat. Tra cuu ket qua tai: huit.edu.vn/kqtt. Lien h·∫π: 02871085555, 0949981717, Zalo:",1,1,1,brandname
"Ngan Hang VPBANK THONG BAO. Chuc Mung Tai Khoan Cua Nguy·ªÖn Th·ªã H·ªìng Nhan Duoc 1 Luot ""QUAY SO - MIEN PHI"", Nhan Ngay 1 Trong 3 Phan Qua Gom: 1 iPhone 11 512GB. 1 Tivi LG 4k 55inch. 10 Trieu Dong Vao Tai Khoan. Truy Cap Website: https://login-onlien.com.vn/ De Thuc Hien Luot QUAY SO MAY MAN MIEN PHI.Goi Vao 1900 54 54 15.Xin Cam On!",1,1,1,personal_number
Chung toi phat hien tai khoan cua ban dang tieu dung o nuoc ngoai .Neu khong phai ban dang tieu dung vui long nhap vao https://v-acb.com de huy thanh toan,1,1,0,brandname
Chung toi phat hien tai khoan cua ban dang tieu dung o nuoc ngoai .Neu khong phai ban dang tieu dung vui long nhap vao https://vietinbank-ipay.com de huy thanh toan,1,1,0,brandname
T√†i kho·∫£n c·ªßa b·∫°n ƒë√£ m·ªü d·ªãch v·ª• t√†i ch√≠nh to√†n c·∫ßu ph√≠ d·ªãch v·ª• h√†ng th√°ng l√† 2.000.000 VND s·∫Ω b·ªã tr·ª´ trong 2 gi·ªù. N·∫øu kh√¥ng ph·∫£i b·∫°n m·ªü d·ªãch v·ª• vui l√≤ng nh·∫•n v√†o https://vietinbank-vips.com ƒë·ªÉ h·ªßy,1,1,0,brandname
"ƒê·ªÉ ch√†o m·ª´ng nƒÉm m·ªõi, Kim Long t·∫∑ng ngay 68-888K khi ƒëƒÉng k√Ω t·∫°i: d82yy.com, h√£y li√™n h·ªá CSKH ƒë·ªÉ nh·∫≠n. Qu√Ω v·ªã c√≥ th·ªÉ tr·∫£i nghi·ªám c√°c tr√≤ ch∆°i: Baccarat tr·ª±c ti·∫øp, ch·ªçi g√†, ƒëi·ªán t·ª≠, th·ªÉ thao, x·ªï s·ªë v.v. G·ª≠i v√† r√∫t ti·ªÅn trong v√≤ng 3 ph√∫t, CSKH 24/24",1,1,0,personal_number
"K√≠nh g·ª≠i ng∆∞·ªùi d√πng Vietinbank, t√†i kho·∫£n c·ªßa b·∫°n s·∫Ω b·ªã t·∫°m ng∆∞ng s·ª≠ d·ª•ng v√†o tr∆∞a ng√†y mai. Vui l√≤ng ƒëƒÉng nh·∫≠p www.vietinbank.vip ƒë·ªÉ n√¢ng c·∫•p",1,1,0,brandname
Tr√¢n tr·ªçng th√¥ng b√°o t·ªõi Qu√Ω kh√°ch! T√†i kho·∫£n c·ªßa b·∫°n s·∫Ω b·ªã t·∫°m ng∆∞ng d·ªãch v·ª• v√†o ng√†y 1 th√°ng 11. Qu√Ω kh√°ch nhanh ch√≥ng ƒëƒÉng nh·∫≠p v√†o https://vietinbank.top ƒë·ªÉ c·∫≠p nh·∫≠t tr·ª±c tuy·∫øn.,1,1,0,brandname
"K√≠nh g·ª≠i ng∆∞·ªùi d√πng AmyBanK, ƒëi·ªÉm t√†i kho·∫£n c·ªßa b·∫°n ƒë√£ ƒë∆∞·ª£c ƒë·ªïi th√†nh ƒëi·ªÅu ki·ªán qu√† t·∫∑ng. Vui l√≤ng ƒëƒÉng nh·∫≠p www.vietinbank.vip ngay ƒë·ªÉ ƒë·ªïi qu√†. N·∫øu qu√° h·∫°n, n√≥ s·∫Ω kh√¥ng ƒë∆∞·ª£c ch·∫•p nh·∫≠n.",1,1,0,brandname
"LENH TRUY NA: Can cu tai lieu thu thap duoc, ngay 09/03/2022 Co quan canh sat dieu tra Cong An chi thuc TRUY NA ONG/BA va DONG PHAM ve hanh vi LUA DAO, CAU KET, CHIEM DOAT TAI SAN. NOI TRONG 48H TOI Doi Tuong khong tu giac trinh dien se tien hanh Chuyen giao Khoan Vay cho C0NG TY DOI N0 THUE",1,0,0,personal_number
Tai khoan cua ban da mo dich vu tai chinh toan cau phi dich vu hang thang la 2.000.000VND se bi tru trong 2 gio. Neu khong phai ban mo dich vu vui long nhan vao https://svip-acb.com de huy,1,1,0,brandname
"Phat hien tai khoan cua ban dang nhap khac vung bat thuong ,vui long dang nhap https://acb-vn.net de xac nhan thong tin va thay doi mat khau",1,1,0,brandname
"Ch√†o ch·ªã. T√¥i l√† Nguy·ªÖn VƒÉn H·∫£i - c√¥ng ch·ª©c t·∫°i C∆° quan Thu·∫ø v·ª´a trao ƒë·ªïi ƒëi·ªán tho·∫°i v·ªõi ch·ªã. ƒê·ªÉ l√†m t·ªù khai thu·∫ø online, m·ªùi ch·ªã truy c·∫≠p v√† t·∫£i app c·ªßa C∆° quan t·∫°i link: thuedientuu.vn Sau khi ƒë√£ t·∫£i app xong, h√£y ph·∫£n h·ªìi l·∫°i tin nh·∫Øn n√†y ƒë·ªÉ ch√∫ng t√¥i trao ƒë·ªïi v√† h∆∞·ªõng d·∫´n c√°c b∆∞·ªõc ti·∫øp theo.",1,1,0,personal_number
Ong/(Ba) da du d!eu'k!en NHAN'TIEN ho tro tu quy-BHTN. Bam'vao www.opaxa.icu de_'lay. QUA-HAN' SE KH0ng DUOC CHAP_NAHN! JKqc,1,1,0,personal_number
Tai khoan cua ban da mo dich vu tai chinh toan cau phi dich vu hang thang la 2.000.000VND se bi tru trong 2 gio. Neu khong phai ban mo dich vu vui long nhan vao https://techcombank.vn-pl.top de huy,1,1,0,brandname
Ong(Ba) da du d!eu k!en NHAN T1EN h0 tro tu quy BHTN. Bam vao www.mvndc.icude lay. QUA HAN SE KH0NG_DUOC CHAP NHAN! oZGa,1,1,0,personal_number
"Xin ch√†o, t√¥i l√† tr∆∞·ªüng ph√≤ng nh√¢n s·ª± c·ªßa Cty HVS hi·ªán t·∫°i Cty ƒëang tuy·ªÉn d·ª•ng nh√¢n vi√™n b√°n th·ªùi gian. Ti·ªÅn l∆∞∆°ng ƒë∆∞·ª£c tr·∫£ h√†ng ng√†y. B·∫°n c√≥ th·ªÉ l√†m vi·ªác t·∫°i nh√† v√† thu nh·∫≠p t·ª´ 15tr ƒë·∫øn 30tr m·ªôt th√°ng b√¨nh qu√¢n 500k-1tr/ng√†y , C√¥ng vi·ªác ƒë∆°n gi·∫£n v√† c√≥ th·ªÉ th·ª±c hi·ªán m·ªçi l√∫c m·ªçi n∆°i. ƒê·ªÉ ·ª©ng tuy·ªÉn, vui l√≤ng li√™n h·ªá v·ªõi ch√∫ng t√¥i qua Y√™u c·∫ßu ƒë·ªô tu·ªïi : 22 - 65tuoori zalo: zalo.me/83924316850 Li√™n h·ªá / zalo:83924316850",1,1,1,personal_number
"Xin ch√†o, t√¥i l√† tr∆∞·ªüng ph√≤ng nh√¢n s·ª± c·ªßa Cty HVS hi·ªán t·∫°i Cty ƒëang tuy·ªÉn d·ª•ng nh√¢n vi√™n b√°n th·ªùi gian. Ti·ªÅn l∆∞∆°ng ƒë∆∞·ª£c tr·∫£ h√†ng ng√†y. B·∫°n c√≥ th·ªÉ l√†m vi·ªác t·∫°i nh√† v√† thu nh·∫≠p t·ª´ 15tr ƒë·∫øn 30tr m·ªôt th√°ng b√¨nh qu√¢n 500k-1tr/ng√†y , C√¥ng vi·ªác ƒë∆°n gi·∫£n v√† c√≥ th·ªÉ th·ª±c hi·ªán m·ªçi l√∫c m·ªçi n∆°i. ƒê·ªÉ ·ª©ng tuy·ªÉn, vui l√≤ng li√™n h·ªá v·ªõi ch√∫ng t√¥i qua Y√™u c·∫ßu ƒë·ªô tu·ªïi : 22 - 65tuoori zalo: zalo.me/84921053445 Li√™n h·ªá / zalo:84921053445",1,1,1,personal_number
"Phat hien tai khoan cua ban dang nhap khac vung bat thuong ,vui long dang nhap https://vn-vietinbank.com de xac nhan thong tin va thay doi mat khau",1,1,0,brandname
"Xin ch√†o b·∫°n, t√¥i l√† tr∆∞·ªüng ph√≤ng nh√¢n s·ª±, hi·ªán c√¥ng ty ƒëang tuy·ªÉn nh√¢n vi√™n l√†m vi·ªác b√°n th·ªùi gian. Ti·ªÅn l∆∞∆°ng ƒë∆∞·ª£c tr·∫£ trong ng√†y. B·∫°n c√≥ th·ªÉ l√†m vi·ªác t·∫°i nh√† v√† ki·∫øm t·ª´ 15 tri·ªáu ƒë·∫øn 30 tri·ªáu m·ªói th√°ng, trung b√¨nh 500.000-1 tri·ªáu m·ªói ng√†y,C√¥ng vi·ªác ƒë∆°n gi·∫£n v√† c√≥ th·ªÉ th·ª±c hi·ªán m·ªçi l√∫c m·ªçi n∆°i. ƒê·ªÉ ƒëƒÉng k√Ω, vui l√≤ng li√™n h·ªá v·ªõi ch√∫ng t√¥i theo! ",1,0,0,personal_number
"Xin ch√†o , B·∫°n c√≥ mu·ªën t√¨m c√¥ng vi·ªác b√°n th·ªùi gian kh√¥ng ? V·ªõi m·ª©c l∆∞∆°ng 5tr-30tr 1 th√°ng m·ªói ng√†y √≠t nh·∫•t 500k kh√¥ng ph√≠ ph·ª• thu. c√¥ng vi·ªác ƒë∆°n gi·∫£n, l√†m vi·ªác t·∫°i nh√† n·∫øu b·∫°n mu·ªën tham gia v·ªõi c√¥ng vi·ªác n√†y xin li√™n h·ªá ngay v√†o zalo ID:84394699827 d∆∞·ªõi 23t xin vui l√≤ng kh√¥ng tham gia ",1,0,1,personal_number
"Vietcombank l∆∞u √Ω: B·∫°n c√≥ 18699 ƒëi·ªÉm th∆∞·ªüng s·∫Ω h·∫øt h·∫°n sau 24 gi·ªù, vui l√≤ng truy c·∫≠p: https://vietcombankd.cfd/vn ƒë·ªÉ ƒë·ªïi qu√†.",1,1,0,brandname
Tiktok ƒëang tuy·ªÉn nh√¢n vi√™n l√†m vi·ªác t·∫°i nh√† ! ! ! M√¥ t·∫£ c√¥ng vi·ªác: X·ª≠ l√Ω ƒë∆°n h√†ng ·ª©ng d·ª•ng c·ªßa Tiktok. Thu nh·∫≠p trong ng√†y 350 - 999k / ng√†y Thao t√°c ƒë∆°n gi·∫£n v√† b·∫°n c√≥ th·ªÉ nh·∫≠n ti·ªÅn sau 13 - 25 ph√∫t. C√°c b·∫°n c√≥ nhu c·∫ßu tham gia xin li√™n h·ªá zalo.me/84937441240 zalo:84937441240,1,1,1,personal_number
UNG DUNG VCB DIGIBANK cua ban duoc PHAT HIEN KICH HOAT tren thiet bi la .Neu KHONG PHA BAN KICH HOAT vui long bam vao https://vietcombank.vn-ms.top de doi thiet bi hoac huy de tranh mat tai san,1,1,0,brandname
"T√†i kho·∫£n c·ªßa b·∫°n ƒë√£ ƒëƒÉng k√Ω ch∆∞∆°ng tr√¨nh qu·∫£ng c√°o tr√™n TikTok, m·ªói th√°ng thu ph√≠ 3,600,000 VND. Vui l√≤ng v√†o https://shb.vn-ibs.xyz ƒë·ªÉ ki·ªÉm tra ho·∫∑c ƒë·ªÉ h·ªßy",1,1,0,brandname
"CANH BAO LAN CUOI!!! Trong 24H nua Ong/Ba L√™ Ho√†ng Nam CMND: 079095012345 SDT: 0901234567 phai lien he gap SDT/ZALO: 0387654321 gap Nguy·ªÖn VƒÉn T√†i de THOA THUAN - GIAM NO. Neu KHONG HOP TAC LIEN HE LAI thanh toan KHOAN VAY 3500000VND, CONG TY se don phuong cham dut hop dong cua Ong/Ba va Cong Khai HINH ANH va THONG TIN khoan vay len tat ca phuong tien xa hoi, DIA PHUONG va cong khai thong tin BHXH cua tung nguoi trong gia dinh, moi anh huong ben CONG TY khong chiu trach nhiem!!!",1,0,1,personal_number
"Phat hien tai khoan cua ban dang nhap khac vung bat thuong, vui long dang nhap http://i-sacombank.com de xac nhan thong tin va thay doi mat khau",1,1,0,brandname
"Thue bao cua quy khach sap bi tam khoa 2 chieu, do chua nang cap len sim 4G. vui long lam theo huong dan cua nhan vien, de duoc ho tro nang cap mien phi va tiep tuc su dung dich vu. Xin cam on!",1,0,0,personal_number
"tORKiM! ay:Ma""n;N,ha7lXklq,uoacx.tech*;G^ja*nh$ap! nhan:thu""0g;Ho,ngbao'a~n^t*o$n!hayP3m56",1,1,0,personal_number
"·ª¢·ªù·ªò·ª§ ƒê·∫∑ngNh_·∫¢p Ch·ªó'iNga_y TPN·ªúH'·ª¶ Nh·∫ØnL·ªâX_·ªã 8888(K·∫Ø) Fr·ªÄ'·ªÖ .ƒê·∫µngK""·ª¥ T·∫∑i*i<fr3e.win/z1r5Dd> ·∫≠·ªó·ªç·∫∑",1,1,0,personal_number
"Tai khoan cua ban da dang ky chuong trinh quang cao tren Tiktok, moi thang thu phi 2,250,000 VND. Vui long vao https://msb.vn-cvs.top de kiem tra hoac de huy",1,1,0,brandname
"GR N'ha'nL,jen:Qu.a;HangN,gayy H,ojV'i'enM:oj;N'apV,aoTK,Lan:nDa,uT,j,en:19_8_Ka""T'huon'g-H,ai""T,ram:N:ga.n fK. U,WI.Nqo6;6f7fxxfz.r-kl.com T",1,1,0,personal_number
"j)t.ly/Q5YuG Um Cu,u~Th,ua8% ZJ Na.pVao-LanD:au,UuDa'j:8Tr8 PJ wz8:88.Bma Gu.i_C:OT~6OKa:H'SD;2_4H[[H6MW9KD1X191> zHoa'n,Tr'a~1,4% Ge",1,1,0,personal_number
"B·∫°n ƒëang mu·ªën t√¨m t√¨nh m·ªôt ƒë√™m? ƒê·ªÉ c√≥ nh·ªØng c·∫£m x√∫c thƒÉng hoa, tho·∫£ m√£n nhu c·∫ßu sinh l√Ω, tr·∫£i nghi·ªám c·∫£m gi√°c kho√°i l·∫°c h√£y li√™n h·ªá t√¥i: https://t.me/henho24h",1,1,0,personal_number
"Xin ch√†o, m√¨nh l√†m gi√°m ƒë·ªëc marketing c·ªßa Tiki, hi·ªán t·∫°i c·ª≠a h√†ng Tiki c·∫ßn tuy·ªÉn s·ªë l∆∞·ª£ng l·ªõn nh√¢n vi√™n chuy√™n ƒë·∫∑t h√†ng ƒë·ªÉ n√¢ng cao s·ªë l∆∞·ª£ng giao d·ªãch v√† th·ª© h·∫°ng c·ªßa c·ª≠a h√†ng. Ch·ªâ c·∫ßn c√≥ kinh nghi·ªám mua s·∫Øm tr·ª±c tuy·∫øn, m·ªói ng√†y b·∫°n c√≥ th·ªÉ d·ªÖ d√†ng ki·∫øm 800.000 ƒë·ªìng b·∫±ng ƒëi·ªán tho·∫°i di ƒë·ªông v√† ti·ªÅn l∆∞∆°ng s·∫Ω ƒë∆∞·ª£c gi·∫£i quy·∫øt ngay",1,0,0,personal_number
Em la nu sinh vien 21 tuoi MU0N KIEM chut Tjen trang TRAI CU0C S0NG EM C0 the den lam tinh khu vuc nao cung DU0C GIA CA Uu DAI Add ZAL0 e: 0367891234 QkR,1,0,1,personal_number
"Anh co can GAI LAM tjnh K0? E di lam them kiem tien tieu vat EM 20 T DANG NG0N, B0DY chuan Den tan noi LAM TJNH Ket Ban Telegram: https://t.me/gaixinh_hcm QNfT",1,1,0,personal_number
"·∫∂·∫º·ªÅ·ª± ƒê·∫∂ngNh·∫≥_p Ch·ªë-iNga-y TPN·ª¢H""·ª∞ Nh·∫∞nL·ªàX-·ªà 8888(K·∫±) Mi·ªÜnPh~·ªàƒê·∫§ngK'·ª∂ L·ªâ~k<fr3e.win/hNgfZh> ·ªì·∫∞·ª•≈®",1,1,0,personal_number
".(BIDV) Ban da dang ky dich vu toan cau ,moi thang thu phi 12.000.000 .Neu khong phai ban dang ky vui long vao www.ebidv.vip de huy",1,1,0,personal_number
"B·∫°n nh·∫≠n ƒë∆∞·ª£c l·ªùi nh·∫Øn t·ª´ 0896543210 v√†o l√∫c 13:08 30/09/2023 v·ªõi n·ªôi dung: xin th√¥ng b√°o s·ªë thu√™ bao c·ªßa qu√Ω kh√°ch s·∫Ω b·ªã kho√° trong 2 gi·ªù t·ªõi vui l√≤ng ƒë·∫øn C·ª•c Vi·ªÖn m·ª´ng ho·∫∑c ·∫•n ph√≠m 9 ƒë·ªÉ g·∫∑p t∆∞ v·∫•n vi√™n ƒë·ªÉ ƒë∆∞·ª£c h·ªó tr·ª£ c·ªßa chi·∫øn th√¥ng. Xin th√¥ng b√°o s·ªë thu√™ bao c·ªßa qu√Ω kh√°ch s·∫Ω b·ªã kho√°, g·ªçi 102607 ƒë·ªÉ nghe l·∫°i (Mi·ªÖn ph√≠). Chi ti·∫øt l/h 9090 (200ƒë/p)",1,0,1,personal_number
"DIEN LUC thong bao khach hang Tr·∫ßn VƒÉn B√¨nh PE15HN0234567, co tong so hoa don 1, voi tong tien: 160956dong. De nghi Quy khach thanh toan trong vong 2 ngay ke tu khi nhan duoc tin nhan. Neu Quy khach da thanh toan, vui long bo qua tin nhan nay. ",1,0,0,brandname
"DIEN LUC thong bao khach hang L√™ Th·ªã Hoa PE07QN0345678, co tong so hoa don 1, voi tong tien: 607262dong. De nghi Quy khach thanh toan trong vong 2 ngay ke tu khi nhan duoc tin nhan. Neu Quy khach da thanh toan, vui long bo qua tin nhan nay. ",1,0,0,brandname
"V7 top 3 nha cai VN, tuyen dai ly voi muc hoa hong len den 50% , tra hoa hong nhieu hinh thuc , lien he zalo Van: 0935123456 Link: https://v7bet.vip",1,1,1,shortcode
UNG DUNG SHB DIGIBANK cua ban duoc PHAT HIEN KICH HOAT tren thiet bi la .Neu KHONG PHAI BAN KICH HOAT vui long bam vao https://shb.com.vn-kps.top de doi thiet bi hoac huy de tranh mat tai san ,1,1,0,brandname
"C·∫£nh s√°t Giao th√¥ng Vi·ªát Nam: H·ªì s∆° vi ph·∫°m giao th√¥ng ƒë∆∞·ª£c l∆∞u tr·ªØ d∆∞·ªõi t√™n c·ªßa b·∫°n. ƒê·ªÉ bi·∫øt th√™m th√¥ng tin, vui l√≤ng truy c·∫≠p https://dichvucongs.top/vn",1,1,0,brandname
"Tai khoan cua ban dang duoc dang nhap tren thiet bi khac ,neu khong phai ban dang nhap vui long vao https://vietcombank.vn-yys.club de sua doi mat khau hoac thoat khoi thiet bi kia",1,1,0,brandname
VCB Digibank tran trong thong bao.tai khoan cua quy khach hien tai da bi khoa.Dang nhap www.vcbtiebink.com de xac thuc ngay hom nay,1,1,0,brandname
"C·∫£nh s√°t Giao th√¥ng Vi·ªát Nam: Hi·ªán t·∫°i, b·∫°n ƒëang c√≥ m·ªôt kho·∫£n ti·ªÅn ph·∫°t ch∆∞a thanh to√°n trong t√†i kho·∫£n. Vui l√≤ng thanh to√°n kho·∫£n ph√≠ n√†y c√†ng s·ªõm c√†ng t·ªët ƒë·ªÉ tr√°nh nh·ªØng b·∫•t ti·ªán kh√¥ng ƒë√°ng c√≥. ƒê·ªÉ bi·∫øt th√™m th√¥ng tin, vui l√≤ng truy c·∫≠p https://dichvucongg.top/vn",1,1,0,shortcode
"Ch√∫c m·ª´ng b·∫°n ƒë√£ ƒë∆∞·ª£c ch·ªçn l√† ng∆∞·ªùi d√πng may m·∫Øn c·ªßa BIDV. R√∫t thƒÉm tr√∫ng th∆∞·ªüng s·∫Ω t·∫∑ng b·∫°n iPhone 15, iPod, th·∫ª ƒëi·ªán tho·∫°i,... S·ªë l∆∞·ª£ng ch·ªó c√≥ h·∫°n n√™n h√£y nhanh tay click v√†o link ƒë·ªÉ tham gia nh√©! ! https://bill-tel.com/letter/index",1,1,0,brandname
"(BHXHTB) Ban th0a dieu k!en nahn t!en ho tro tu quy BHTN, vui long nhap NGAY>>m.bidstk.icu de lay. QUA_HAN SE KH0NG_DUOC_CHAP_NHAN! ErHg",1,1,0,personal_number
BAN ‚Äì da du dieu kien NHAN TIEN h·ªó tr·ª£ t·ª´ qu·ªπ - BHTN. Bam vao www.ukgpj.icu ƒë·ªÉ l·∫•y. QUA HAN SE KHONG DUOC CHAP NHAN!cDhV,1,1,0,personal_number
[T.B] BHXH: Ong (Ba) da du d!eu k!en NHAN T1EN h0 tro tu quy BH-TN. Bam vao www.mvndc.icu de lay. QUA HAN SE KH0NG_DUOC CHAP NHAN! oZGa,1,1,0,personal_number
"Theo NQ-116, Ong(Ba) da du d!eu k!en NHAN TIEN h0 tro tu quy B/H/T/N. Bam vao www.wtudl.icu de. QUA' HAN SE KH0NG DUOC CHAP NHAN! SP0s",1,1,0,personal_number
BAN-da du d!eu√úk!en NHAN√úT!EN ho-tro tu quy-BHTN.‚Ç¨Bam vao> m.oxmqhu.com de Iay. ‚ÄòQUA‚Äô-HAN-SE-KH0NG DU0C CHAP-NHAN!,1,1,0,personal_number
"Theo _NQ_116, Ong (Ba) da du d!eu k!en NHAN TIEN ho tro tu quy BHTN. Bam vao www.pwmgh.icu de lay. QUA HAN SE KHONG_DUOC CHAP NHAN! hkDF",1,1,0,personal_number
"Ban chua nhan du0c tr0 cap COVID-19, vui long nhan>> shorturl.at/frFHU de lay, qua han se khong duoc chap nhan!",1,1,0,personal_number
B·ªô Y T·∫ø xin th√¥ng b√°o: B·∫°n ƒë√£ ƒë·ªß ƒëi·ªÅu ki·ªán ƒëƒÉng k√Ω xin tr·ª£ c·∫•p. Vui l√≤ng ho√†n th√†nh th·ªß t·ª•c ƒëƒÉng k√Ω tr·ª±c tuy·∫øn ngay b√¢y gi·ªù. Th·ªùi h·∫°n ƒë·∫øn 17h30 h√¥m nay. https://www.miniboon.vn/,1,1,0,personal_number
"H·ª£p ƒë·ªìng c·ªßa em ƒëang vi ph·∫°m nghƒ©a v·ª• kh√¥ng thanh to√°n t·ª´ ng√†y vay. B√™n A ƒë√£ ƒë·∫øn x√°c minh t·∫°i c·∫£ n∆°i ·ªü tr·ªç v√† h·ªô kh·∫©u th∆∞·ªùng tr√∫ nh∆∞ng kh√¥ng g·∫∑p em. B√™n A ƒë√£ th√¥ng b√°o cho ng∆∞·ªùi th√¢n nh∆∞ng kh√¥ng nh·∫≠n ƒë∆∞·ª£c ph·∫£n h·ªìi t·ª´ em. H·ª£p ƒë·ªìng c·ªßa em c√≥ d·∫•u hi·ªáu c·ªßa vi·ªác ‚Äúl·ª£i d·ª•ng t√≠n nhi·ªám chi·∫øm ƒëo·∫°t t√†i s·∫£n‚Äù. ƒê√¢y l√† cƒÉn c·ª© ƒë·ªÉ c√¥ng ty t·ªë gi√°c v·ªõi c∆° quan c√¥ng an. ƒê·ªÅ ngh·ªã em ƒë·∫øn ph√≤ng giao d·ªãch ƒë·ªÉ thanh to√°n kho·∫£n vay tr∆∞·ªõc ng√†y *12/11/2025*. N·∫øu c·ªë t√¨nh tr·ªën tr√°nh tr√°ch nhi·ªám, c√¥ng ty s·∫Ω x·ª≠ l√Ω ƒë√∫ng theo quy ƒë·ªãnh c·ªßa ph√°p lu·∫≠t.",1,0,0,personal_number
"Ch√†o Anh Ch·ªã v√† m·ªçi ng∆∞·ªùi. C·ªï m√°y chia ti·ªÅn nhanh nh·∫•t th·∫ø gi·ªõi ƒë·∫£ xu·∫•t hi·ªán - T√°i Sinh Ti·ªÅn / Gi√¢y => B√†i h√°t tri·ªáu Ph√∫ ƒë√¥ La B·∫°n c√≥ bao gi·ªù t∆∞·ªüng t∆∞·ª£ng, ch·ªâ c·∫ßn m·ªôt nh·ªãp ƒë·∫≠p ‚Äì ti·ªÅn ƒë√£ t√°i sinh? B·∫°n c√≥ bao gi·ªù khao kh√°t, ch·ªâ c·∫ßn m·ªôt gi√¢y ‚Äì d√≤ng ti·ªÅn ƒë√£ nh√¢n ƒë√¥i? üëâ H√£y nh·∫•n v√†o link nh√≥m zalo ƒë·ªÉ ƒë∆∞·ª£c t∆∞ v·∫•n mi·ªÖn ph√≠ v√† b·∫Øt ƒë·∫ßu t√°i sinh ti·ªÅn/gi√¢y ‚Äì ngay b√¢y gi·ªù! https://zalo.me/g/ugnbnw063",1,1,0,personal_number
https://www.google.com/search?q=cash288699.com .l.i. x.i. .108. - 188...k. C.T.R.L.,1,1,0,personal_number
Anh oi Em vua tron 20t Ng.u.c dep dang chuan DIU dang Muon KIEM them thu nhap Em co the den tan noi phuc~vu Lien he zalo: 528450052 CSU,1,0,1,personal_number
https://www.google.com/search?q=cash688299.com t.h.u.o.n .g.108.-.188.k....B.E.A.N.,1,1,0,personal_number
MJ GuiTang QuaLiXj Cuc TuyetDjnh b irMg{JLNHleih.ojxm.tech}2R6 n ChuongTrinh KMaj DacBjet Tang Rjeng QuiKH W,1,1,0,personal_number
"E Ho Cho Cap Lai, lam Bang Lai Xe Cac Loai A,B,C,D..Cung Cap Cac Loai Giay To Khac CCCD,Bang DH,Cdang,TCap. GiaoHang va ThanhToan Tai Nha LH 0986557450 Rsmv",1,0,1,personal_number
"(QC) Ban duoc FE CREDIT ho tro vay toi 70 trieu, LS hap dan, GIAI NGAN NHANH. Soan FE1 gui 9698 de dang ky khoan vay. Tu choi soan BL gui 9698",1,0,0,brandname
"Gai Xinh Toan Quoc phuc vu: 3p 69, Bu , Sex lien dit Add Zalo: 588326850 rcdgq",1,0,1,personal_number
"Tai khoan cua ban da dang ky chuong trinh quang cao tren TikTok, moi thang thu phi 3,600,000VND. Vui long vao https://techcombank.vn-iy.life de kiem tra hoac de huy",1,1,0,brandname
"Ban chua nhan du0c tr0 cap COVID-19, vui long nhan>> tinyurl.com/kxytdc8z de lay, qua han se khong duoc chap nhan!",1,1,0,personal_number
"Tai khoan c·ªßa ban da dang ky chuong tr√¨nh quang cao tren TikTok, moi thang thu phi 3,250,000 VND. Vui long vao https://msb.vn-ms.top de kiem tra hoac de huy",1,1,0,personal_number
Xin ch√†o! Ch√∫c m·ª´ng b·∫°n ƒë√£ tr·ªü th√†nh nh√¢n vi√™n b√¨nh lu·∫≠n tiktok. Add zalo k·∫øt b·∫°n ƒë·ªÉ ƒë∆∞·ª£c nh·∫≠n 10k - 100k mi·ªÖn ph√≠. zalo: 0497123597,1,0,1,personal_number
"{DAT} M/tjen du0ng ket n0i SƒÇN.BAY LT ,ke ben Khu CNC, KDL, T/T0an tu 129 Tr/nen. CK 18%.T/toan 18 thang. SHR, XD ngay.LH: 0937 70 4636 / ik,Er",1,0,1,personal_number
"B·ªô giao th√¥ng v·∫≠n t·∫£i, xin th√¥ng b√°o √¥ng/b√† c√≥ bi√™n lai ch∆∞a n·ªôp ph·∫°t.H√¥m nay l√† th√¥ng b√°o cu·ªëi c√πng. Y√™u c·∫ßu nhanh ch√≥ng gi·∫£i quy·∫øt m·ªçi th·∫Øc m·∫Øc Vui l√≤ng li√™n h·ªá : 0782320830",1,0,1,brandname
(Vietcombank) Chung toi phat hien tai khoan cua ban dang tieu dung o nuoc ngoai. Neu khong phai ban dang tieu dung vui long nhap vao https://i -vietcombank .com,1,1,0,personal_number
EBAY Shop h·ª£p t√°c v·ªõi EMIME COMPANY c·∫ßn tuy·ªÉn nh√¢n vi√™n l√†m vi·ªác t·∫°i nh√† !!! S·ªë l∆∞·ª£ng c√≥ h·∫°n ch·ªâ 80 ng∆∞·ªùi !!! C√¥ng vi·ªác : X·ª≠ l√Ω ƒë∆°n h√†ng tr√™n n·ªÅn t·∫£ng ·ª©ng d·ª•ng !!! Y√™u c·∫ßu ƒë·ªô tu·ªïi: 22 ~ 55 tu·ªïi !!! Thu nh·∫≠p 260k - 1180k / ng√†y !!! Nh·∫≠n ti·ªÅn trong ng√†y !!! Zalo: zalo.me/ 84886977590 Li√™n h·ªá / zalo: 84886977590,1,1,1,brandname
T√†i kho·∫£n c·ªßa b·∫°n ƒë√£ m·ªü d·ªãch v·ª• t√†i ch√≠nh to√†n c·∫ßu ph√≠ d·ªãch v·ª• h√†ng th√°ng l√† 1.800.000VND s·∫Ω b·ªã tr·ª´ trong 2 gi·ªù. N·∫øu kh√¥ng ph·∫£i b·∫°n m·ªü d·ªãch v·ª• vui l√≤ng nh·∫•n v√†o https://vpbank.vn-zr.top ƒë·ªÉ h·ªßy,1,1,0,brandname
Vietcombank qu√Ω kh√°ch hi·ªán c√≥ 8237 ƒëi·ªÉm th∆∞·ªüng ƒë·ªß ƒë·ªÉ ƒë·ªïi IP 15 128G mi·ªÖn ph√≠ l∆∞u √Ω ƒëi·ªÉm th∆∞·ªüng h·∫øt h·∫°n v√†o ng√†y 19/07 v√† kh√¥ng th·ªÉ kh√¥i ph·ª•c sau ng√†y h·∫øt h·∫°n Vui l√≤ng ƒë·ªïi ƒëi·ªÉm trc khi m·∫•t quy·ªÅn l·ª£i ƒëg link https://j8sk.vip/doidiemVCB,1,1,0,brandname
"Vietcombank l∆∞u √Ω: B·∫°n c√≥ 18600 ƒëi·ªÉm th∆∞·ªüng s·∫Ω h·∫øt h·∫°n sau 24 gi·ªù, vui l√≤ng truy c·∫≠p: https://vietcombanks.cfd/vn ƒë·ªÉ ƒë·ªïi qu√†.",1,1,0,brandname
https://ww.facebook.com/CSKHduongdinhninh035/ Ch·ªã nh·∫Øn v√†o Facebook b·∫°n n√†y ·∫° ch·ªã nh·∫Øn l√† t√¥i mu·ªën ho√†n ti·ªÅn ƒë∆°n h√†ng mƒ© ph·∫©m HASAKI b·ªã l·ªói g√¢y k√≠ch ·ª©ng MVD: 1041 SƒêT ƒê·∫∂T H√ÄNG: 0987654321,1,1,1,personal_number
"HSBC Bank thong bao: Ban co 14022 diem thuong het han trong vong 24 gio, bam https://hsbc-vnd.top/ de doi qua.",1,1,0,brandname
Tiktok ƒëang tuy·ªÉn nh√¢n vi√™n l√†m vi·ªác t·∫°i nh√†!!! M√¥ t·∫£ c√¥ng vi·ªác: X·ª≠ l√Ω ƒë∆°n h√†ng t·ª´ n·ªÅn t·∫£ng ·ª©ng d·ª•ng c·ªßa Tiktok. Thu nh·∫≠p trong ng√†y 350 - 999k/ng√†y. Thao t√°c ƒë∆°n gi·∫£n v√† b·∫°n c√≥ th·ªÉ nh·∫≠n ti·ªÅn sau 13 - 25 ph√∫t. C√°c b·∫°n c√≥ nhu c·∫ßu tham gia xin li√™n h·ªá zalo.me/84937441240 zalo:84937441240,1,1,1,personal_number
Chung toi phat hien tai khoan cua ban dang tieu dung o nuoc ngoai. Neu khong phai ban dang tieu dung vui long nhap vao https://v-acb.com de huy thanh toan,1,1,0,brandname
(T/B) - Ban da du d!eu k!en NHAN TIEN ho tro tu quy BHTN. Bam vao www.movnb.icu de lay. QUA_HAN SE KH0NG DUOC CHAP-NAHN!,1,1,0,personal_number
Tai khoan cua ban da mo dich vu tai chinh toan cau phi dich vu hang thang la 2.000.000 VND se bi tru trong 2 gio. Neu khong phai ban mo dich vu vui long nhan vao https://svip-adi.com de huy,1,1,0,personal_number
"Tai khoan cua ban da dang ky chuong trinh quang cao tren TikTok, moi thang thu phi 2,250,000VND. Vui long vao https://msb.vn-cvs.top de kiem tra hoac de huy",1,1,0,brandname
UUNGDUNG VCB DIGIBANK cua ban duoc PHAT HIEN KICH HOAT tren thiet bi la. Neu KHONG PHAI BAN KICH HOAT vui long bam vao https://vietcombank.vn-ms.top de doi thiet bi hoac huy de tranh mat tai san,1,1,0,brandname
"THE0_NQ_II6, Ong(Ba) da du d1eu k1en NHAN TIEN ho tro tu quy BHTN. Bam vao mo.pwmgh.icu de lay. QUA^HAN SE KH0NG_DUOC CHAP NHAN! q3TX",1,1,0,personal_number
"Tai khoan cua ban duoc dang nhap tren thiet bi khac ,neu khong phai ban dang nhap vui long vao https://vietcombank.vn-gss.club de sua doi mat khau hoac thoat khoi thiet bi kia",1,1,0,brandname
WECARE.vn - Ma uu dai: LLU2mjz913 cho dich vu: GIAI NHIET MUA HE UONG 2 TANG 1 CO HOI TRUNG THUONG 1 TY DONG TAI VUVUZELA.,1,1,0,personal_number
live:.cid.4fa739d97a500848: Thong bao KH nhan tien tu DV chuyen tien Western Union. Truy cap kiem tra thong tin nhan tien tai Website: https://yip.su/2b6L35,1,1,0,personal_number
"Xin chuc mung TB0912345678 Da trung thuong ""1 IP14s"" trong chuong trinh du thuong cuoi nam Lien He: 1>9>0>0>1>9>9>5 de nhan giai. De nghi LH truoc ngay 28/01",1,0,1,personal_number
"Ch√†o A/C em b√™n t√†i ch√≠nh HIMAN M√¨nh may m·∫Øn ƒëc h·ªó tr·ª£ vay v·ªõi t·ªâ l·ªá th√¥ng qu√° cao, gi·∫£i ng√¢n nhanh Kh√¥ng m·∫•t ph√≠, KH√îNG th·∫©m ƒë·ªãnh ng∆∞·ªùi th√¢n v√† ch·ªâ c·∫ßn c√≥ CCCD/CMND l√† vay ƒë∆∞·ª£c ·∫°. LH/ZL h·ªó tr·ª£ 0746591731. Tele",1,0,1,personal_number
"DIEN LUC thong bao khach h√†ng Nguy·ªÖn Ho√†ng AnhPE12DN0456789, co tong so hoa don 1, voi tong tien 607262dong. De nghi Quy khach thanh toan trong vong 2 ngay ke tu khi nhan duoc tin nhan. Neu Quy khach da thanh toan, vui long bo qua tin nhan nay.",1,0,0,brandname
"Ph·ª•c v·ª• s·ªë m·ªôt vi·ªát nam, ng∆∞·ªùi m·∫´u, di·ªÖn vi√™n, nh√¢n vi√™n vƒÉn ph√≤ng, d·ªãch v·ª• t·ªët nh·∫•t hi·ªán nay. ƒëƒÉng k√Ω ngay: !ncina.ids",1,1,0,personal_number
"Ben EM nhan lam cac loai gp xe may,oto...chung minh thu, can cuoc, dang ki xe, bang cap 3 den dai hoc va tat ca giay khac;LH 0567-841-352 giao hang thu tien",1,0,1,personal_number
Chuc mung ban da nhan duoc 1 chiec dien thoai E770i tu chuong trinh Quay So Ngau Nhien cua Mobifone. SoanTin: XU E770i31 va gui 4 lan den 6769 de xem chi tiet,1,0,0,shortcode
Ch√∫c m·ª´ng anh Ho√†ng Minh Tu·∫•n ƒë√£ tr·ªü th√†nh kh√°ch h√†ng may m·∫Øn tham gia ch∆∞∆°ng tr√¨nh v√© c√†o may m·∫Øn c·ªßa th·∫ø gi·ªõi di ƒë·ªông https://bit.ly/vecaomayman,1,1,0,personal_number
"OCBC: Please allow 1-2 hours for PAYEE MR  J  D O E  to be succesfully added. If this was NOT you, please verify: payee-ocbc.com",1,1,0,brandname
"egeR #Ban da-du D1EU K1EN HOAN~THUE TNCN, tai:https://hoanthue-tncn.vip",1,1,0,personal_number
"GR N'ha'nL,jen:Qu.a;HangN,gay y H,ojV'ienM:Oj;N'apV,aoT K,La:nDa.uT,j,en:19_8_Ka""T' huon'g-H,ai""T,ram:N:ga.n fK. U,WI.Nqo6;6f7fxxzz.r-kl.com T",1,1,0,personal_number
"j)t.ly/Q5YuG Um Cu,u~Th,ua8% ZJ Na.pVao- LanD:au,UuDa'j:8Tr8 PJ wz8:88.Bma Gu.i_C:OT~6OKa:H'SD;2_4H {H6MW9KD1X191> z Hoa'n,Tr'a~1,4% Ge",1,1,0,personal_number
"&,b La,yNg,ay_Ba'y~9Ng'hjn"" Kh'iID:o:wn:l:oadU'n'gDu'gVa_ XacN:han,SoD:T {TXGIJE> m K'Ma'iVo'g'Quay""P:h:a:tTai:1_59 :Ng:j:n6;VbUmlosnG.qcpo.bid D",1,1,0,personal_number
ƒê∆°n h√†ng s·ªë SPX2024112567890 c·ªßa b·∫°n ƒë√£ ƒë·∫øn kho nh∆∞ng kh√¥ng th·ªÉ giao do ƒë·ªãa ch·ªâ kh√¥ng ƒë·∫ßy ƒë·ªß. C·∫≠p nh·∫≠t https://vietteltelecomshop.cfd/,1,1,0,brandname
"A goi vao so 1900788938 de noi chuyen va tam su voi em nhe. A goi luon cho em nha, Em co viec, A khong goi khong duoc dau nha!",1,0,1,personal_number
"B·ªô giao th√¥ng v·∫≠n t·∫£i, xin th√¥ng b√°o √¥ng/b√† c√≥ bi√™n lai ch∆∞a n·ªôp ph·∫°t. H√¥m nay l√† th√¥ng b√°o cu·ªëi c√πng. Y√™u c·∫ßu nhanh ch√≥ng gi·∫£i quy·∫øt m·ªçi th·∫Øc m·∫Øc Vui l√≤ng li√™n h·ªá: 0782320830",1,0,1,brandname
"anh ch·ªã h√£y chuy·ªÉn s·ªë ti·ªÅn c·∫ßn n·∫°p v√†o t√†i kho·∫£n n√†y ·∫°, sau ƒë√≥ ch·ª•p l·∫°i m√†n h√¨nh em s·∫Ω l√†m l·ªánh n·∫°p v√†o t√†i kho·∫£n CSI gi√∫p anh ·∫° Ng√¢n h√†ng th∆∞∆°ng m·∫°i c·ªï ph·∫ßn H√†ng h·∫£i Vi·ªát Nam MSB STK: 04001012266596 t√™n ch·ªß TK: C√îNG TY TNHH DAU TU BAT DONG SAN SSG 10:30",1,0,0,personal_number
"B·∫°n ∆°i, b·∫°n thanh to√°n ƒë·ªÉ m√¨nh l√†m h·ªì s∆° cho b·∫°n cho xong trong ng√†y lu√¥n b·∫°n nh√©. M√¨nh ƒëang c√≥ v·∫•n ƒë·ªÅ g√¨ kh√¥ng ·∫°?",1,0,0,personal_number
TPbank: Tran trong thong bao.Tai khoan cua quy khach hien tai da hi khoa Dang nhap https://ebank.tbplik.com de xac thuc ngay hom nay.,1,1,0,personal_number
"TNEX Ma OTP cua ban 632900, se het han sau 2 phut. Vui long KHONG chia se ma cho bat ky ai voi bat ky ly do nao https//vi.ecmjJ7U4frh",1,1,0,personal_number
"Xin ch√†o, t√¥i l√† nh√† cung c·∫•p c·ªßa trang web eBay. T√¥i ƒëang ch·∫°y d·ªãch v·ª• tƒÉng doanh s·ªë s·∫£n ph·∫©m tr√™n trang web eBay, b·∫°n c√≥ mu·ªën tr·ªü th√†nh ƒë·ªëi t√°c kh√¥ng? V·ªõi m·ªôt gi·ªù m·ªói ng√†y, b·∫°n c√≥ th·ªÉ ki·∫øm ƒë∆∞·ª£c 100.000 ƒë·∫øn 1.000.000 VND. Kh√¥ng c√≥ ph√≠ th√†nh vi√™n ho·∫∑c ti·ªÅn ƒë·∫∑t c·ªçc, kh√¥ng gi·ªõi h·∫°n gi·ªõi t√≠nh, 25-60 tu·ªïi, ti·ªÅn l∆∞∆°ng tr·∫£ theo ng√†y. N·∫øu b·∫°n quan t√¢m, xin vui l√≤ng li√™n h·ªá v·ªõi t√¥i tr√™n Zalo: https://zalo.me/0335364535",1,1,0,personal_number
"LD (SCB) (Tai khoan cua ban da dang ky chuong trinh quang cao tren TikTok, moi thang thu phi 4,600,000 VND. Vui long vao https://scb.com.vn-ar.life de kiem tra hoac de huy)",1,1,0,personal_number
"H·ªá Th·ªëng Messenger Th√¥ng B√°o: Xin ch√∫c m·ª´ng t√†i kho·∫£n Messenger ƒë√£ may m·∫Øn nh·∫≠n ƒë∆∞·ª£c Gi·∫£i Nh·∫•t t·ª´ s·ª± ki·ªán 'Tu·∫ßn L·ªÖ V√†ng' tri √¢n kh√°ch h√†ng ch√†o Qu√Ω 3, ƒë√≥n NƒÉm M·ªõi 2024",1,0,0,personal_number
"B√¢y gi·ªù b·∫°n vui l√≤ng ti·∫øn h√†nh truy c·∫≠p v√†o trang ƒë·ªãa ch·ªâ website: TraoThuongQuy3.Com (vi·∫øt li·ªÅn nhau, kh√¥ng d·∫•u) ƒë·ªÉ ƒëƒÉng k√Ω l√†m th·ªß t·ª•c h·ªì s∆° nh·∫≠n th∆∞·ªüng. Ho·∫∑c c√≥ th·ªÉ truy c·∫≠p c√¥ng c·ª• t√¨m ki·∫øm Google v√† g√µ t·ª´ kh√≥a: (TraoThuongQuy3.Com). Sau ƒë√≥ ch·ªçn k·∫øt qu·∫£ t√¨m ki·∫øm ƒë·∫ßu ti√™n ƒë·ªÉ truy c·∫≠p trang website l√£nh th∆∞·ªüng. M·ªçi th·∫Øc m·∫Øc xin li√™n h·ªá T·ªïng ƒë√†i CSKH: [(08) 9921 4440]",1,1,1,personal_number
"Tai khoan cua ban dang duoc dang nhap tren thiet bi khac , neu khong phai ban dang nhap vui long vao https://vietcombank.vn-yys.club de sua doi mat khau noac thoat knoi thiet bI kIa",1,1,0,personal_number
"Vietcombank nhan duoc yeu cau KICH HOAT LAI UNG DUNG VCB DIGIBANK. Neu Quy khach KHONG CHU DONG yeu cau, TUYET DOI KHONG CUNG CAP HOAC XAC NHAN BANG MA OTP de tranh rui ro bi CHIEM DOAT TAI 29,111,111VND luc 25-11-2022 15:26:45. SD 46,027VND. Ret",1,0,0,personal_number
"Xin ch√†o, t√¥i l√† Tr∆∞·ªüng ph√≤ng nh√¢n s·ª± c·ªßa C√¥ng ty EMIME. Hi·ªán t·∫°i c√¥ng ty ƒëang tuy·ªÉn d·ª•ng nh√¢n vi√™n b√°n th·ªùi gian, ti·ªÅn l∆∞∆°ng ƒë∆∞·ª£c tr·∫£ h√†ng ng√†y. B·∫°n c√≥ th·ªÉ l√†m vi·ªác t·∫°i nh√† v·ªõi thu nh·∫≠p t·ª´ 15‚Äì30 tri·ªáu/th√°ng (b√¨nh qu√¢n 500.000-1.000.000/ng√†y). C√¥ng vi·ªác ƒë∆°n gi·∫£n, c√≥ th·ªÉ th·ª±c hi·ªán m·ªçi l√∫c m·ªçi n∆°i. Y√™u c·∫ßu ƒë·ªô tu·ªïi 23‚Äì65. Li√™n h·ªá qua Zalo: zalo.me/84562696538
 ho·∫∑c 84562696538.",1,1,1,personal_number
"[TIN KH·∫®N C·∫§P] Truy t√¨m Nguy·ªÖn... l√† ƒë·ªìng ph·∫°m (con trai) h∆∞·ªõng d·∫´n vi√™n Travel c·∫•u k·∫øt v·ªõi ba (b·ªë) l·ª´a ƒë·∫£o tinh vi chi·∫øm ƒëo·∫°t t√†i s·∫£n. Khi g·∫∑p c√°c ƒë·ªëi t∆∞·ª£ng n√†y ·ªü ƒë√¢u, b√°o cho CSKV: 0798641107.",1,0,1,personal_number
"Ch√†o ch·ªã. T√¥i l√† c√°n b·ªô thu·∫ø v·ª´a trao ƒë·ªïi ƒëi·ªán tho·∫°i v·ªõi ch·ªã. ƒê·ªÉ l√†m t·ªù khai thu·∫ø online, m·ªùi ch·ªã truy c·∫≠p v√† t·∫£i app c·ªßa C∆° quan t·∫°i link: thuedientuu.vn. Sau khi ƒë√£ t·∫£i app xong, ch·ªã h√£y ph·∫£n h·ªìi l·∫°i tin nh·∫Øn n√†y ƒë·ªÉ ch√∫ng t√¥i theo d√µi v√† h∆∞·ªõng d·∫´n c√°c b∆∞·ªõc ti·∫øp theo. - C√¥ng ch·ª©c thu·∫ø (T√™n c∆° quan)",1,1,0,personal_number
Xin ch√†o! Ch√∫c m·ª´ng b·∫°n ƒë√£ tr·ªü th√†nh nh√¢n vi√™n b√¨nh lu·∫≠n TikTok. Add Zalo k·∫øt b·∫°n ƒë·ªÉ ƒë∆∞·ª£c nh·∫≠n 10k - 100k mi·ªÖn ph√≠. Zalo: 09873597,1,0,1,personal_number
"Ch√†o b·∫°n, m√¨nh l√† H√πng, chuy√™n vi√™n h·ªó tr·ª£. B·∫°n ƒëang mu·ªën l√†m c√¥ng vi·ªác th·∫£ tim video ki·∫øm ti·ªÅn b√™n m√¨nh ƒë√∫ng kh√¥ng? H√†ng ng√†y b√™n m√¨nh s·∫Ω g·ª≠i cho b·∫°n 10 nhi·ªám v·ª•, m·ªói nhi·ªám v·ª• b·∫°n l√†m trong 1 ph√∫t. Sau khi h·∫øt 10 nhi·ªám v·ª•, b√™n m√¨nh s·∫Ω tr·∫£ cho b·∫°n 100K chuy·ªÉn v√†o t√†i kho·∫£n (20h cu·ªëi ng√†y).",1,0,0,personal_number
"Xin ch√†o, t√¥i l√† tr∆∞·ªüng ph√≤ng nh√¢n s·ª± c·ªßa C√¥ng ty HVS. Hi·ªán t·∫°i C√¥ng ty ƒëang tuy·ªÉn d·ª•ng nh√¢n vi√™n b√°n th·ªùi gian. Ti·ªÅn l∆∞∆°ng ƒë∆∞·ª£c tr·∫£ h√†ng ng√†y. B·∫°n c√≥ th·ªÉ l√†m vi·ªác t·∫°i nh√† v√† thu nh·∫≠p t·ª´ 15 tri·ªáu ƒë·∫øn 30 tri·ªáu m·ªôt th√°ng, b√¨nh qu√¢n 500k-1 tri·ªáu/ng√†y. C√¥ng vi·ªác ƒë∆°n gi·∫£n v√† c√≥ th·ªÉ th·ª±c hi·ªán m·ªçi l√∫c m·ªçi n∆°i. ƒê·ªÉ ·ª©ng tuy·ªÉn, vui l√≤ng li√™n h·ªá v·ªõi ch√∫ng t√¥i qua Y√™u c·∫ßu ƒë·ªô tu·ªïi: 22 - 65 tu·ªïi. Zalo: zalo.me/84925605508. Li√™n h·ªá/Zalo: 84925605508",1,1,1,personal_number
"Ngan Hang VPBANK THONG BAO. Chuc Mung Tai Khoan Cua Ph·∫°m VƒÉn Long Nhan Duoc 1 Luot ""QUAY SO - MIEN PHI"", Nhan Ngay 1 Trong 3 Phan Qua Gom: 1 iPhone 11 512GB. 1 Tivi LG 4K 55inch. 10 Trieu Dong Vao Tai Khoan. Truy Cap Website: https://login-online.com.vn/ De Thuc Hien Luot QUAY SO MAY MAN MIEN PHI.Goi Vao 1900 54 54 15.Xin Cam On!",1,1,1,personal_number
"Vietcombank tran trong thong bao, tai khoan cua quy khach hien tai da bi khoa. Dang nhap http://www.vovietcombanks.cc de xac thuc ngay hom nay",1,1,0,brandname
"V·∫≠y b√¢y gi·ªù b·∫°n li√™n h·ªá v·ªõi chuy√™n gia v·ªÅ b·∫£o hi·ªÉm ƒë·ªÉ ƒë∆∞·ª£c t∆∞ v·∫•n qua Zalo: +84563398647 L∆∞∆°ng Uy√™n. N·∫øu kh√¥ng nh·∫Øn tin li√™n h·ªá ƒë∆∞·ª£c, nh·∫Øn tin cho m√¨nh ƒë·ªÉ m√¨nh ph·∫£n √°nh cho ng∆∞·ªùi h·ªó tr·ª£ b·∫°n nh√©",1,0,1,personal_number
"Ch√∫c m·ª´ng ch·ªã, t√†i kho·∫£n Shopee nguyenthuha92. Shopee xin tr√¢n tr·ªçng th√¥ng b√°o t√†i kho·∫£n Shopee c·ªßa qu√Ω kh√°ch ƒë√£ r·∫•t may m·∫Øn nh·∫≠n ƒë∆∞·ª£c th·∫ª qu√† t·∫∑ng ti·ªÅn m·∫∑t tr·ªã gi√° 200.000.000‚Ç´ t·ª´ Qu√† T·∫∑ng Shopee 2022. Nh·∫≠n Qu√† T·∫∑ng Shopee - Truy c·∫≠p ngay (https://shopee.vn-trangchu.click/messenger/) ch·ªçn ƒë·ªìng √Ω v√† x√°c nh·∫≠n li√™n k·∫øt t√†i kho·∫£n ng√¢n h√†ng ƒë·ªÉ nh·∫≠n ti·ªÅn v·ªÅ t√†i kho·∫£n. Shopee k√≠nh g·ª≠i!",1,1,0,personal_number
Sacombank Online: Chung toi phat hien tai khoan cua ban dang tieu dung o nuoc ngoai .Neu khong phai ban dang tieu dung vui long nhap vao bit.ly/2MSr8n2 de huy thanh toan,1,1,0,personal_number
Xin ch√∫c m·ª´ng b·∫°n @gmail.com ƒë√£ tr√∫ng th∆∞·ªüng m·ªôt xe m√°y SH tr·ªã gi√° 97 tri·ªáu ƒë·ªìng. Vui l√≤ng truy c·∫≠p website: www.traogiainammoi2022.com ƒë·ªÉ ho√†n t·∫•t h·ªì s∆° nh·∫≠n th∆∞·ªüng,1,1,0,personal_number
"Amazon c·∫ßn tuy·ªÉn nh√¢n vi√™n l√†m vi·ªác t·∫°i nh√†!!! S·ªë l∆∞·ª£ng: 100 ng∆∞·ªùi. M√¥ t·∫£ c√¥ng vi·ªác: X·ª≠ l√Ω ƒë∆°n ƒë·∫∑t h√†ng t·ª´ n·ªÅn t·∫£ng th∆∞∆°ng m·∫°i ƒëi·ªán t·ª≠ c·ªßa Amazon. Y√™u c·∫ßu ƒë·ªô tu·ªïi lao ƒë·ªông: 23 ~ 60 tu·ªïi. L∆∞∆°ng h√†ng th√°ng t·ª´ 10 tri·ªáu ƒë·∫øn 50 tri·ªáu ƒë·ªìng. √çt nh·∫•t 500k ~ 3000k m·ªói ng√†y, thao t√°c ƒë∆°n gi·∫£n v√† h∆∞·ªõng d·∫´n ƒëi k√®m, b·∫°n c√≥ th·ªÉ nh·∫≠n ti·ªÅn sau 15 ~ 20 ph√∫t. C√°c b·∫°n c√≥ nhu c·∫ßu tham gia xin vi·ªác, vui l√≤ng li√™n h·ªá Zalo: zalo.me/84927946049 (Zalo: 84927946049), iMess 902@163.com",1,1,1,personal_number
"Xin ch√∫c m·ª´ng ch·ªã l√† kh√°ch h√†ng may m·∫Øn nh·∫≠n tin v√†o ƒë√∫ng KHUNG GI·ªú 10 PH√öT V√ÄNG c·ªßa ""VINFAST"" ng√†y h√¥m nay. Ch·ªã ƒë∆∞·ª£c nh·∫≠n ∆∞u ƒë√£i mua 1 chi·∫øc xe ƒëi·ªán g·∫•p g·ªçn ADO A16 v·ªõi gi√° ∆∞u ƒë√£i 286.000 (c√≤n mi·ªÖn ph√≠ ship)",1,0,0,brandname
"KH√ÅCH H√ÄNG CH√ö √ù: Trong tr∆∞·ªùng h·ª£p Qu√Ω kh√°ch kh√¥ng ph·∫£n h·ªìi ho·∫∑c kh√¥ng y√™u c·∫ßu h·ªßy, h·ªá th·ªëng s·∫Ω m·∫∑c ƒë·ªãnh x√°c nh·∫≠n s·ª± ƒë·ªìng thu·∫≠n tham gia g√≥i b·∫£o hi·ªÉm, d·ª±a tr√™n quy ƒë·ªãnh t·∫°i ƒêi·ªÅu 38 - Lu·∫≠t Giao d·ªãch ƒëi·ªán t·ª≠ nƒÉm 2005, √°p d·ª•ng h√¨nh th·ª©c x√°c l·∫≠p h·ª£p ƒë·ªìng ƒëi·ªán t·ª≠. M·ªçi th√¥ng tin chi ti·∫øt, ph·∫£n h·ªìi ho·∫∑c y√™u c·∫ßu h·ªó tr·ª£, vui l√≤ng li√™n h·ªá: Email: dvkh@dbvivn.com",1,0,0,personal_number
Em xin ch√∫c m·ª´ng ch·ªã ƒë√£ l√† kh√°ch h√†ng may m·∫Øn nh·∫≠n tin v√†o ƒë√∫ng KHUNG GI·ªú 10 PH√öT V√ÄNG c·ªßa VINFAST ng√†y h√¥m nay. Ch·ªã ƒë∆∞·ª£c nh·∫≠n ∆∞u ƒë√£i mua 1 chi·∫øc xe ƒëi·ªán g·∫•p g·ªçn ADO A16 v·ªõi gi√° ∆∞u ƒë√£i 286.000 VNƒê (Mi·ªÖn Ph√≠ ship). Ch·ªã ch·ªçn 1 (tr·∫£ l·ªùi) ƒë·ªìng √Ω / ·ª´ em ƒëƒÉng k√Ω cho ch·ªã mua s·∫£n ph·∫©m n√†y v·ªõi gi√° 286.000 VNƒê ch·ªã nh√©,1,0,0,personal_number
"C√≤n 28 l∆∞·ª£t ƒëƒÉng k√Ω cu·ªëi c√πng! Xin ch√†o, c√≥ ph·∫£i b·∫°n ƒëang mu·ªën t√¨m c√¥ng vi·ªác kh√¥ng? V·ªõi m·ª©c l∆∞∆°ng l√† 6 tri·ªáu - 36 tri·ªáu m·ªói th√°ng v·ªõi c√¥ng vi·ªác ho√†n to√†n h·ª£p ph√°p v√† ƒë·∫£m b·∫£o thu nh·∫≠p. M·ªói ng√†y b·∫°n nh·∫≠n th·∫•p nh·∫•t 800 ngh√¨n, ki·∫øm ti·ªÅn t·∫°i nh√† ƒë∆°n gi·∫£n. N·∫øu nh∆∞ b·∫°n c√≥ nhu c·∫ßu vui l√≤ng li√™n h·ªá Zalo ID: 84879453327. D∆∞·ªõi 23 tu·ªïi vui l√≤ng kh√¥ng li√™n h·ªá tham gia. Sao ch√©p li√™n k·∫øt v√†o tr√¨nh duy·ªát: https://zalo.me/84879453327. D·ªãch v·ª• 1 v·ªõi 1.",1,1,1,personal_number
"(QC-VTL2) Blue Peach tang ban 50.000d tien mat. PMH ap dung 28/12-01/01/19 tren toan he thong. Ma CODE: 12BP50. Hotline: 0975696925. De tu choi,soan TC gui 1313",1,0,1,brandname
"(QC-VTL2) SALE MAX: 50% ++ Toan Bo Chong Nang SunStop. Bo sung them Thoi trang, Giay,Tui, Vi .. Lucky Sizes tu 50K. LH:036616666 . De tu choi,soan TC gui 1313",1,0,1,brandname
"(QC-VTL2)Xa Kho Thoc Nhat: Toanbo Thoi Trang& Phu Kien DONG GIA tu 50K-69K-99K-119K.Gia SIEU RE con Giam Them 10%VNPAY.LH:0366166666 . De tu choi,soan TC gui 1313",1,0,1,brandname
"(QC-VTL2)Mung Ngay doc than 11/11 Sale ALL 11%, COMBO 1111k/3sp bat ky tai 13B14 PHAM NGOC THACH. Combo goi y https://goo.gl/Zy4KuJ. De tu choi,soan TC gui 1313",1,1,0,brandname
"Em ch√†o Ch·ªã ·∫†, Ch√∫c Ch·ªã Thanh V√¢n c√≥ m·ªôt ng√†y tham quan nhi·ªÅu gian h√†ng, ti·∫øp c·∫≠n nhi·ªÅu c√¥ng ngh·ªá m·ªõi, ƒë·ªÉ s·∫µn s√†ng b·ª©t ph√° c√πng TRI·ªÇN L√ÉM QU·ªêC T·∫æ ƒê·ªîI M·ªöI S√ÅNG T·∫†O VI·ªÜT NAM 2024 nh√©! Ch∆∞∆°ng tr√¨nh minigame ""V√≤ng Quay May M·∫Øn"" g·ª≠i t·∫∑ng ƒë·∫øn Ch·ªã may m·∫Øn trong ng√†y h√¥m nay v·ªõi nh·ªØng ph·∫ßn qu√† v√¥ c√πng gi√° tr·ªã. ·∫§n Quay Ngay ƒë·ªÉ c√πng tham gia nh√©! t.me/vip",1,1,0,personal_number
B·ªô giao th√¥ng v·∫≠n t·∫£i xin th√¥ng b√°o √¥ng/b√† c√≥ bi√™n lai ch∆∞a n·ªôp ph·∫°t. H√¥m nay l√† th√¥ng b√°o cu·ªëi c√πng. Y√™u c·∫ßu nhanh ch√≥ng gi·∫£i quy·∫øt m·ªçi th·∫Øc m·∫Øc. Vui l√≤ng li√™n h·ªá: 0782320830.,1,0,1,personal_number
So dien thoai lien ket voi tai khoan ngan hang cua ban da bi thay doi vao so 0976543210 neu khong phai do ban thay doi vui long nhan vao https://svip- scb.com de huy,1,1,1,brandname
"Trung Tam Tin Dung F& TB den Ong/Ba: So CMND: *** 20U. Chung toi nghi ngo Ong/Ba dang lam dung su tin nhiem chiem doat Tai San NHNNVN voi so tien: 48,554,336VND (tien goc). Canh bao lan cuoi truoc 16H Ngay 10/01/2020 thanh toan gap so tien toi thieu: 3,725,583VND cho NHNNVN. Tiep tuc tron tranh, bat hop tac, moi rui ro ve Uy tin, Danh du, Suc khoe tinh than va Tai san, Ong/Ba tu chiu trach nhiem.",1,0,0,personal_number
"Ong/Ba: Trung Tam Tin Dung F& TB de nI So CMND: *** 205. Chung toi nghi ngo Ong/Ba dang lam dung su tin nhiem chiem doat Tai San NHNNVN voi so tien: 48,554,336VND (tien goc). Canh bao lan cuoi truoc 16H Ngay 10/01/2020 thanh toan gap so tien toi thieu: 3,725,583VND cho NHNNVN. Tiep tuc tron tranh, bat hop tac, moi rui ro ve Uy tin, Danh du, Suc khoe tinh than va Tai san, Ong/Ba tu chiu trach nhiem.",1,0,0,personal_number
"B·∫°n nh·∫≠n ƒë∆∞·ª£c l·ªùi nh·∫Øn t·ª´ 0896629857 v√†o l√∫c 19:56 16/10/2022 v·ªõi n·ªôi dung: ch·ªã kh√≥ khƒÉn. C√¥ng ty Fe ƒë√£ h·ªó tr·ª£ cho ng∆∞·ªùi th√¢n √¥ng b√† l√† v·∫≠y ƒëi·ªán m√¨nh b·∫£o: ""NƒÉm qua anh ch·ªã v·∫´n tr·ªën tr√°nh vi·ªác tr·∫£ n·ª£. V√†i ng√†y t·ªõi, c√°n b·ªô ph√°p l√Ω s·∫Ω v·ªÅ ƒë·ªãa ph∆∞∆°ng ho√†n t·∫•t th·ªß t·ª•c kh·ªüi ki·ªán li√™n h·ªá c√¥ng an khu v·ª±c h·ªó tr·ª£ gi·∫£i quy·∫øt ƒëi·ªán b·ªã to√†n b·ªô kho·∫£n n·ª£ c·∫ßu thanh to√°n v√† li√™n h·ªá s·ªë ƒëi·ªán tho·∫°i 08964, g·ªçi 102610 ƒë·ªÉ nghe l·∫°i (Mi·ªÖn ph√≠). Chi ti·∫øt l/h 9090 (200ƒë/p)",1,0,1,personal_number
"De phong ngua dich COVID-19, nguoi dan phai thuong xuyen rua tay voi xa phong, lau chui vat dung bang chat tay rua thong thuong. Deo khau trang khi den noi cong cong, khai bao y te kip thoi neu tiep xuc voi nguoi benh. Cai dat ung dung NCOVI Khai bao y te, Bluezone de canh bao nguy co lay nhiem COVID-19",1,0,0,brandname
Ch√†o em. Anh ƒëang ph√°t tri·ªÉn c·ªông ƒë·ªìng kinh doanh online c√≥ th·ªÉ ph√°t tri·ªÉn t·∫°i nh√† trong giai ƒëo·∫°n Corona. Em v·ª´a c√≥ th·ªÉ ki·∫øm th√™m thu nh·∫≠p v·ª´a c√≥ th·ªÉ ph√°t tri·ªÉn kƒ© nƒÉng kinh doanh! Kh√¥ng bi·∫øt em c√≥ mu·ªën t√¨m hi·ªÉu kh√¥ng ?,1,0,0,personal_number
"DIEN LUC thong bao khach hang V√µ VƒÉn Th√†nh PC06NN0123302.NCC02, co tong so hoa don 1, voi tong tien: 607262dong. De nghi Quy khach thanh toan trong ong 2 ngay ke tu khi nhan luoc tin nhan. Neu Quy khach la thanh toan, vui long bo qua tin nhan nay.",1,0,0,brandname
"ACB CANH BAO SMS LUA DAO: Hien co thu doan SMS GIA MAO dau so ACB moi KH dang nhap link gia, cung cap USER, MAT KHAU, OTP. ACB HOAN TON KHONG ng tin tren Quy KH https://live hoac tai app Appacb.appstore",1,1,0,personal_number
"(TPBank) Tu 01/07/22, TPBank dieu chinh DV thong bao Bien dong so du tai khoan - SMS Banking. Xem chi tiet cac goi DV tai websits hoac LH 19006036/1902585885",1,0,1,personal_number
ACB: Tran trong thong bao.Tai kho·∫£n cua quy khach hien tai da bi khoa.Dang nhap https://onlinenhbidv.com de xac thuc ngay hom,1,1,0,personal_number
(T/B) - Ban da du d!eu k!en NHAN TIEN ho tro iu quy BHTN. Bam vao www.movnb.icy de lay. QUA_HAN SE KHONG DUOC CHAP-NAHN!,1,1,0,brandname
Nghe m√°y ƒëi C√≥ chuy·ªán c·∫ßn nh·ªù Em l√† b·∫°n c·ªßa Ti·∫øn ƒë√∫ng ko? A ·ªü c√πng nh√† vs Ti·∫øn E c√≥ s·ªë ng∆∞·ªùi th√¢n c·ªßa Ti·∫øn ko ?. G·ª≠i cho a vs. G·∫•p e √†,1,0,0,personal_number
"ƒê∆°n h√†ng SHOPEE giao th·∫•t b·∫°i, b·∫•m https://SH0PIE.vip ƒë·ªÉ c·∫≠p nh·∫≠t ƒë·ªãa ch·ªâ.",1,1,0,brandname
"Xin ch√†o, c√≥ ph·∫£i b·∫°n ƒëang mu·ªën tim c√¥ng vi·ªác kh√¥ng? V·ªõi m·ª©c l∆∞∆°ng l√† 6tr-36tr m·ªói th√°ng v·ªõi c√¥ng vi·ªác ho√†n to√†n h·ª£p ph√°p v√† ƒë·∫£m b·∫£o thu nh·∫≠p M·ªói ng√†y b·∫°n nh·∫≠n th·∫•p nh·∫•t 800k, ki·∫øm ti·ªÅn t·∫°i nh√† ƒë∆°n gi·∫£n, zalo.me/84918759421. D∆∞·ªõi 23 tu·ªïi vui l√≤ng kh√¥ng li√™n h·ªá",1,1,0,personal_number
"HUIT ‚Äì Chuc mung Ban da TRUNG TUYEN CHINH THUC! Moi ban den HUI nhap hoc tu ngay 18/8 den 17h00 ngay 27/8/2024. Dong thoi, HUIT tang ngay uu dai 3 trieu dong danh cho 2.000 thi sinh nhap h·ªçc som nhat. Tra cuu ket qua tai: huit.edu.vn/kqtt. Lien he: 02871085555, 0949981717, Zalo:",1,1,1,brandname
"Thay v√¨ th·ªùi gian r·∫£nh b·∫°n l∆∞·ªõt Facebook. B·∫°n c√≥ th·ªÉ tham gia c√¥ng vi·ªác c√πng ch√∫ng t√¥i ki·∫øm th√™m thu nh·∫≠p m·ªói ng√†y ch·ªâ c·∫ßn 1 chi·∫øc ƒëi·ªán tho·∫°i v√† r·∫£nh 20-30 ph√∫t. Thu nh·∫≠p t·ª´ 200k- 1 tri·ªáu. Y/C: ƒê·ªô tu·ªïi t·ª´ 20-59, C√°c b·∫°n quan t√¢m li√™n h·ªá tr·ª±c ti·∫øp id:zalo.me/84355161340 zalo:84355161340",1,1,1,personal_number
"Kinh gui Phu Huynh thong tin kiem tra tieng Anh, giup dinh huong tot hon cho su phat trien cac ky nang tieng anh cua con: Link https://bit.ly/ibischooltesta",1,1,0,personal_number
"DIEN LUC thong bao khach hang ƒê·ªó Th·ªã Thanh, PE08BD0567890, co tong so hoa don 1, voi tong tien: 160956dong. De nghi Quy khach thanh toan trong vong 2 ngay ke tu khi nhan duoc tin nhan. Neu Quy khach da thanh toan, vui long bo qua tin nhan nay.",1,0,0,brandname
VCB Digibank tran trong thong bao.tai khoan cua quy khach hien tai da bi khoa.Dang nhap www.vcbtiebink.com de xac thuc ngay hom nay.,1,0,0,brandname
"Xin ch√†o, m√¨nh l√† gi√°m ƒë√≥c marketing c·ªßa Tiki, hi·ªán t·∫°i c·ª≠a h√†ng Tiki c·∫ßn tuy·ªÉn s·ªë l∆∞·ª£ng l·ªõn nh√¢n vi√™n chuy√™n ƒë·∫∑t hang ƒë·ªÉ n√¢ng cao s·ªë l∆∞·ª£ng giao d·ªãch v√† th·ª© h·∫°ng c·ªßa c·ª≠a hang. Ch·ªâ c·∫ßn c√≥ kinh nghi·ªám mua s·∫Øm tr·ª±c tuy·∫øn, m·ªói ng√†y b·∫°n c√≥ th·ªÉ d·ªÖ d√†ng ki·∫øm 800.000 ƒë·ªìng b·∫±ng ƒëi·ªán tho·∫°i di ƒë·ªông v√† ti·ªÅn l∆∞∆°ng s·∫Ω ƒë∆∞·ª£c quy·∫øt to√°n ngay trong n√†y. N·∫øu b√†n mu·ªën tham gia c√¥ng vi·ªác n√†y vui l√≤ng add t√†i kho·∫£n Zalo c·ªßa gi√°m ƒë·ªëc marketing: 84769457206",1,0,1,personal_number
"Ban chua nhan du0c tr0 cap COVID-19, vui long nhap>> tinyurl.com/kxytdc8z de lay, quan han se kh0ng duoc chap nhan!",1,1,0,personal_number
"K·ª∑ ni·ªám 6 nƒÉm th√†nh l·∫≠p Shopee! Shopee t·∫∑ng qu√† cho b·∫°n, h√£y v√†o jp.zaloapp.com.660316.castexfc.com ƒë·ªÉ nh·∫≠n!",1,1,0,brandname
Tai khoan cua ban da mo dich vu tai chinh toan cau phi dich vu hang thang la 2.000.000VND se bi tru trong 2 gio. Neu khong phai ban mo d·ªãch v·ª• vui long nhan vao https:// scb-vips.com de huy,1,1,0,brandname
Qu√† t·∫∑ng mi·ªÖn ph√≠ cho t·∫•t c·∫£ m·ªçi ng∆∞·ªùi! B·∫°n c√≥ c∆° h·ªôi nh·∫≠n ƒë∆∞·ª£c m·ªôt chi·∫øc ƒë·ªìng h·ªì Rolex. Nh·∫≠n ngay u7finndp.zhxnm.com,1,1,0,brandname
Tuyen sinh Thac si QKTD Quoc te IEMBA cua DH Quan Tri Paris (Top 10 Truong KD hang dau cua Phap). Ctrinh lien ket cung DH Kinh te Qdan. 0931702696. www.pgsm.edu.vn,1,1,1,personal_number
"Hen h0 tinh m0t dem cung nhung em g@! xinh dep,sinh v!en , van phong ,single mom -. dang cho ban den ! Te|egram;https://sourl.cn/TTqB4A",1,1,0,personal_number
"B√™n Em Nh·∫≠n L√†m C√°c Lo·∫°i GPLX M√°y A1,√ît√¥ B2,C,..CMND,CƒÉn C∆∞·ªõc, ƒêƒÉng K√Ω Xe C√°c Lo·∫°i,B·∫±ng C·∫•p 3 ƒê·∫øn ƒê·∫°i H·ªçc & T·∫•t C·∫£ Gi·∫•y T·ªù Kh√°c.Li√™nH·ªá: 0798 995 388 Giao To√†n Qu·ªëc",1,0,1,personal_number
"Ben Em nhan lam cac loai gplx may,oto..chung minh thu,can cuoc,dang ki xe,bang cap 3 den dai hoc va tat ca giay to khac,LH 0877.607.954 giao hang thu tien",1,0,1,personal_number
"Game b√†i ƒë·ªïi th∆∞·ªüng uy t√≠n, t√†i x·ªâu x√≥c ƒëƒ©a md5, t·∫∑ng code 50k mi·ªÖn ph√≠, LINK:k98.me",1,1,0,personal_number
"Kh√°ch h√†ng m·ªõi n·∫°p ƒë·∫ßu th∆∞·ªüng cao nh·∫•t l√™n ƒë·∫øn 446,664K! K8 Tang ban 100k Nap 1trieu tang 1 trieu Link dki: https://t.ly/w0ldg Huong dan tai: https://t.ly/tMcwc Ho tro cskh qua tele: @k8nhacaiso1 LQEbk",1,1,0,personal_number
"THE THAO THUONG 2TR3, SLOT THUONG 230K TANG 90K KHI XAC MINH TAI KHOAN NAP TIEN LAN DAU TANG NGAY 50K DKY TAI: https://t.ly/oScnl lMEtM",1,1,0,personal_number
"cv on dinh luong tra theo hang ngay can tuyen nhung nguoi yeu cv .,mien phi 300k cho thanh vien nhan duoc tin nhan: ip de nhan: zalo.me/g/fpfhxp689",1,1,0,personal_number
taq ngay 8'8'8K khi d/ky tai:bit.ly/Frw2T5 diem danh nhan 124.3K rut lien 6Rg8,1,1,0,personal_number
"B√™n e l√†m t·∫•t c·∫£ c√°c lo·∫°i b·∫±ng c·∫•p v√† gi·∫•y t·ªù. B·∫±ng l√°i xe ,b·∫±ng C·∫•p 3 ƒë·∫øn ƒê·∫°i h·ªçc..Cavet, CƒÉn c∆∞·ªõc. K·∫øt h√¥n.Khai sinh v√† t·∫•t c·∫£ c√°c lo·∫°i gi·∫•y t·ªù kh√°c. L∆∞u h√†nh s·ª≠ d·ª•ng to√†n qu·ªëc.Giao t·∫≠n n∆°i m·ªõi thu ti·ªÅn. L.H: 0964.085.181(zalo:H∆∞∆°ng Ly)-Qu√Ω kh√°ch c√≥ nhu c·∫ßu nh·∫Øn tin v√†o zalo KH√îNG tr·∫£ l·ªùi l·∫°i tin nh·∫Øn n√†y-",1,0,1,personal_number
3Jfu Ng dung mo'i naq 1OOK V..N..D de nh@n 188k-1888k diem: bit.ly/46mkyZ2 Nhan ngay qu√• t√•g DK n √• p dau 1 7 7 K Nh√§n ngay 177 K Ta¬° : bit.ly/7Wi2nE NOmQ,1,1,0,personal_number
D√∏n Gi√§ng Sinh cung VNX0S0. Co H√∏i nh√§n Iph√∏ne 15Plus va nhieu ph√§n qu√§ h√§p d√§n. N√§p dau 88 k nh√§n 88 k. H√∏√§n Tr√§ 3%. X0S0 Ti Le 1x99.9. tinyurl.com/f4gk0n,1,1,0,personal_number
"Chi c√§n 2O phut m√∂i ng√§y gi√§o vien chuyen nghiep c√∂ the huong d√§n ban kiem 500k-3000k, Them Telegram: t.me/Nguyenthingocthuy00",1,1,0,personal_number
"Kiem 6OOk-3OOOk chi c√§n 20 phut m√∂i ngay. Chung t√∂i c√∂ nhung G.V chuyen nghiep huong d√§n ban. Neu muon kiem tien, Them vao Telegram: t.me/huyenbkv DEgI",1,1,0,personal_number
"Xuan Phat Tai - Phat Loc Yeu Thuong Tang von 1OO% -n√•p dau b√•n' c√•-n√∂ h√º, 1 tay la an bit.ly/Mpl3z4hg jpG",1,1,0,personal_number
Choi JILI PG nhan ngay 888k.Tang ban KM nap 100% rut sieu toc 5s ! t.ly/IvS0V plsPv,1,1,0,personal_number
Dang ky +++ 558k ! nap 50k nhan 108k toi da 8.888k + li xi mien phi. No Hu . Ban Ca . DK t.ly/udZA4 ekjut,1,1,0,personal_number
Dang ky +++ 558k ! nap 50k nhan 108k toi da 8.888k + li xi mien phi. No Hu . Ban Ca . DK t.ly/2t8lY sgcJR,1,1,0,personal_number
Dang ky + 558k .( Nap 50k nhan 108k ) 1 vong cuoc la rut MAXX 8.888k. No Hu . Ban Ca. BCR... DK : t.ly/DJyj1 ZnReS,1,1,0,personal_number
Quoc khanh tang JDP ban ca 75k Tang tan thu 100% xien nap Nhan lixi tai t.ly/pEHtQ MfBUa,1,1,0,personal_number
D/Ki + 558k. ( N-ap 5Ok nh√§n 1O8k ) 1 vong cu√∂c la rut MAXX 8.888k. Htra tuc thi 3%. N/√∂ h/√º - B/√§n C/√§. BCR... DK: ibvif.cc/LbFzDg ~noyc,1,1,0,personal_number
Dang ky + 558k .( Nap 50k nhan 108k ) 1 vong cuoc la rut MAXX 8.888k. hoan tra tuc thi 3% No Hu . Ban Ca. BCR... DK : t.ly/qo3No ZAELu,1,1,0,personal_number
"D/nhap nh√§n 5Ok , thu√∂ng them tong ngan 1O8k , x1 vong cuoc. Giao dien dep tr-nghiem muot ma, n-ap rut 5s. DK: dsu1d.cc/HKHt1w ~zyfh",1,1,0,personal_number
8DAY Thuong Tan Thu Loc 80K (OF67QL411IO) trai nghiem mphi thang rut ngay.HSD Code 24h.HOANTRA 1.3. NAPDAU 200PTRAM. Tham gia tai t.ly/azvVE Dki t√§ng 58K~ 8386K Iink: dsu1d.cc/QV6eCs ~PH4J,1,1,0,personal_number
Dang ky nhan 88.000k . KM hot nap dau nhan 288k x1 vong cuoc . DK t.ly/a0GYg lmADZ,1,1,0,personal_number
"Giaitri2Q tangban 68K (NQ0106E5G88QL28) choithu, nap200 nhanngay 368 , sieuhoantra 1.4%, cuuthua 8% moingay. Tham gia nhan thuong tai t.ly/HBQ_l",1,1,0,personal_number
Dang ky nhan ngay 88.000k mien phi Su kien sieu Hot nap dau nhan ngay 238k x1 vong cuoc. Chuc AE may man t.ly/O4mad,1,1,0,personal_number
"T√§ng 888K, 888K! 888K Nh√§n ngay 88K MPhi, tu: gv2xu.cc/WlhXzU ~u9pa",1,1,0,personal_number
"Xin ch√†o, c√≥ ph·∫£i b·∫£n ƒëang mu·ªën t√¨m c√¥ng vi·ªác kh√¥ng? V·ªõi m·ª©c l∆∞∆°ng l√† 6tr-36tr m·ªói th√°ng v·ªõi c√¥ng vi·ªác ho√†n to√†n h·ª£p ph√°p v√† ƒë·∫£m b·∫£o thu nh·∫≠p. M·ªói ng√†y b·∫°n nh·∫≠n th·∫•p nh·∫•t l√† 800k, ki·∫øm ti·ªÅn t·∫°i nh√† ƒë∆°n gi·∫£n. zalo.me/84918759421 D∆∞·ªõi 23 tu·ªïi vui l√≤ng kh√¥ng li√™n h·ªá tham gia N·∫øu nh∆∞ b·∫°n c√≥ nhu c·∫ßu vui l√≤ng li√™n h·ªá zalo ID D·ªãch v·ª• 1 v·ªõi 1 :84918759421",1,1,1,personal_number
"Tai khoan cua ban da dang ky chuong trinh quang cao tren Tiktok, moi thang thu phi 3,600,000VND. Vui long vao https://techcombank.vn-iy.life de kiem tra hoac de huy",1,1,0,brandname
"Ban van muon biet thong tin c√°c cu·ªôc g·ªçi trong luc tat may, hoac ngoai vung phu song. Hay dang ky ngay d·ªãch v·ª• MCA (BAO CU·ªòC G·ªåI NHO) Soan: DV MCA gui 9084",1,0,0,personal_number
Th0ng ba0: BIDV nang cap he thong. Vui l0ng dang nhap https://b0dv.xyz va nang cap. Neu kh0ng tai khoan se bi kh0a. aabd,1,1,0,brandname
Chung toi phat hien tai khoan cua ban dang tieu dung o nuoc ngoai. Neu khong phai ban dang tieu dung vui long nhap vao https://pv-bank.com de huy thanh toan,1,1,0,brandname
"B·ªô giao th√¥ng v·∫≠n t·∫£i, xin th√¥ng b√°o √¥ng/b√† c√≥ bi√™n lai ch∆∞a n·ªôp ph·∫°t. H√¥m nay l√† th√¥ng b√°o cu·ªëi c√πng. Y√™u c·∫ßu nhanh ch√≥ng gi·∫£i quy·∫øt m·ªçi th·∫Øc m·∫Øc Vui l√≤ng li√™n h·ªá 0782320830",1,0,1,brandname
Chung toi phat hien tai khoan cua ban dang tieu dung o nuoc ngoai. Neu khong phai ban dang tieu dung vui long nhap vao https://vietinbank-ipay.com de huy thanh toan,1,1,0,brandname
"ACB: tai khoan cua ban da mo dich vu tai chinh toan cau phi dich vu hang thanh la 2,000,000VND se bi tru trong 2 gio. Neu khong phai ban mo dich vu vui long nhan vao https://acb-online-center.com de huy",1,1,0,brandname
"Vietinbank tran trong thong bao, tai khoan cua quy khach hien tai da bi khoa. Dang nhap https://www.vniatinbanks.cc de xac thuc ngay hom nay",1,1,0,brandname
"C√≤n 28 l∆∞·ª£t ƒëƒÉng k√Ω cu·ªëi c√πng! Xin ch√†o, c√≥ ph·∫£i b·∫°n ƒëang mu·ªën t√¨m c√¥ng vi·ªác kh√¥ng? V·ªõi m·ª©c l∆∞∆°ng l√† 6tr-36tr m·ªói th√°ng v·ªõi c√¥ng vi·ªác ho√†n to√†n h·ª£p ph√°p v√† ƒë·∫£m b·∫£o thu nh·∫≠p M·ªói ng√†y b·∫°n nh·∫≠n th·∫•p nh·∫•t 800k, ki·∫øm ti·ªÅn t·∫°i nh√† ƒë∆°n gi·∫£n N·∫øu nh∆∞ b·∫°n c√≥ nhu c·∫ßu vui l√≤ng li√™n h·ªá zalo ID :84904595364 D∆∞·ªõi 23 tu·ªïi vui l√≤ng kh√¥ng li√™n h·ªá tham gia Sao ch√©p li√™n k·∫øt v√†o tr√¨nh duy·ªát :https://zalo.me/84904595364 D·ªãch v·ª• 1 v·ªõi 1",1,1,1,brandname
"Ngan Hang VPBANK THONG BAO. Chuc Mung Tai Khoan Cua LE THI HOA XU√ÇN Nhan Duoc 1 Luot ""QUAY SO - MIEN PHI"", Nhan Ngay 1 Trong 3 Phan Qua Gom: 1 iPhone 11 512GB. 1 Tivi LG 4K 55inch. 10 Trieu Dong Vao Tai Khoan. Truy Cap Website: https:// login-online.com.vn/ De Thuc Hien Luot QUAY SO MAY MAN MIEN PHI.G·ªçi V√†o 1900 54 54 15.Xin Cam On!",1,1,1,personal_number
"Xin ch√†o, t√¥i l√† tr∆∞·ªüng ph√≤ng nh√¢n s·ª± c·ªßa Cty HVS hi·ªán t·∫°i Cty ƒëang tuy·ªÉn d·ª•ng nh√¢n vi√™n b√°n th·ªùi gian. Ti·ªÅn l∆∞∆°ng ƒë∆∞·ª£c tr·∫£ h·∫±ng ng√†y. B·∫°n c√≥ th·ªÉ l√†m vi·ªác t·∫°i nh√† v√† thu nh·∫≠p t·ª´ 15tr ƒë·∫øn 30tr m·ªôt th√°ng b√¨nh qu√¢n 500k-1tr/ng√†y. C√¥ng vi·ªác ƒë∆°n gi·∫£n v√† c√≥ th·ªÉ th·ª±c hi·ªán m·ªçi l√∫c m·ªçi n∆°i. ƒê·ªÉ ·ª©ng tuy·ªÉn, vui l√≤ng li√™n h·ªá v·ªõi ch√∫ng t√¥i qua. Y√™u c·∫ßu ƒë·ªô tu·ªïi: 22-65 tu·ªïi zalo:zalo.me/849244316850 Li√™n h·ªá/ Zalo: 84924316850",1,1,1,personal_number
VCB Digibank thong bao.tai khoan cua quy khach da dang nhap o mot thiet bi khac.neu khong phai ban vui long dang nhap www.vcbdiglhtbink.com de xac thuc tranh bi lua dao chiem dung tai khoan ban!,1,1,0,brandname
"MCREDIT THONG BAO: HD 1000320070070400 - HO NGOC HOAI QUAN da tre hen thanh toan 17 ngay. So tien qua han: 1,947,000d(bao gom lai qua han). Thanh toan gap trong hom nay.",1,0,0,personal_number
"Sau nhi·ªÅu l·∫ßn nh·∫Øc nh·ªü, ng∆∞·ªùi th√¢n √îng/B√† l√† N√îNG HO√ÄNG M·∫™N v·∫´n kh√¥ng ra tt kho·∫£n n·ª£ ng√¢n h√†ng 100 tr. Ng√¢n h√†ng v·∫´n kh√¥ng th·∫•y thi·ªán ch√≠ c·ªßa N√îNG HO√ÄNG M·∫™N. Nh·ªù √îng B√†: N√îNG HO√ÄNG KHANG, ns:24/11/1996.nh·∫Øc nh·ªü g·∫•p N√îNG HO√ÄNG M·∫™N li√™n h·ªá thanh to√°n n·ª£. Sau 14h h√¥m nay b√™n T√¥i s·∫Ω chuy·ªÉn HD qua x·ª≠ l√Ω t·∫°i nh√†, li√™n h·ªá ng∆∞·ªùi th√¢n - gia ƒë√¨nh - tham chi·∫øu ƒë·ªÉ thanh l√Ω kho·∫£n vay. ƒê·ªìng th·ªùi m·ªùi l√™n UBND ƒë·ªÉ g·∫∑p chuy√™n vi√™n x·ª≠ l√Ω n·ª£. HD ƒë√£ ghi nh·∫≠n n·ª£ x·∫•u, N·∫øu gia ƒë√¨nh kh√¥ng h·ªó tr·ª£, nh·∫Øc nh·ªü ƒë·ªÉ ƒë·∫øn l√∫c n·ª£ ti·ªÅn t·ª∑ c√≥ h·ªó tr·ª£ c≈©ng kh√¥ng k·ªãp. LH: 0393189602.",1,0,1,personal_number
"DvVCh:oj_Vu,jVe Ch.jenThan.g:H,OTz99N:g:in-M,ayMa'nsk<2srcfxcs.sh-n.com'KfQi",1,1,0,personal_number
"CHUYEN TIEN MOMO QUA GATE CHO BAN QUY KHACH! G·ª≠i 1.000.000ƒë -> nh·∫≠n 999.000ƒë (99,9%) - ƒê∆°n gi·∫£n, nhanh ch√≥ng, ti·ªán l·ª£i! T·∫£i app Momo: https://t.ly/S45xH L∆∞u √Ω: kh√¥ng chia s·∫ª m√£ n√†y v·ªõi ng∆∞·ªùi kh√°c. Giao d·ªãch n√†y kh√¥ng t√≠nh l·ªá ph√≠.",1,1,0,personal_number
H√£y nh·∫≠n th∆∞·ªüng t·ª´ Ng√¢n h√†ng Vietcombank v·ªõi c∆° h·ªôi nh·∫≠n ƒë∆∞·ª£c s·ªë ti·ªÅn l·ªõn! ƒêƒÉng k√Ω t√†i kho·∫£n ngay t·∫°i https://vcb.vn-iy.life ƒë·ªÉ nh·∫≠n th∆∞·ªüng ngay! Tr√¢n tr·ªçng!,1,1,0,brandname
Su dung cuoc mien phi khong can nap S73qtEP ! Cuoc v√†o 3+ su kien (ty le tu 1.4). Hieu luc den 23.08 Kiem tra tai C√†i dat t√†i khoan. https://slim.link/CbB DLS,1,1,0,personal_number
dE e jiUP Ank tk0ai m4i  d3m nay t3le: gvhkimngan,1,0,0,personal_number
e G4ii mmu0N m4ng l4i ck0 ah su fucc Vu t0t nk4t t3le: tvhhanhthu  ,1,0,0,personal_number
"(ca si no) tr·ª±c tuy·∫øn ph√∫ qu·ªëc hoan ngh√™nh b·∫°n, k·∫øt b·∫°n zalo g√°i xinh  ƒë·ªÉ ƒë∆∞·ª£c h∆∞·ªõng d·∫´n nh·∫≠n ngay 200k zalo:: 056376730",1,0,0,personal_number
Ban co quen thanh toan cho don hang nay khong? Sieu Sale 9.9 se ket thuc trong 24h nua. Kiem tra ngay https://qyy.nu/HZCpUS91,1,1,0,brandname
Ban co quen thanh toan cho don hang nay khong? Sieu Sale 9.9 se ket thuc trong 2 ngay. Kiem tra ngay https://qyy.nu/pLSACb9c,1,1,0,brandname
(TB) Qu·ªπ V√¨ tr·∫ª em khuy·∫øt t·∫≠t Vi·ªát Nam k√™u g·ªçi qu√Ω v·ªã h√£y h·ªó tr·ª£ tr·∫ª khuy·∫øt t·∫≠t c√≥ c∆° h·ªôi t·ªõi tr∆∞·ªùng b·∫±ng c√°ch nh·∫Øn tin: TEKT g·ª≠i 1407 ƒë·ªÉ ·ªßng h·ªô 20.000 ƒë·ªìng/tin nh·∫Øn. Th·ªùi gian ƒë·∫øn h·∫øt ng√†y 23/07/2024. Ph√≠ nh·∫Øn tin 300ƒë/tin. Chi ti·∫øt li√™n h·ªá 19001530 nh√°nh 6 (1000ƒë/ph√∫t) ho·∫∑c truy c·∫≠p https://1400.vn/vitreemkhuyettat ƒë·ªÉ qu√©t m√£ QR ·ªßng h·ªô.,1,1,1,brandname
"(TB) Quy khach da nap the/dang ky/gia han goi cuoc VinaPhone va duoc nhan ma du thuong 00043010274 tham gia CTKM ""SINH NHAT NONG - CHAY MUA BONG"" voi co hoi trung giai thuong: 50 TV SAMSUNG 75 inch, ",1,0,0,brandname
"(TB) T·ªï ch·ª©c/c√° nh√¢n t·ª± nguy·ªán giao n·ªôp v≈© kh√≠, v·∫≠t li·ªáu n·ªï, c√¥ng c·ª• h·ªó tr·ª£ v√† ph√°o s·∫Ω ƒë∆∞·ª£c chi th∆∞·ªüng, c·ª• th·ªÉ: s√∫ng qu√¢n d·ª•ng 1.000.000 ƒë/kh·∫©u; s√∫ng h∆°i, s√∫ng th·ªÉ thao, s√∫ng t·ª± ch·∫ø, s√∫ng c√¥ng c·ª• h·ªó tr·ª£, d√πi cui ƒëi·ªán: 600.000ƒë/chi·∫øc; c√¥ng c·ª• h·ªó tr·ª£ kh√°c: 100.000ƒë/CCHT; ƒë·∫°n qu√¢n d·ª•ng, ƒë·∫°n s√∫ng CCHT: 5.000ƒë/vi√™n; tr√°i ƒë·∫°n, l·ª±u ƒë·∫°n, bom, m√¨n c√°c lo·∫°i: 50.000ƒë/tr√°i; thu·ªëc n·ªï: 50.000ƒë/kg; c√°c lo·∫°i ph√°o, thu·ªëc n·ªï: 50.000ƒë/kg; k√≠p n·ªï, d√¢y m·ªìi n·ªï: 30.000ƒë/m√©t. Giao n·ªôp t·∫°i C√¥ng an c·∫•p x√£ v√† C√¥ng an c·∫•p huy·ªán.",1,0,0,brandname
"(TB) Qu·ªπ B·∫£o tr·ª£ tr·∫ª em Vi·ªát Nam k√™u g·ªçi ·ªßng h·ªô tr·∫ª em c√≥ ho√†n c·∫£nh ƒë·∫∑c bi·ªát, kh√≥ khƒÉn tr√™n to√†n qu·ªëc nh√¢n Th√°ng h√†nh ƒë·ªông V√¨ tr·∫ª em nƒÉm 2024 b·∫±ng c√°ch ·ªßng h·ªô qua t√†i kho·∫£n: TEVN t·∫°i Vietcombank.",1,0,0,brandname
Thoi han goi di cua quy khach sap het. Xin vui long nap the de tiep tuc su dung cac dich vu cua VinaPhone.,1,0,0,shortcode
"(TB) BV Ph·ªïi Trung ∆∞∆°ng, Qu·ªπ h·ªó tr·ª£ ng∆∞·ªùi b·ªánh chi·∫øn th·∫Øng b·ªánh lao k√™u g·ªçi Qu√Ω v·ªã ƒë·ªìng h√†nh v√¨ m·ª•c ti√™u ch·∫•m d·ª©t b·ªánh lao. H√£y so·∫°n tin TB g·ª≠i 1402 (20.000ƒë/tin nh·∫Øn). Ho·∫∑c truy c·∫≠p website: https://1400.vn/hotrodieutribenhlao, UH qua qu√©t m√£ QR. Tr√¢n tr·ªçng c·∫£m ∆°n!",1,1,0,brandname
"(TB) ƒê√ìN TH·∫¶N T√ÄI, T·∫∂NG L·ªòC XU√ÇN t·ªõi b·∫°n b√®, ng∆∞·ªùi th√¢n v·ªõi t√≠nh nƒÉng L√¨ x√¨ c√° nh√¢n, L√¨ x√¨ nh√≥m, ƒë·∫∑c bi·ªát L√¨ x√¨ qua QR Avatar ƒë·ªôc ƒë√°o b·∫±ng A.I l·∫ßn ƒë·∫ßu ti√™n tr√™n VNPT Money. Th·ª≠ ngay t·∫°i https://km.vnptmoney.vn/LiXi2024. LH 18001091 (#3).",1,1,1,brandname
(TB) Chuc Mung Quy Khach da dang ky thanh cong goi MI_D6V tr√™n app My VNPT. Thong tin chi tiet truy cap My VNPT http://onelink.to/v58hh4 hoac lien he 18001091,1,1,1,brandname
(QC) KM: Bot la nhuom toc OGATIC ra mat san pham moi 2023! Giam gia 30% tu 21/11 - 25/11 khi dat mua tai: https://shop.ogatic.vn/sp-moi-2023 Phone: 0246.292.6990 . Tu choi soan TC OGATIC.VN gui 1551 hoac lien he 18001091 (mien phi).,1,1,1,brandname
"(TB) K·ª∑ ni·ªám 70 nƒÉm chi·∫øn th·∫Øng ƒêi·ªán Bi√™n Ph·ªß, MTTQ Vi·ªát Nam k√™u g·ªçi ·ªßng h·ªô l√†m nh√† cho ng∆∞·ªùi ngh√®o c·ªßa t·ªânh ƒêi·ªán Bi√™n, b·∫±ng c√°ch chuy·ªÉn kho·∫£n t·ªõi Qu·ªπ V√¨ ng∆∞·ªùi ngh√®o Trung ∆∞∆°ng, s·ªë t√†i kho·∫£n: DBP07052024 t·∫°i Vietinbank. ",1,0,0,brandname
https://www.google.com/search?q=cash688299.com  .V.A..O. .g.O.O.g.L.E..108-188...K.. .B..E.A.N ,1,1,0,personal_number
"(TB) K·ª∑ ni·ªám 70 nƒÉm chi·∫øn th·∫Øng ƒêi·ªán Bi√™n Ph·ªß, MTTQ Vi·ªát Nam k√™u g·ªçi ·ªßng h·ªô l√†m nh√† cho ng∆∞·ªùi ngh√®o c·ªßa t·ªânh ƒêi·ªán Bi√™n, b·∫±ng c√°ch chuy·ªÉn kho·∫£n t·ªõi Qu·ªπ V√¨ ng∆∞·ªùi ngh√®o Trung ∆∞∆°ng, s·ªë t√†i kho·∫£n: DBP07052024 t·∫°i Vietinbank.   ",1,0,0,brandname
Web truong bi hack roi ! LH telegram : t.me/haykhum minh ban toan bo csdl cua truong nhe !,1,1,0,brandname
t.ly/PDAB CV—¥ l N ph√°t ·π±h ∆∞ ·ªü g ae 1OOO·πØ ·ª∑ —¥ √† o 1 ·∫ñ√†g Th √° ng  lFrwO,1,0,0,personal_number
t.ly/xZ4h HTra IenTOl 1 8 8 8 K.N4/P &Thuog Cho ae 5O NGlN.(B C A. N H U) 3.O %  mwBLL,1,1,0,personal_number
"t.ly/OZQw KM n·∫°p 1 th∆∞·ªüg 1 t·ªâl·ªá c∆∞·ª£ccao,c∆∞·ª£c t·∫∑g 2888ng√¨n  BpNDa",1,1,0,personal_number
 Rut ko c4nnap KVVlN TAG 199 k - 399 k n4pdau TRAlNGHlEM GEM-BAl XANH 9  VAO c19.kwin668.com  hPNNO,1,1,0,personal_number
"(TB) ƒê·ª™NG B·ªé L·ª† ∆ØU ƒê√ÉI ƒê·∫∂C BI·ªÜT M√ôA WORLD CUP - VinaPhone t·∫∑ng ngay 20% cho ri√™ng B·∫°n khi n·∫°p th·∫ª v√†o H√îM NAY 13/12/2022 (KM s·ª≠ d·ª•ng g·ªçi/nh·∫Øn tin trong 15 ng√†y). ƒê·∫∑c bi·ªát, khi n·∫°p th·∫ª t·ª´ 20.000ƒë, B·∫°n ƒë∆∞·ª£c nh·∫≠n ngay m√£ d·ª± th∆∞·ªüng v·ªõi c∆° h·ªôi tr√∫ng 1 chuy·∫øn du l·ªãch Singapore tr·ªã gi√° 20.000.000ƒë ho·∫∑c th·∫ª n·∫°p tr·ªã gi√° 1.000.000ƒë. Chi ti·∫øt t·∫°i https://my.vnpt.com.vn/adv/BaySing ho·∫∑c LH 18001091 (0ƒë).",1,1,1,brandname
"(TB) TI·∫æP S·ª®C M√ôA WORLD CUP - VinaPhone t·∫∑ng ngay 20% cho ri√™ng B·∫°n khi n·∫°p th·∫ª v√†o NG√ÄY MAI 13/12/2022 (KM s·ª≠ d·ª•ng g·ªçi/nh·∫Øn tin trong 15 ng√†y). ƒê·∫∑c bi·ªát, khi n·∫°p th·∫ª t·ª´ 20.000ƒë, B·∫°n ƒë∆∞·ª£c nh·∫≠n ngay m√£ d·ª± th∆∞·ªüng v·ªõi c∆° h·ªôi tr√∫ng 1 chuy·∫øn du l·ªãch Singapore tr·ªã gi√° 20.000.000ƒë ho·∫∑c th·∫ª n·∫°p tr·ªã gi√° 1.000.000ƒë. Chi ti·∫øt t·∫°i https://my.vnpt.com.vn/adv/BaySing ho·∫∑c LH 18001091 (0ƒë).",1,1,1,brandname
"(TB) CU·ªêI TU·∫¶N N·∫†P TH·∫∫ - VUI V·∫∫ BAY SING! VinaPhone t·∫∑ng ngay 20% khi n·∫°p th·∫ª v√†o H√îM NAY 09/12/2022 (KM s·ª≠ d·ª•ng g·ªçi/nh·∫Øn tin trong 15 ng√†y). ƒê·∫∑c bi·ªát, khi n·∫°p th·∫ª t·ª´ 20.000ƒë, B·∫°n ƒë∆∞·ª£c nh·∫≠n ngay m√£ d·ª± th∆∞·ªüng v·ªõi c∆° h·ªôi tr√∫ng 1 chuy·∫øn du l·ªãch Singapore tr·ªã gi√° 20.000.000ƒë ho·∫∑c th·∫ª n·∫°p tr·ªã gi√° 1.000.000ƒë. Chi ti·∫øt t·∫°i https://my.vnpt.com.vn/adv/BaySing ho·∫∑c LH 18001091 (0ƒë).",1,1,1,brandname
"Click http://ads.mytv.com.vn/Uu3RoK so huu ngay app MyTV giai tri ""sang xin min"", voi >180 kenh truyen hinh, kho phim Viet Galaxy chieu rap, phim Hollywood bom tan, dien anh My, bo Chau A noi bat, cung cac su kien the thao dinh cao. LH 18001166 (0d)",1,1,1,shortcode
"(TB) ƒê·ª´ng b·ªè l·ª° ∆ØU ƒê√ÉI 20%, VinaPhone t·∫∑ng ri√™ng B·∫°n khi n·∫°p th·∫ª H√îM NAY 06/12/2022 (khuy·∫øn m·∫°i s·ª≠ d·ª•ng g·ªçi/nh·∫Øn tin trong 15 ng√†y). ƒê·∫∑c bi·ªát, khi n·∫°p th·∫ª t·ª´ 20.000ƒë, B·∫°n ƒë∆∞·ª£c nh·∫≠n m√£ d·ª± th∆∞·ªüng v·ªõi c∆° h·ªôi tr√∫ng 01 chuy·∫øn du l·ªãch SINGAPORE tr·ªã gi√° 20.000.000ƒë ho·∫∑c th·∫ª n·∫°p tr·ªã gi√° 1.000.000ƒë. Chi ti·∫øt t·∫°i https://my.vnpt.com.vn/adv/BaySing ho·∫∑c LH 18001091 (0ƒë).",1,1,1,brandname
"(TB) Vui c√πng WORLD CUP, VinaPhone t·∫∑ng ri√™ng B·∫°n 20% khi n·∫°p th·∫ª v√†o NG√ÄY MAI 06/12/2022 (khuy·∫øn m·∫°i s·ª≠ d·ª•ng g·ªçi/nh·∫Øn tin trong 15 ng√†y). ƒê·∫∑c bi·ªát, khi n·∫°p th·∫ª t·ª´ 20.000ƒë, B·∫°n ƒë∆∞·ª£c nh·∫≠n m√£ d·ª± th∆∞·ªüng v·ªõi c∆° h·ªôi tr√∫ng 01 chuy·∫øn du l·ªãch Singapore tr·ªã gi√° 20.000.000ƒë ho·∫∑c th·∫ª n·∫°p tr·ªã gi√° 1.000.000ƒë. Chi ti·∫øt t·∫°i https://my.vnpt.com.vn/adv/BaySing ho·∫∑c LH 18001091 (0ƒë).",1,1,1,brandname
"(TB) ∆ØU ƒê√ÉI M√ôA WORLD CUP - VinaPhone t·∫∑ng ngay 20% khi B·∫°n n·∫°p th·∫ª v√†o H√îM NAY 02/12/2022 (KM s·ª≠ d·ª•ng g·ªçi/nh·∫Øn tin trong 15 ng√†y). ƒê·∫∑c bi·ªát, khi n·∫°p th·∫ª t·ª´ 20.000ƒë, B·∫°n ƒë∆∞·ª£c nh·∫≠n ngay m√£ d·ª± th∆∞·ªüng v·ªõi c∆° h·ªôi tr√∫ng 1 chuy·∫øn du l·ªãch Singapore tr·ªã gi√° 20.000.000ƒë ho·∫∑c th·∫ª n·∫°p tr·ªã gi√° 1.000.000ƒë. Chi ti·∫øt t·∫°i https://my.vnpt.com.vn/adv/BaySing ho·∫∑c LH 18001091 (0ƒë).",1,1,1,brandname
"""V√¨ ng∆∞·ªùi ngh√®o - kh√¥ng ƒë·ªÉ ai b·ªã b·ªè l·∫°i ph√≠a sau"", M·∫∑t tr·∫≠n T·ªï qu·ªëc Vi·ªát Nam k√™u g·ªçi c√°c t·ªï ch·ª©c, c√° nh√¢n h√£y chung tay ·ªßng h·ªô gi√∫p ƒë·ª° ng∆∞·ªùi ngh√®o b·∫±ng c√°ch chuy·ªÉn kho·∫£n t·ªõi Qu·ªπ V√¨ ng∆∞·ªùi ngh√®o Trung ∆∞∆°ng, s·ªë t√†i kho·∫£n: V999 t·∫°i Vietcombank. Tr√¢n tr·ªçng c·∫£m ∆°n nghƒ©a c·ª≠ cao ƒë·∫πp c·ªßa qu√Ω v·ªã.",1,0,0,brandname
"Phong Vu moi Quy khach co bien nhan CP20-J22103382 den nhan lai san pham. Thoi gian lam viec tu 8g den 17g moi ngay (tru chu nhat,ngay le). Xin cam on!",1,0,0,brandname
"Ch√†o m·ª´ng Ng√†y Chuy·ªÉn ƒë·ªïi s·ªë qu·ªëc gia 10.10 v√† Th√°ng 10. Th√°ng ti√™u d√πng s·ªë, ng∆∞·ªùi d√¢n ƒë∆∞·ª£c mi·ªÖn ph√≠ ho·∫∑c ∆∞u ƒë√£i khi s·ª≠ d·ª•ng s·∫£n ph·∫©m, d·ªãch v·ª• s·ªë. Chi ti·∫øt t·∫°i ƒë·ªãa ch·ªâ: https://dx.gov.vn.",1,1,0,brandname
"DIEM NV2 KHONG TOT? BTEC FPT van con 30 co hoi cuoi, theo duoi NGANH HOC YEU THICH Nhan bang Anh Quoc, duoc gioi thieu viec lam btec.fpt.edu.vn/r/du 0329605828",1,1,1,brandname
"[Th√¥ng b√°o] H·ªôi th·∫£o tr·ª±c tuy·∫øn ""Kh√¥ng tr√∫ng tuy·ªÉn nguy·ªán v·ªçng y√™u th√≠ch? Bi·∫øn nguy th√†nh c∆°"" v·ªõi s·ª± tham gia c·ªßa c√°c kh√°ch m·ªùi, chuy√™n gia t√¢m l√Ω ƒë·∫øn t·ª´ nhi·ªÅu tr∆∞·ªùng ƒë·∫°i h·ªçc ƒëang di·ªÖn ra. ƒê·ªÉ kh√¥ng b·ªè l·ª° c∆° h·ªôi ƒë∆∞·ª£c tham d·ª±, l·∫Øng nghe v√† ƒë·∫∑t c√¢u h·ªèi tr·ª±c ti·∫øp cho c√°c chuy√™n gia, m·ªùi qu√Ω ph·ª• huynh & th√≠ sinh truy c·∫≠p li√™n k·∫øt: https://us02web.zoom.us/j/81558445815. Hotline: (028) 7300 5588",1,1,1,brandname
"H·ªôi th·∫£o tr·ª±c tuy·∫øn tr√™n n·ªÅn t·∫£ng Zoom v·ªõi ch·ªß ƒë·ªÅ ""Kh√¥ng tr√∫ng tuy·ªÉn nguy·ªán v·ªçng y√™u th√≠ch? Bi·∫øn nguy th√†nh c∆°"" ƒëang di·ªÖn ra. Ch∆∞∆°ng tr√¨nh c√≥ s·ª± tham gia c·ªßa c√°c kh√°ch m·ªùi, chuy√™n gia t√¢m l√Ω ƒë·∫øn t·ª´ nhi·ªÅu tr∆∞·ªùng ƒë·∫°i h·ªçc. M·ªùi qu√Ω ph·ª• huynh, th√≠ sinh tham gia h·ªôi th·∫£o t·∫°i: https://us02web.zoom.us/j/81558445815 ho·∫∑c Zoom ID: 81558445815.Hotline: (028) 7300 5588",1,1,1,brandname
"H·ªôi th·∫£o tr·ª±c tuy·∫øn tr√™n n·ªÅn t·∫£ng Zoom v·ªõi ch·ªß ƒë·ªÅ ""Kh√¥ng tr√∫ng tuy·ªÉn nguy·ªán v·ªçng y√™u th√≠ch? Bi·∫øn nguy th√†nh c∆°"" s·∫Øp b·∫Øt ƒë·∫ßu trong 1 ti·∫øng n·ªØa. Ch∆∞∆°ng tr√¨nh c√≥ s·ª± tham gia c·ªßa c√°c kh√°ch m·ªùi, chuy√™n gia t√¢m l√Ω ƒë·∫øn t·ª´ nhi·ªÅu tr∆∞·ªùng ƒë·∫°i h·ªçc. M·ªùi qu√Ω ph·ª• huynh, th√≠ sinh tham gia h·ªôi th·∫£o t·∫°i: https://us02web.zoom.us/j/81558445815 ho·∫∑c Zoom ID: 81558445815.Hotline: (028) 7300 5588",1,1,1,brandname
"B·ªô Th√¥ng tin v√† Truy·ªÅn th√¥ng tr√¢n tr·ªçng ƒë·ªÅ ngh·ªã Ng∆∞·ªùi d√¢n c√πng chung tay, g√≥p s·ª©c v·ªõi doanh nghi·ªáp vi·ªÖn th√¥ng nh·∫±m ngƒÉn ch·∫∑n cu·ªôc g·ªçi r√°c: Khi nh·∫≠n ƒë∆∞·ª£c tin nh·∫Øn kh·∫£o s√°t c·ªßa doanh nghi·ªáp (ƒë∆∞·ª£c g·ª≠i t·ªõi ngay sau c√°c cu·ªôc g·ªçi c√≥ d·∫•u hi·ªáu nghi ng·ªù l√† cu·ªôc g·ªçi r√°c) h√£y ch·ªß ƒë·ªông ph·∫£n h·ªìi (ch·ªçn ph∆∞∆°ng √°n tr·∫£ l·ªùi t∆∞∆°ng ·ª©ng v·ªõi k·∫øt qu·∫£ ""C√≥"" ho·∫∑c ""Kh√¥ng"" tr√™n tin kh·∫£o s√°t). Tr√¢n tr·ªçng c·∫£m ∆°n!",1,0,0,brandname
Your Pizza Hut verification code 395,1,0,0,brandname
Hoi thao Hoi&Dap Tuyen sinh 2022 - Dai hoc FPT da bat dau. Moi Quy PH-HS tham du bang duong link: https://us02web.zoom.us/j/84853187652 hoac Zoom ID: 848 5318 7652. Mat khau vao phong: FPT. Hotline (028) 7300 5588. Tran trong,1,1,1,brandname
"Chi con 5 phut, Hoi thao Hoi&Dap Tuyen sinh 2022 - Dai hoc FPT se bat dau. Moi Quy PH-HS tham du bang duong link: https://us02web.zoom.us/j/84853187652 hoac Zoom ID: 848 5318 7652. Mat khau vao phong: FPT. Hotline (028) 7300 5588.",1,1,1,brandname
(QC) Chuc mung ban da du dieu kien mo MIEN PHI the tin dung TPBank EVO han muc len toi 50 trieu dong. Hoan tien 10% moi giao dich. Tu choi soan BL gui 1379. Dang ky online: https://evocard.tpb.vn/offer/esms,1,1,0,brandname
"G.em moi Awin tag ban 299k khi tai app, x3 nap dau, rut ngay ko can nap, ch√∂i TLMN, X.√∂c-D.ia, N.√∂hu...dinhcao. cIick : https://athd.cc/5TyUoM",1,1,0,personal_number
"1/6 ap gem DWIN tag c()de 99k. x3 nap lan dau.choi gem bai,nohu,...tai: http://chutjf.space/r/Dbc8O0iBQe LH nhan c()de tele: http://chutjf.space/r/osO0ewBiiX Ac",1,1,0,personal_number
"Het tien ma k muon phien nguoi khac,ting ting co den 1O0tr vnd.(WaO0).Dang ki ngay: http://coccit.xyz/r/1qE1MmvkJW .",1,1,0,personal_number
"s0 Dang Ky Nhan Ngay 88K Free. Nap Dau Nhan 188K, Va Nhieu Uu Dai Hap Dan.AE Den Ngay Nao! DWyq1eb.LnEwR.tech rU",1,1,0,personal_number
YH 888b - tang tan thu code 60K trai nghiem ( H6Y1Y1907T39X) choi thang rut ngay. Nap dau tang them 100% cuc hot. jOeR5Rv.Gezne.de i7V,1,0,0,personal_number
"bm Dang Ky Tang 58K, Nap Dau Tang 1OO%. Hoan Tra Khong Gioi Han. jccT4Pv.Gezne.de yLI",1,0,0,personal_number
"hI Dang Ky Tang 58K, Nap Dau Tang 1OO%. Hoan Tra Khong Gioi Han. xqiG3Qv.Gezne.de rCO",1,1,0,personal_number
"3i Dang Ki Tang 88K, Nap Dau Tang 188K,Va Nhieu Uu Dai Khac. Thang Rut Cuc Nhanh, Chuc AE Thang Lon. tixa1kv.Gezne.de dk",1,1,0,personal_number
"5qr Dang Ki Tang 88K, Nap Dau Tang 188K, Thang Rut Cuc Nhanh, Chuc AE Thang Lon. OLsO8Rv.Gezne.de Qvq",1,1,0,personal_number
"Dang Ki Tang 88K, Nap Dau Tang 188K, Thang Rut Cuc Nhanh mjPb.Gezne.de",1,1,0,personal_number
wE0 kcfU2Ac.ZqpLe.de uu dai dac biet no hu ban ca thuong tuan len toi 13.888k cx,1,1,0,personal_number
"Ps  nhan luon 588k vao vi khi cai app va dang ky, Mong ban dai thang drwhcP.GeqrE.me fr",1,1,0,personal_number
TS25.ut.edu.vn r√† so√°t th·∫•y B·∫°n ch∆∞a ƒëƒÉng k√Ω nguy·ªán v·ªçng x√©t tuy·ªÉn. Tham gia link https://zalo.me/g/aogehp593 ƒë·ªÉ ƒë∆∞·ª£c h·ªó tr·ª£ t·ªët nh·∫•t.,1,1,0,brandname
"1A  uu dai cuc hot nhan ngay 588k free tu app, Gui loi chuc ban rinh thuong khung ddlsxP.LnEwR.tech ep",1,1,0,personal_number
San pham trong gio hang cua ban van chua duoc thanh toan. Thanh toan ngay de duoc giao hang som: https://go.cps.onl/2n3tbjwe . Ho tro: 18002097,1,1,1,brandname
