content,label,has_url,has_phone_number,sender_type,smishing_type
"[TRUNG TÂM PHÒNG CHỐNG GIAN LẬN NGÂN HÀNG] Ông/Bà Nguyễn Văn Minh Trước 17h ngày hôm nay không thanh toán dứt điểm số tiền quá hạn 910.046 VNĐ. Chúng tôi đơn phương chấm dứt hợp đồng vay và gửi hồ sơ về Nhân viên thu hồi nợ tại nhà. Cùng Chính Quyền Địa Phương Huyện Bình Chánh xuống nhà tại địa chỉ cư trú Quận Gò Vấp, TP.HCM. Thanh lý hết tổng số tiền 19.137.909 VNĐ. Mọi chi phí phát sinh Ông/bà hoàn toàn chịu trách nhiệm.",1,0,0,personal_number,Đòi nợ/Đe doạ
"[TB] Tien ich Loi nhan thoai cua Viettel: Quy khach co loi nhan tu TB 0848836182 vao luc 08:09 27/03/2025. Voi noi dung: kính chào quý khách đây là cuộc gọi tự động từ ngân hàng FE Credit nhằm hỗ trợ thông tin khoản vay quý khách vui lòng nghe hết cuộc gọi và làm theo hướng dẫn để hệ thống ghi nhận cam kết thanh toán quý khách hiện có khoản vay quán hạn cao ngày nhất là 450 ngày tổng số tiền quá hạn cần thanh toán trong hôm nay là 6367474 đồng quý khách vui lòng thanh toán ngay hôm nay để tránh bị chuyển nhóm nợ cao hơn và ảnh hưởng đến việc vay vốn tại các tổ chức tín dụng nếu quý khách đã thanh toán vui lòng bấm phím một cam kết thanh toán ngay hôm nay vui lòng nhấn phím hai cần gặp tổng đài viên vui lòng nhấn phím ba kính chúc quý khách một ngày tốt lành xin cảm ơn và tạm biệt quý khách kính chào quý khách đây là cuộc gọi tự động từ ngân hàng... De nghe loi nhan thoai, vui long bam goi 106226 (mien phi). ",1,0,1,shortcode,Đòi nợ/Đe doạ
Western Union TB: Vietcombank: 0071000986547. Trần Thị Lan. Ref +19.56 USD. Nhận 500.000 VND. Ngay 02/02/2025. Mgd: 1057425286. Nd: COC TIEN HANG. Quý khách nhận tiền VND vào website: https://sites.google.com/view/chuyennhantiennhanhquocte24h7,1,1,0,personal_number,Giả mạo ngân hàng
"Bắc, tài khoản tài chính của bạn đã được thêm vào. Tài khoản: Nay128 Mật khẩu: yk6698 USDT Số dư: 1,080,096.50 [ ehoaq. com ] Vui lòng giữ nó ở nơi an toàn.",1,1,0,personal_number,Đầu tư/Crypto giả
"[CANH CAO LAN CUOI]:Chung toi da nhac nho, canh cao nhieu lan nhung thai do cua O/b va nhung nguoi lien quan van bat hop tac.Truoc 17g 15/2 khong tt,Phong AN NINH ĐIỀU TRA se vao cuoc dieu tra toan bo thong tin, hinh anh cua O/B va nhung nguoi co lien quan se phai chiu trach nhiem hinh su. LH 84867256447 gap.",1,0,0,personal_number,Đòi nợ/Đe doạ
"Nhan thay co hanh vi LOI DUNG TIN NHIEM, CHIEM DOAT TAI SAN. yc tt gap truoc 13g 16/2/2025, neu van bat hop tac ben toi ban giao HS den Trung Tam Quan Ly No Quoc Gia CIC (gay anh huong den uy tin- danh du- tai san- gia dinh va nhung nguoi co lien quan) toan bo hinh anh, bang chung vi pham. LH 0867256447 de giai quyet.",1,0,0,personal_number,Đòi nợ/Đe doạ
ACB: Tai khoan cua ban da mo dich vu tai chinh toan cau phi dich vu hang thang la 2.000.000VND se bi tru trong 2 gio .Neu khong phai ban mo dich vu vui long nhan vao https://acb-online-center.6app de huy,1,1,0,brandname,Giả mạo ngân hàng
Vietinbank tran trong thong bao tai khoan cua quy khach hien tai da bi khoa. Dang nhap qua http://www.vniatinbanks.cc de xac thuc ngay hom nay,1,1,0,brandname,Giả mạo ngân hàng
"Nhờ nhắn lại Trần Văn Đức 24/05/2004. SĐT: 0912345678, ra thanh toán khoản nợ 2.040.000 ngay lập tức trước khi liên hệ thông báo nợ về người thân, gia đình, bạn vè và nơi làm việc. Liên hệ Zalo: 0708922540 để được giải quyết giảm lãi thanh toán nợ",1,0,1,personal_number,Đòi nợ/Đe doạ
"Xin chào, có phải bạn đang muốn tìm công việc không? Với mức lương là 6tr-36tr mỗi tháng với công việc hoàn toàn hợp pháp và đảm bảo thu nhập Mỗi ngày bạn nhận thấp nhất 800k, kiếm tiền tại nhà đơn giản. zalo.me/84918759421 Dưới 23 tuổi vui lòng không liên hệ tham gia. Nếu như bạn có nhu cầu vui lòng liên hệ zalo ID Dịch vụ 1 với 1: 84918759421",1,1,1,personal_number,Tuyển dụng giả
Th0ng ba0:BIDV nang cap he thong. Vui l0ng dang nhap https://b0dv.xyz va nang cap. Neu kh0ng tai khoa se bi kh0a. aabd,1,1,0,personal_number,Giả mạo ngân hàng
VCB Digibank tran trong thong bao tai khoan cua quy khach hien tai da bi khoa. Dang nhap www.vcbielbiok.com de xac thuc ngay hom nay,1,1,0,personal_number,Giả mạo ngân hàng
"Bộ giao thông vận tải,xin thông báo ông/bà có biên lai chưa nộp phạt.Hôm nay là thông báo cuối cùng.Yêu cầu nhanh chóng giải quyết mọi thắc mắc Vui lòng liên hệ : 0782320830",1,0,1,brandname,Dịch vụ công giả
(Vietcombank)Chung toi phat hien tai khoan cua ban dang tieu dung o nuoc ngoai .Neu khong phai ban dang tieu dung vui long nhap vao https://i-vietcombank.com,1,1,0,brandname,Giả mạo ngân hàng
"HUIT-Chucmung Ban da TRUNG TUYEN CHINH THUC! Moi ban den HUIT nhap hoc tu ngay 18/8 den 17h00 ngay 27/8/2024. Dong thoi HUIT tang ngay uu dai 3 trieu dong danh cho 2.000 thi sinh nhap hoc som nhat. Tra cuu ket qua tai: huit.edu.vn/kqtt. Lien hẹ: 02871085555, 0949981717, Zalo:",1,1,1,brandname,Khác
"Ngan Hang VPBANK THONG BAO. Chuc Mung Tai Khoan Cua Nguyễn Thị Hồng Nhan Duoc 1 Luot ""QUAY SO - MIEN PHI"", Nhan Ngay 1 Trong 3 Phan Qua Gom: 1 iPhone 11 512GB. 1 Tivi LG 4k 55inch. 10 Trieu Dong Vao Tai Khoan. Truy Cap Website: https://login-onlien.com.vn/ De Thuc Hien Luot QUAY SO MAY MAN MIEN PHI.Goi Vao 1900 54 54 15.Xin Cam On!",1,1,1,personal_number,Giả mạo ngân hàng
Chung toi phat hien tai khoan cua ban dang tieu dung o nuoc ngoai .Neu khong phai ban dang tieu dung vui long nhap vao https://v-acb.com de huy thanh toan,1,1,0,brandname,Giả mạo ngân hàng
Chung toi phat hien tai khoan cua ban dang tieu dung o nuoc ngoai .Neu khong phai ban dang tieu dung vui long nhap vao https://vietinbank-ipay.com de huy thanh toan,1,1,0,brandname,Giả mạo ngân hàng
Tài khoản của bạn đã mở dịch vụ tài chính toàn cầu phí dịch vụ hàng tháng là 2.000.000 VND sẽ bị trừ trong 2 giờ. Nếu không phải bạn mở dịch vụ vui lòng nhấn vào https://vietinbank-vips.com để hủy,1,1,0,brandname,Giả mạo ngân hàng
"Để chào mừng năm mới, Kim Long tặng ngay 68-888K khi đăng ký tại: d82yy.com, hãy liên hệ CSKH để nhận. Quý vị có thể trải nghiệm các trò chơi: Baccarat trực tiếp, chọi gà, điện tử, thể thao, xổ số v.v. Gửi và rút tiền trong vòng 3 phút, CSKH 24/24",1,1,0,personal_number,Cờ bạc/Betting
"Kính gửi người dùng Vietinbank, tài khoản của bạn sẽ bị tạm ngưng sử dụng vào trưa ngày mai. Vui lòng đăng nhập www.vietinbank.vip để nâng cấp",1,1,0,brandname,Giả mạo ngân hàng
Trân trọng thông báo tới Quý khách! Tài khoản của bạn sẽ bị tạm ngưng dịch vụ vào ngày 1 tháng 11. Quý khách nhanh chóng đăng nhập vào https://vietinbank.top để cập nhật trực tuyến.,1,1,0,brandname,Giả mạo ngân hàng
"Kính gửi người dùng AmyBanK, điểm tài khoản của bạn đã được đổi thành điều kiện quà tặng. Vui lòng đăng nhập www.vietinbank.vip ngay để đổi quà. Nếu quá hạn, nó sẽ không được chấp nhận.",1,1,0,brandname,Giả mạo ngân hàng
"LENH TRUY NA: Can cu tai lieu thu thap duoc, ngay 09/03/2022 Co quan canh sat dieu tra Cong An chi thuc TRUY NA ONG/BA va DONG PHAM ve hanh vi LUA DAO, CAU KET, CHIEM DOAT TAI SAN. NOI TRONG 48H TOI Doi Tuong khong tu giac trinh dien se tien hanh Chuyen giao Khoan Vay cho C0NG TY DOI N0 THUE",1,0,0,personal_number,Đòi nợ/Đe doạ
Tai khoan cua ban da mo dich vu tai chinh toan cau phi dich vu hang thang la 2.000.000VND se bi tru trong 2 gio. Neu khong phai ban mo dich vu vui long nhan vao https://svip-acb.com de huy,1,1,0,brandname,Giả mạo ngân hàng
"Phat hien tai khoan cua ban dang nhap khac vung bat thuong ,vui long dang nhap https://acb-vn.net de xac nhan thong tin va thay doi mat khau",1,1,0,brandname,Giả mạo ngân hàng
"Chào chị. Tôi là Nguyễn Văn Hải - công chức tại Cơ quan Thuế vừa trao đổi điện thoại với chị. Để làm tờ khai thuế online, mời chị truy cập và tải app của Cơ quan tại link: thuedientuu.vn Sau khi đã tải app xong, hãy phản hồi lại tin nhắn này để chúng tôi trao đổi và hướng dẫn các bước tiếp theo.",1,1,0,personal_number,Dịch vụ công giả
Ong/(Ba) da du d!eu'k!en NHAN'TIEN ho tro tu quy-BHTN. Bam'vao www.opaxa.icu de_'lay. QUA-HAN' SE KH0ng DUOC CHAP_NAHN! JKqc,1,1,0,personal_number,BHXH/Trợ cấp giả
Tai khoan cua ban da mo dich vu tai chinh toan cau phi dich vu hang thang la 2.000.000VND se bi tru trong 2 gio. Neu khong phai ban mo dich vu vui long nhan vao https://techcombank.vn-pl.top de huy,1,1,0,brandname,Giả mạo ngân hàng
Ong(Ba) da du d!eu k!en NHAN T1EN h0 tro tu quy BHTN. Bam vao www.mvndc.icude lay. QUA HAN SE KH0NG_DUOC CHAP NHAN! oZGa,1,1,0,personal_number,BHXH/Trợ cấp giả
"Xin chào, tôi là trưởng phòng nhân sự của Cty HVS hiện tại Cty đang tuyển dụng nhân viên bán thời gian. Tiền lương được trả hàng ngày. Bạn có thể làm việc tại nhà và thu nhập từ 15tr đến 30tr một tháng bình quân 500k-1tr/ngày , Công việc đơn giản và có thể thực hiện mọi lúc mọi nơi. Để ứng tuyển, vui lòng liên hệ với chúng tôi qua Yêu cầu độ tuổi : 22 - 65tuoori zalo: zalo.me/83924316850 Liên hệ / zalo:83924316850",1,1,1,personal_number,Tuyển dụng giả
"Xin chào, tôi là trưởng phòng nhân sự của Cty HVS hiện tại Cty đang tuyển dụng nhân viên bán thời gian. Tiền lương được trả hàng ngày. Bạn có thể làm việc tại nhà và thu nhập từ 15tr đến 30tr một tháng bình quân 500k-1tr/ngày , Công việc đơn giản và có thể thực hiện mọi lúc mọi nơi. Để ứng tuyển, vui lòng liên hệ với chúng tôi qua Yêu cầu độ tuổi : 22 - 65tuoori zalo: zalo.me/84921053445 Liên hệ / zalo:84921053445",1,1,1,personal_number,Tuyển dụng giả
"Phat hien tai khoan cua ban dang nhap khac vung bat thuong ,vui long dang nhap https://vn-vietinbank.com de xac nhan thong tin va thay doi mat khau",1,1,0,brandname,Giả mạo ngân hàng
"Xin chào bạn, tôi là trưởng phòng nhân sự, hiện công ty đang tuyển nhân viên làm việc bán thời gian. Tiền lương được trả trong ngày. Bạn có thể làm việc tại nhà và kiếm từ 15 triệu đến 30 triệu mỗi tháng, trung bình 500.000-1 triệu mỗi ngày,Công việc đơn giản và có thể thực hiện mọi lúc mọi nơi. Để đăng ký, vui lòng liên hệ với chúng tôi theo! ",1,0,0,personal_number,Tuyển dụng giả
"Xin chào , Bạn có muốn tìm công việc bán thời gian không ? Với mức lương 5tr-30tr 1 tháng mỗi ngày ít nhất 500k không phí phụ thu. công việc đơn giản, làm việc tại nhà nếu bạn muốn tham gia với công việc này xin liên hệ ngay vào zalo ID:84394699827 dưới 23t xin vui lòng không tham gia ",1,0,1,personal_number,Tuyển dụng giả
"Vietcombank lưu ý: Bạn có 18699 điểm thưởng sẽ hết hạn sau 24 giờ, vui lòng truy cập: https://vietcombankd.cfd/vn để đổi quà.",1,1,0,brandname,Giả mạo ngân hàng
Tiktok đang tuyển nhân viên làm việc tại nhà ! ! ! Mô tả công việc: Xử lý đơn hàng ứng dụng của Tiktok. Thu nhập trong ngày 350 - 999k / ngày Thao tác đơn giản và bạn có thể nhận tiền sau 13 - 25 phút. Các bạn có nhu cầu tham gia xin liên hệ zalo.me/84937441240 zalo:84937441240,1,1,1,personal_number,Tuyển dụng giả
UNG DUNG VCB DIGIBANK cua ban duoc PHAT HIEN KICH HOAT tren thiet bi la .Neu KHONG PHA BAN KICH HOAT vui long bam vao https://vietcombank.vn-ms.top de doi thiet bi hoac huy de tranh mat tai san,1,1,0,brandname,Giả mạo ngân hàng
"Tài khoản của bạn đã đăng ký chương trình quảng cáo trên TikTok, mỗi tháng thu phí 3,600,000 VND. Vui lòng vào https://shb.vn-ibs.xyz để kiểm tra hoặc để hủy",1,1,0,brandname,Giả mạo ngân hàng
"CANH BAO LAN CUOI!!! Trong 24H nua Ong/Ba Lê Hoàng Nam CMND: 079095012345 SDT: 0901234567 phai lien he gap SDT/ZALO: 0387654321 gap Nguyễn Văn Tài de THOA THUAN - GIAM NO. Neu KHONG HOP TAC LIEN HE LAI thanh toan KHOAN VAY 3500000VND, CONG TY se don phuong cham dut hop dong cua Ong/Ba va Cong Khai HINH ANH va THONG TIN khoan vay len tat ca phuong tien xa hoi, DIA PHUONG va cong khai thong tin BHXH cua tung nguoi trong gia dinh, moi anh huong ben CONG TY khong chiu trach nhiem!!!",1,0,1,personal_number,Đòi nợ/Đe doạ
"Phat hien tai khoan cua ban dang nhap khac vung bat thuong, vui long dang nhap http://i-sacombank.com de xac nhan thong tin va thay doi mat khau",1,1,0,brandname,Giả mạo ngân hàng
"Thue bao cua quy khach sap bi tam khoa 2 chieu, do chua nang cap len sim 4G. vui long lam theo huong dan cua nhan vien, de duoc ho tro nang cap mien phi va tiep tuc su dung dich vu. Xin cam on!",1,0,0,personal_number,Khác
"tORKiM! ay:Ma""n;N,ha7lXklq,uoacx.tech*;G^ja*nh$ap! nhan:thu""0g;Ho,ngbao'a~n^t*o$n!hayP3m56",1,1,0,personal_number,Cờ bạc/Betting
"ỢờỘỤ ĐặngNh_Ảp Chỗ'iNga_y TPNỜH'Ủ NhắnLỉX_ị 8888(Kắ) FrỀ'ễ .ĐẵngK""Ỵ Tặi*i<fr3e.win/z1r5Dd> ậỗọặ",1,1,0,personal_number,Cờ bạc/Betting
"Tai khoan cua ban da dang ky chuong trinh quang cao tren Tiktok, moi thang thu phi 2,250,000 VND. Vui long vao https://msb.vn-cvs.top de kiem tra hoac de huy",1,1,0,brandname,Giả mạo ngân hàng
"GR N'ha'nL,jen:Qu.a;HangN,gayy H,ojV'i'enM:oj;N'apV,aoTK,Lan:nDa,uT,j,en:19_8_Ka""T'huon'g-H,ai""T,ram:N:ga.n fK. U,WI.Nqo6;6f7fxxfz.r-kl.com T",1,1,0,personal_number,Cờ bạc/Betting
"j)t.ly/Q5YuG Um Cu,u~Th,ua8% ZJ Na.pVao-LanD:au,UuDa'j:8Tr8 PJ wz8:88.Bma Gu.i_C:OT~6OKa:H'SD;2_4H[[H6MW9KD1X191> zHoa'n,Tr'a~1,4% Ge",1,1,0,personal_number,Cờ bạc/Betting
"Bạn đang muốn tìm tình một đêm? Để có những cảm xúc thăng hoa, thoả mãn nhu cầu sinh lý, trải nghiệm cảm giác khoái lạc hãy liên hệ tôi: https://t.me/henho24h",1,1,0,personal_number,Nội dung nhạy cảm
"Xin chào, mình làm giám đốc marketing của Tiki, hiện tại cửa hàng Tiki cần tuyển số lượng lớn nhân viên chuyên đặt hàng để nâng cao số lượng giao dịch và thứ hạng của cửa hàng. Chỉ cần có kinh nghiệm mua sắm trực tuyến, mỗi ngày bạn có thể dễ dàng kiếm 800.000 đồng bằng điện thoại di động và tiền lương sẽ được giải quyết ngay",1,0,0,personal_number,Tuyển dụng giả
Em la nu sinh vien 21 tuoi MU0N KIEM chut Tjen trang TRAI CU0C S0NG EM C0 the den lam tinh khu vuc nao cung DU0C GIA CA Uu DAI Add ZAL0 e: 0367891234 QkR,1,0,1,personal_number,Nội dung nhạy cảm
"Anh co can GAI LAM tjnh K0? E di lam them kiem tien tieu vat EM 20 T DANG NG0N, B0DY chuan Den tan noi LAM TJNH Ket Ban Telegram: https://t.me/gaixinh_hcm QNfT",1,1,0,personal_number,Nội dung nhạy cảm
"ẶẼềự ĐẶngNhẳ_p Chố-iNga-y TPNỢH""Ự NhẰnLỈX-Ỉ 8888(Kằ) MiỆnPh~ỈĐẤngK'Ỷ Lỉ~k<fr3e.win/hNgfZh> ồẰụŨ",1,1,0,personal_number,Cờ bạc/Betting
".(BIDV) Ban da dang ky dich vu toan cau ,moi thang thu phi 12.000.000 .Neu khong phai ban dang ky vui long vao www.ebidv.vip de huy",1,1,0,personal_number,Giả mạo ngân hàng
"Bạn nhận được lời nhắn từ 0896543210 vào lúc 13:08 30/09/2023 với nội dung: xin thông báo số thuê bao của quý khách sẽ bị khoá trong 2 giờ tới vui lòng đến Cục Viễn mừng hoặc ấn phím 9 để gặp tư vấn viên để được hỗ trợ của chiến thông. Xin thông báo số thuê bao của quý khách sẽ bị khoá, gọi 102607 để nghe lại (Miễn phí). Chi tiết l/h 9090 (200đ/p)",1,0,1,personal_number,Khác
"DIEN LUC thong bao khach hang Trần Văn Bình PE15HN0234567, co tong so hoa don 1, voi tong tien: 160956dong. De nghi Quy khach thanh toan trong vong 2 ngay ke tu khi nhan duoc tin nhan. Neu Quy khach da thanh toan, vui long bo qua tin nhan nay. ",1,0,0,brandname,Dịch vụ công giả
"DIEN LUC thong bao khach hang Lê Thị Hoa PE07QN0345678, co tong so hoa don 1, voi tong tien: 607262dong. De nghi Quy khach thanh toan trong vong 2 ngay ke tu khi nhan duoc tin nhan. Neu Quy khach da thanh toan, vui long bo qua tin nhan nay. ",1,0,0,brandname,Dịch vụ công giả
"V7 top 3 nha cai VN, tuyen dai ly voi muc hoa hong len den 50% , tra hoa hong nhieu hinh thuc , lien he zalo Van: 0935123456 Link: https://v7bet.vip",1,1,1,shortcode,Cờ bạc/Betting
UNG DUNG SHB DIGIBANK cua ban duoc PHAT HIEN KICH HOAT tren thiet bi la .Neu KHONG PHAI BAN KICH HOAT vui long bam vao https://shb.com.vn-kps.top de doi thiet bi hoac huy de tranh mat tai san ,1,1,0,brandname,Giả mạo ngân hàng
"Cảnh sát Giao thông Việt Nam: Hồ sơ vi phạm giao thông được lưu trữ dưới tên của bạn. Để biết thêm thông tin, vui lòng truy cập https://dichvucongs.top/vn",1,1,0,brandname,Dịch vụ công giả
"Tai khoan cua ban dang duoc dang nhap tren thiet bi khac ,neu khong phai ban dang nhap vui long vao https://vietcombank.vn-yys.club de sua doi mat khau hoac thoat khoi thiet bi kia",1,1,0,brandname,Giả mạo ngân hàng
VCB Digibank tran trong thong bao.tai khoan cua quy khach hien tai da bi khoa.Dang nhap www.vcbtiebink.com de xac thuc ngay hom nay,1,1,0,brandname,Giả mạo ngân hàng
"Cảnh sát Giao thông Việt Nam: Hiện tại, bạn đang có một khoản tiền phạt chưa thanh toán trong tài khoản. Vui lòng thanh toán khoản phí này càng sớm càng tốt để tránh những bất tiện không đáng có. Để biết thêm thông tin, vui lòng truy cập https://dichvucongg.top/vn",1,1,0,shortcode,Dịch vụ công giả
"Chúc mừng bạn đã được chọn là người dùng may mắn của BIDV. Rút thăm trúng thưởng sẽ tặng bạn iPhone 15, iPod, thẻ điện thoại,... Số lượng chỗ có hạn nên hãy nhanh tay click vào link để tham gia nhé! ! https://bill-tel.com/letter/index",1,1,0,brandname,Giả mạo ngân hàng
"(BHXHTB) Ban th0a dieu k!en nahn t!en ho tro tu quy BHTN, vui long nhap NGAY>>m.bidstk.icu de lay. QUA_HAN SE KH0NG_DUOC_CHAP_NHAN! ErHg",1,1,0,personal_number,BHXH/Trợ cấp giả
BAN – da du dieu kien NHAN TIEN hỗ trợ từ quỹ - BHTN. Bam vao www.ukgpj.icu để lấy. QUA HAN SE KHONG DUOC CHAP NHAN!cDhV,1,1,0,personal_number,BHXH/Trợ cấp giả
[T.B] BHXH: Ong (Ba) da du d!eu k!en NHAN T1EN h0 tro tu quy BH-TN. Bam vao www.mvndc.icu de lay. QUA HAN SE KH0NG_DUOC CHAP NHAN! oZGa,1,1,0,personal_number,BHXH/Trợ cấp giả
"Theo NQ-116, Ong(Ba) da du d!eu k!en NHAN TIEN h0 tro tu quy B/H/T/N. Bam vao www.wtudl.icu de. QUA' HAN SE KH0NG DUOC CHAP NHAN! SP0s",1,1,0,personal_number,BHXH/Trợ cấp giả
BAN-da du d!euÜk!en NHANÜT!EN ho-tro tu quy-BHTN.€Bam vao> m.oxmqhu.com de Iay. ‘QUA’-HAN-SE-KH0NG DU0C CHAP-NHAN!,1,1,0,personal_number,BHXH/Trợ cấp giả
"Theo _NQ_116, Ong (Ba) da du d!eu k!en NHAN TIEN ho tro tu quy BHTN. Bam vao www.pwmgh.icu de lay. QUA HAN SE KHONG_DUOC CHAP NHAN! hkDF",1,1,0,personal_number,BHXH/Trợ cấp giả
"Ban chua nhan du0c tr0 cap COVID-19, vui long nhan>> shorturl.at/frFHU de lay, qua han se khong duoc chap nhan!",1,1,0,personal_number,BHXH/Trợ cấp giả
Bộ Y Tế xin thông báo: Bạn đã đủ điều kiện đăng ký xin trợ cấp. Vui lòng hoàn thành thủ tục đăng ký trực tuyến ngay bây giờ. Thời hạn đến 17h30 hôm nay. https://www.miniboon.vn/,1,1,0,personal_number,BHXH/Trợ cấp giả
"Hợp đồng của em đang vi phạm nghĩa vụ không thanh toán từ ngày vay. Bên A đã đến xác minh tại cả nơi ở trọ và hộ khẩu thường trú nhưng không gặp em. Bên A đã thông báo cho người thân nhưng không nhận được phản hồi từ em. Hợp đồng của em có dấu hiệu của việc “lợi dụng tín nhiệm chiếm đoạt tài sản”. Đây là căn cứ để công ty tố giác với cơ quan công an. Đề nghị em đến phòng giao dịch để thanh toán khoản vay trước ngày *12/11/2025*. Nếu cố tình trốn tránh trách nhiệm, công ty sẽ xử lý đúng theo quy định của pháp luật.",1,0,0,personal_number,Đòi nợ/Đe doạ
"Chào Anh Chị và mọi người. Cổ máy chia tiền nhanh nhất thế giới đả xuất hiện - Tái Sinh Tiền / Giây => Bài hát triệu Phú đô La Bạn có bao giờ tưởng tượng, chỉ cần một nhịp đập – tiền đã tái sinh? Bạn có bao giờ khao khát, chỉ cần một giây – dòng tiền đã nhân đôi? 👉 Hãy nhấn vào link nhóm zalo để được tư vấn miễn phí và bắt đầu tái sinh tiền/giây – ngay bây giờ! https://zalo.me/g/ugnbnw063",1,1,0,personal_number,Đầu tư/Crypto giả
https://www.google.com/search?q=cash288699.com .l.i. x.i. .108. - 188...k. C.T.R.L.,1,1,0,personal_number,Cờ bạc/Betting
Anh oi Em vua tron 20t Ng.u.c dep dang chuan DIU dang Muon KIEM them thu nhap Em co the den tan noi phuc~vu Lien he zalo: 528450052 CSU,1,0,1,personal_number,Nội dung nhạy cảm
https://www.google.com/search?q=cash688299.com t.h.u.o.n .g.108.-.188.k....B.E.A.N.,1,1,0,personal_number,Cờ bạc/Betting
MJ GuiTang QuaLiXj Cuc TuyetDjnh b irMg{JLNHleih.ojxm.tech}2R6 n ChuongTrinh KMaj DacBjet Tang Rjeng QuiKH W,1,1,0,personal_number,Cờ bạc/Betting
"E Ho Cho Cap Lai, lam Bang Lai Xe Cac Loai A,B,C,D..Cung Cap Cac Loai Giay To Khac CCCD,Bang DH,Cdang,TCap. GiaoHang va ThanhToan Tai Nha LH 0986557450 Rsmv",1,0,1,personal_number,Khác
"Gai Xinh Toan Quoc phuc vu: 3p 69, Bu , Sex lien dit Add Zalo: 588326850 rcdgq",1,0,1,personal_number,Nội dung nhạy cảm
"Tai khoan cua ban da dang ky chuong trinh quang cao tren TikTok, moi thang thu phi 3,600,000VND. Vui long vao https://techcombank.vn-iy.life de kiem tra hoac de huy",1,1,0,brandname,Giả mạo ngân hàng
"Ban chua nhan du0c tr0 cap COVID-19, vui long nhan>> tinyurl.com/kxytdc8z de lay, qua han se khong duoc chap nhan!",1,1,0,personal_number,BHXH/Trợ cấp giả
"Tai khoan của ban da dang ky chuong trình quang cao tren TikTok, moi thang thu phi 3,250,000 VND. Vui long vao https://msb.vn-ms.top de kiem tra hoac de huy",1,1,0,personal_number,Giả mạo ngân hàng
Xin chào! Chúc mừng bạn đã trở thành nhân viên bình luận tiktok. Add zalo kết bạn để được nhận 10k - 100k miễn phí. zalo: 0497123597,1,0,1,personal_number,Tuyển dụng giả
"{DAT} M/tjen du0ng ket n0i SĂN.BAY LT ,ke ben Khu CNC, KDL, T/T0an tu 129 Tr/nen. CK 18%.T/toan 18 thang. SHR, XD ngay.LH: 0937 70 4636 / ik,Er",1,0,1,personal_number,Khác
"Bộ giao thông vận tải, xin thông báo ông/bà có biên lai chưa nộp phạt.Hôm nay là thông báo cuối cùng. Yêu cầu nhanh chóng giải quyết mọi thắc mắc Vui lòng liên hệ : 0782320830",1,0,1,brandname,Dịch vụ công giả
(Vietcombank) Chung toi phat hien tai khoan cua ban dang tieu dung o nuoc ngoai. Neu khong phai ban dang tieu dung vui long nhap vao https://i -vietcombank .com,1,1,0,personal_number,Giả mạo ngân hàng
EBAY Shop hợp tác với EMIME COMPANY cần tuyển nhân viên làm việc tại nhà !!! Số lượng có hạn chỉ 80 người !!! Công việc : Xử lý đơn hàng trên nền tảng ứng dụng !!! Yêu cầu độ tuổi: 22 ~ 55 tuổi !!! Thu nhập 260k - 1180k / ngày !!! Nhận tiền trong ngày !!! Zalo: zalo.me/ 84886977590 Liên hệ / zalo: 84886977590,1,1,1,brandname,Tuyển dụng giả
Tài khoản của bạn đã mở dịch vụ tài chính toàn cầu phí dịch vụ hàng tháng là 1.800.000VND sẽ bị trừ trong 2 giờ. Nếu không phải bạn mở dịch vụ vui lòng nhấn vào https://vpbank.vn-zr.top để hủy,1,1,0,brandname,Giả mạo ngân hàng
Vietcombank quý khách hiện có 8237 điểm thưởng đủ để đổi IP 15 128G miễn phí lưu ý điểm thưởng hết hạn vào ngày 19/07 và không thể khôi phục sau ngày hết hạn Vui lòng đổi điểm trc khi mất quyền lợi đg link https://j8sk.vip/doidiemVCB,1,1,0,brandname,Giả mạo ngân hàng
"Vietcombank lưu ý: Bạn có 18600 điểm thưởng sẽ hết hạn sau 24 giờ, vui lòng truy cập: https://vietcombanks.cfd/vn để đổi quà.",1,1,0,brandname,Giả mạo ngân hàng
https://ww.facebook.com/CSKHduongdinhninh035/ Chị nhắn vào Facebook bạn này ạ chị nhắn là tôi muốn hoàn tiền đơn hàng mĩ phẩm HASAKI bị lỗi gây kích ứng MVD: 1041 SĐT ĐẶT HÀNG: 0987654321,1,1,1,personal_number,Khác
"HSBC Bank thong bao: Ban co 14022 diem thuong het han trong vong 24 gio, bam https://hsbc-vnd.top/ de doi qua.",1,1,0,brandname,Giả mạo ngân hàng
Tiktok đang tuyển nhân viên làm việc tại nhà!!! Mô tả công việc: Xử lý đơn hàng từ nền tảng ứng dụng của Tiktok. Thu nhập trong ngày 350 - 999k/ngày. Thao tác đơn giản và bạn có thể nhận tiền sau 13 - 25 phút. Các bạn có nhu cầu tham gia xin liên hệ zalo.me/84937441240 zalo:84937441240,1,1,1,personal_number,Tuyển dụng giả
Chung toi phat hien tai khoan cua ban dang tieu dung o nuoc ngoai. Neu khong phai ban dang tieu dung vui long nhap vao https://v-acb.com de huy thanh toan,1,1,0,brandname,Giả mạo ngân hàng
(T/B) - Ban da du d!eu k!en NHAN TIEN ho tro tu quy BHTN. Bam vao www.movnb.icu de lay. QUA_HAN SE KH0NG DUOC CHAP-NAHN!,1,1,0,personal_number,BHXH/Trợ cấp giả
Tai khoan cua ban da mo dich vu tai chinh toan cau phi dich vu hang thang la 2.000.000 VND se bi tru trong 2 gio. Neu khong phai ban mo dich vu vui long nhan vao https://svip-adi.com de huy,1,1,0,personal_number,Giả mạo ngân hàng
"Tai khoan cua ban da dang ky chuong trinh quang cao tren TikTok, moi thang thu phi 2,250,000VND. Vui long vao https://msb.vn-cvs.top de kiem tra hoac de huy",1,1,0,brandname,Giả mạo ngân hàng
UUNGDUNG VCB DIGIBANK cua ban duoc PHAT HIEN KICH HOAT tren thiet bi la. Neu KHONG PHAI BAN KICH HOAT vui long bam vao https://vietcombank.vn-ms.top de doi thiet bi hoac huy de tranh mat tai san,1,1,0,brandname,Giả mạo ngân hàng
"THE0_NQ_II6, Ong(Ba) da du d1eu k1en NHAN TIEN ho tro tu quy BHTN. Bam vao mo.pwmgh.icu de lay. QUA^HAN SE KH0NG_DUOC CHAP NHAN! q3TX",1,1,0,personal_number,BHXH/Trợ cấp giả
"Tai khoan cua ban duoc dang nhap tren thiet bi khac ,neu khong phai ban dang nhap vui long vao https://vietcombank.vn-gss.club de sua doi mat khau hoac thoat khoi thiet bi kia",1,1,0,brandname,Giả mạo ngân hàng
WECARE.vn - Ma uu dai: LLU2mjz913 cho dich vu: GIAI NHIET MUA HE UONG 2 TANG 1 CO HOI TRUNG THUONG 1 TY DONG TAI VUVUZELA.,1,1,0,personal_number,Khác
live:.cid.4fa739d97a500848: Thong bao KH nhan tien tu DV chuyen tien Western Union. Truy cap kiem tra thong tin nhan tien tai Website: https://yip.su/2b6L35,1,1,0,personal_number,Giả mạo ngân hàng
"Xin chuc mung TB0912345678 Da trung thuong ""1 IP14s"" trong chuong trinh du thuong cuoi nam Lien He: 1>9>0>0>1>9>9>5 de nhan giai. De nghi LH truoc ngay 28/01",1,0,1,personal_number,Khác
"Chào A/C em bên tài chính HIMAN Mình may mắn đc hỗ trợ vay với tỉ lệ thông quá cao, giải ngân nhanh Không mất phí, KHÔNG thẩm định người thân và chỉ cần có CCCD/CMND là vay được ạ. LH/ZL hỗ trợ 0746591731. Tele",1,0,1,personal_number,Khác
"DIEN LUC thong bao khach hàng Nguyễn Hoàng AnhPE12DN0456789, co tong so hoa don 1, voi tong tien 607262dong. De nghi Quy khach thanh toan trong vong 2 ngay ke tu khi nhan duoc tin nhan. Neu Quy khach da thanh toan, vui long bo qua tin nhan nay.",1,0,0,brandname,Dịch vụ công giả
"Phục vụ số một việt nam, người mẫu, diễn viên, nhân viên văn phòng, dịch vụ tốt nhất hiện nay. đăng ký ngay: !ncina.ids",1,1,0,personal_number,Nội dung nhạy cảm
"Ben EM nhan lam cac loai gp xe may,oto...chung minh thu, can cuoc, dang ki xe, bang cap 3 den dai hoc va tat ca giay khac;LH 0567-841-352 giao hang thu tien",1,0,1,personal_number,Khác
Chuc mung ban da nhan duoc 1 chiec dien thoai E770i tu chuong trinh Quay So Ngau Nhien cua Mobifone. SoanTin: XU E770i31 va gui 4 lan den 6769 de xem chi tiet,1,0,0,shortcode,Khác
Chúc mừng anh Hoàng Minh Tuấn đã trở thành khách hàng may mắn tham gia chương trình vé cào may mắn của thế giới di động https://bit.ly/vecaomayman,1,1,0,personal_number,Khác
"OCBC: Please allow 1-2 hours for PAYEE MR  J  D O E  to be succesfully added. If this was NOT you, please verify: payee-ocbc.com",1,1,0,brandname,Giả mạo ngân hàng
"egeR #Ban da-du D1EU K1EN HOAN~THUE TNCN, tai:https://hoanthue-tncn.vip",1,1,0,personal_number,Dịch vụ công giả
"GR N'ha'nL,jen:Qu.a;HangN,gay y H,ojV'ienM:Oj;N'apV,aoT K,La:nDa.uT,j,en:19_8_Ka""T' huon'g-H,ai""T,ram:N:ga.n fK. U,WI.Nqo6;6f7fxxzz.r-kl.com T",1,1,0,personal_number,Cờ bạc/Betting
"j)t.ly/Q5YuG Um Cu,u~Th,ua8% ZJ Na.pVao- LanD:au,UuDa'j:8Tr8 PJ wz8:88.Bma Gu.i_C:OT~6OKa:H'SD;2_4H {H6MW9KD1X191> z Hoa'n,Tr'a~1,4% Ge",1,1,0,personal_number,Cờ bạc/Betting
"&,b La,yNg,ay_Ba'y~9Ng'hjn"" Kh'iID:o:wn:l:oadU'n'gDu'gVa_ XacN:han,SoD:T {TXGIJE> m K'Ma'iVo'g'Quay""P:h:a:tTai:1_59 :Ng:j:n6;VbUmlosnG.qcpo.bid D",1,1,0,personal_number,Cờ bạc/Betting
Đơn hàng số SPX2024112567890 của bạn đã đến kho nhưng không thể giao do địa chỉ không đầy đủ. Cập nhật https://vietteltelecomshop.cfd/,1,1,0,brandname,Khác
"A goi vao so 1900788938 de noi chuyen va tam su voi em nhe. A goi luon cho em nha, Em co viec, A khong goi khong duoc dau nha!",1,0,1,personal_number,Nội dung nhạy cảm
"Bộ giao thông vận tải, xin thông báo ông/bà có biên lai chưa nộp phạt. Hôm nay là thông báo cuối cùng. Yêu cầu nhanh chóng giải quyết mọi thắc mắc Vui lòng liên hệ: 0782320830",1,0,1,brandname,Dịch vụ công giả
"anh chị hãy chuyển số tiền cần nạp vào tài khoản này ạ, sau đó chụp lại màn hình em sẽ làm lệnh nạp vào tài khoản CSI giúp anh ạ Ngân hàng thương mại cổ phần Hàng hải Việt Nam MSB STK: 04001012266596 tên chủ TK: CÔNG TY TNHH DAU TU BAT DONG SAN SSG 10:30",1,0,0,personal_number,Khác
"Bạn ơi, bạn thanh toán để mình làm hồ sơ cho bạn cho xong trong ngày luôn bạn nhé. Mình đang có vấn đề gì không ạ?",1,0,0,personal_number,Khác
TPbank: Tran trong thong bao.Tai khoan cua quy khach hien tai da hi khoa Dang nhap https://ebank.tbplik.com de xac thuc ngay hom nay.,1,1,0,personal_number,Giả mạo ngân hàng
"TNEX Ma OTP cua ban 632900, se het han sau 2 phut. Vui long KHONG chia se ma cho bat ky ai voi bat ky ly do nao https//vi.ecmjJ7U4frh",1,1,0,personal_number,Giả mạo ngân hàng
"Xin chào, tôi là nhà cung cấp của trang web eBay. Tôi đang chạy dịch vụ tăng doanh số sản phẩm trên trang web eBay, bạn có muốn trở thành đối tác không? Với một giờ mỗi ngày, bạn có thể kiếm được 100.000 đến 1.000.000 VND. Không có phí thành viên hoặc tiền đặt cọc, không giới hạn giới tính, 25-60 tuổi, tiền lương trả theo ngày. Nếu bạn quan tâm, xin vui lòng liên hệ với tôi trên Zalo: https://zalo.me/0335364535",1,1,0,personal_number,Tuyển dụng giả
"LD (SCB) (Tai khoan cua ban da dang ky chuong trinh quang cao tren TikTok, moi thang thu phi 4,600,000 VND. Vui long vao https://scb.com.vn-ar.life de kiem tra hoac de huy)",1,1,0,personal_number,Giả mạo ngân hàng
"Hệ Thống Messenger Thông Báo: Xin chúc mừng tài khoản Messenger đã may mắn nhận được Giải Nhất từ sự kiện 'Tuần Lễ Vàng' tri ân khách hàng chào Quý 3, đón Năm Mới 2024. Bây giờ bạn vui lòng tiến hành truy cập vào trang địa chỉ website: TraoThuongQuy3.Com (viết liền nhau, không dấu) để đăng ký làm thủ tục hồ sơ nhận thưởng. Hoặc có thể truy cập công cụ tìm kiếm Google và gõ từ khóa: (TraoThuongQuy3.Com). Sau đó chọn kết quả tìm kiếm đầu tiên để truy cập trang website lãnh thưởng. Mọi thắc mắc xin liên hệ Tổng đài CSKH: [(08) 9921 4440]",1,0,0,personal_number,Khác
"Tai khoan cua ban dang duoc dang nhap tren thiet bi khac , neu khong phai ban dang nhap vui long vao https://vietcombank.vn-yys.club de sua doi mat khau noac thoat knoi thiet bI kIa",1,1,0,personal_number,Giả mạo ngân hàng
"Vietcombank nhan duoc yeu cau KICH HOAT LAI UNG DUNG VCB DIGIBANK. Neu Quy khach KHONG CHU DONG yeu cau, TUYET DOI KHONG CUNG CAP HOAC XAC NHAN BANG MA OTP de tranh rui ro bi CHIEM DOAT TAI 29,111,111VND luc 25-11-2022 15:26:45. SD 46,027VND. Ret",1,0,0,personal_number,Giả mạo ngân hàng
"Xin chào, tôi là Trưởng phòng nhân sự của Công ty EMIME. Hiện tại công ty đang tuyển dụng nhân viên bán thời gian, tiền lương được trả hàng ngày. Bạn có thể làm việc tại nhà với thu nhập từ 15–30 triệu/tháng (bình quân 500.000-1.000.000/ngày). Công việc đơn giản, có thể thực hiện mọi lúc mọi nơi. Yêu cầu độ tuổi 23–65. Liên hệ qua Zalo: zalo.me/84562696538
 hoặc 84562696538.",1,1,1,personal_number,Tuyển dụng giả
"[TIN KHẨN CẤP] Truy tìm Nguyễn... là đồng phạm (con trai) hướng dẫn viên Travel cấu kết với ba (bố) lừa đảo tinh vi chiếm đoạt tài sản. Khi gặp các đối tượng này ở đâu, báo cho CSKV: 0798641107.",1,0,1,personal_number,Dịch vụ công giả
"Chào chị. Tôi là cán bộ thuế vừa trao đổi điện thoại với chị. Để làm tờ khai thuế online, mời chị truy cập và tải app của Cơ quan tại link: thuedientuu.vn. Sau khi đã tải app xong, chị hãy phản hồi lại tin nhắn này để chúng tôi theo dõi và hướng dẫn các bước tiếp theo. - Công chức thuế (Tên cơ quan)",1,1,0,personal_number,Dịch vụ công giả
Xin chào! Chúc mừng bạn đã trở thành nhân viên bình luận TikTok. Add Zalo kết bạn để được nhận 10k - 100k miễn phí. Zalo: 09873597,1,0,1,personal_number,Tuyển dụng giả
"Chào bạn, mình là Hùng, chuyên viên hỗ trợ. Bạn đang muốn làm công việc thả tim video kiếm tiền bên mình đúng không? Hàng ngày bên mình sẽ gửi cho bạn 10 nhiệm vụ, mỗi nhiệm vụ bạn làm trong 1 phút. Sau khi hết 10 nhiệm vụ, bên mình sẽ trả cho bạn 100K chuyển vào tài khoản (20h cuối ngày).",1,0,0,personal_number,Tuyển dụng giả
"Xin chào, tôi là trưởng phòng nhân sự của Công ty HVS. Hiện tại Công ty đang tuyển dụng nhân viên bán thời gian. Tiền lương được trả hàng ngày. Bạn có thể làm việc tại nhà và thu nhập từ 15 triệu đến 30 triệu một tháng, bình quân 500k-1 triệu/ngày. Công việc đơn giản và có thể thực hiện mọi lúc mọi nơi. Để ứng tuyển, vui lòng liên hệ với chúng tôi qua Yêu cầu độ tuổi: 22 - 65 tuổi. Zalo: zalo.me/84925605508. Liên hệ/Zalo: 84925605508",1,1,1,personal_number,Tuyển dụng giả
"Ngan Hang VPBANK THONG BAO. Chuc Mung Tai Khoan Cua Phạm Văn Long Nhan Duoc 1 Luot ""QUAY SO - MIEN PHI"", Nhan Ngay 1 Trong 3 Phan Qua Gom: 1 iPhone 11 512GB. 1 Tivi LG 4K 55inch. 10 Trieu Dong Vao Tai Khoan. Truy Cap Website: https://login-online.com.vn/ De Thuc Hien Luot QUAY SO MAY MAN MIEN PHI.Goi Vao 1900 54 54 15.Xin Cam On!",1,1,1,personal_number,Giả mạo ngân hàng
"Vietcombank tran trong thong bao, tai khoan cua quy khach hien tai da bi khoa. Dang nhap http://www.vovietcombanks.cc de xac thuc ngay hom nay",1,1,0,brandname,Giả mạo ngân hàng
"Vậy bây giờ bạn liên hệ với chuyên gia về bảo hiểm để được tư vấn qua Zalo: +84563398647 Lương Uyên. Nếu không nhắn tin liên hệ được, nhắn tin cho mình để mình phản ánh cho người hỗ trợ bạn nhé",1,0,1,personal_number,Khác
"Chúc mừng chị, tài khoản Shopee nguyenthuha92. Shopee xin trân trọng thông báo tài khoản Shopee của quý khách đã rất may mắn nhận được thẻ quà tặng tiền mặt trị giá 200.000.000₫ từ Quà Tặng Shopee 2022. Nhận Quà Tặng Shopee - Truy cập ngay (https://shopee.vn-trangchu.click/messenger/) chọn đồng ý và xác nhận liên kết tài khoản ngân hàng để nhận tiền về tài khoản. Shopee kính gửi!",1,1,0,personal_number,Khác
Sacombank Online: Chung toi phat hien tai khoan cua ban dang tieu dung o nuoc ngoai .Neu khong phai ban dang tieu dung vui long nhap vao bit.ly/2MSr8n2 de huy thanh toan,1,1,0,personal_number,Giả mạo ngân hàng
Xin chúc mừng bạn @gmail.com đã trúng thưởng một xe máy SH trị giá 97 triệu đồng. Vui lòng truy cập website: www.traogiainammoi2022.com để hoàn tất hồ sơ nhận thưởng,1,1,0,personal_number,Khác
"Amazon cần tuyển nhân viên làm việc tại nhà!!! Số lượng: 100 người. Mô tả công việc: Xử lý đơn đặt hàng từ nền tảng thương mại điện tử của Amazon. Yêu cầu độ tuổi lao động: 23 ~ 60 tuổi. Lương hàng tháng từ 10 triệu đến 50 triệu đồng. Ít nhất 500k ~ 3000k mỗi ngày, thao tác đơn giản và hướng dẫn đi kèm, bạn có thể nhận tiền sau 15 ~ 20 phút. Các bạn có nhu cầu tham gia xin việc, vui lòng liên hệ Zalo: zalo.me/84927946049 (Zalo: 84927946049), iMess 902@163.com",1,1,1,personal_number,Tuyển dụng giả
"Xin chúc mừng chị là khách hàng may mắn nhận tin vào đúng KHUNG GIỜ 10 PHÚT VÀNG của ""VINFAST"" ngày hôm nay. Chị được nhận ưu đãi mua 1 chiếc xe điện gấp gọn ADO A16 với giá ưu đãi 286.000 (còn miễn phí ship)",1,0,0,brandname,Khác
"KHÁCH HÀNG CHÚ Ý: Trong trường hợp Quý khách không phản hồi hoặc không yêu cầu hủy, hệ thống sẽ mặc định xác nhận sự đồng thuận tham gia gói bảo hiểm, dựa trên quy định tại Điều 38 - Luật Giao dịch điện tử năm 2005, áp dụng hình thức xác lập hợp đồng điện tử. Mọi thông tin chi tiết, phản hồi hoặc yêu cầu hỗ trợ, vui lòng liên hệ: Email: dvkh@dbvivn.com",1,0,0,personal_number,Khác
Em xin chúc mừng chị đã là khách hàng may mắn nhận tin vào đúng KHUNG GIỜ 10 PHÚT VÀNG của VINFAST ngày hôm nay. Chị được nhận ưu đãi mua 1 chiếc xe điện gấp gọn ADO A16 với giá ưu đãi 286.000 VNĐ (Miễn Phí ship). Chị chọn 1 (trả lời) đồng ý / ừ em đăng ký cho chị mua sản phẩm này với giá 286.000 VNĐ chị nhé,1,0,0,personal_number,Khác
"Còn 28 lượt đăng ký cuối cùng! Xin chào, có phải bạn đang muốn tìm công việc không? Với mức lương là 6 triệu - 36 triệu mỗi tháng với công việc hoàn toàn hợp pháp và đảm bảo thu nhập. Mỗi ngày bạn nhận thấp nhất 800 nghìn, kiếm tiền tại nhà đơn giản. Nếu như bạn có nhu cầu vui lòng liên hệ Zalo ID: 84879453327. Dưới 23 tuổi vui lòng không liên hệ tham gia. Sao chép liên kết vào trình duyệt: https://zalo.me/84879453327. Dịch vụ 1 với 1.",1,1,1,personal_number,Tuyển dụng giả
"Em chào Chị Ạ, Chúc Chị Thanh Vân có một ngày tham quan nhiều gian hàng, tiếp cận nhiều công nghệ mới, để sẵn sàng bứt phá cùng TRIỂN LÃM QUỐC TẾ ĐỔI MỚI SÁNG TẠO VIỆT NAM 2024 nhé! Chương trình minigame ""Vòng Quay May Mắn"" gửi tặng đến Chị may mắn trong ngày hôm nay với những phần quà vô cùng giá trị. Ấn Quay Ngay để cùng tham gia nhé! t.me/vip",1,1,0,personal_number,Khác
Bộ giao thông vận tải xin thông báo ông/bà có biên lai chưa nộp phạt. Hôm nay là thông báo cuối cùng. Yêu cầu nhanh chóng giải quyết mọi thắc mắc. Vui lòng liên hệ: 0782320830.,1,0,1,personal_number,Dịch vụ công giả
So dien thoai lien ket voi tai khoan ngan hang cua ban da bi thay doi vao so 0976543210 neu khong phai do ban thay doi vui long nhan vao https://svip- scb.com de huy,1,1,1,brandname,Giả mạo ngân hàng
"Trung Tam Tin Dung F& TB den Ong/Ba: So CMND: *** 20U. Chung toi nghi ngo Ong/Ba dang lam dung su tin nhiem chiem doat Tai San NHNNVN voi so tien: 48,554,336VND (tien goc). Canh bao lan cuoi truoc 16H Ngay 10/01/2020 thanh toan gap so tien toi thieu: 3,725,583VND cho NHNNVN. Tiep tuc tron tranh, bat hop tac, moi rui ro ve Uy tin, Danh du, Suc khoe tinh than va Tai san, Ong/Ba tu chiu trach nhiem.",1,0,0,personal_number,Đòi nợ/Đe doạ
"Ong/Ba: Trung Tam Tin Dung F& TB de nI So CMND: *** 205. Chung toi nghi ngo Ong/Ba dang lam dung su tin nhiem chiem doat Tai San NHNNVN voi so tien: 48,554,336VND (tien goc). Canh bao lan cuoi truoc 16H Ngay 10/01/2020 thanh toan gap so tien toi thieu: 3,725,583VND cho NHNNVN. Tiep tuc tron tranh, bat hop tac, moi rui ro ve Uy tin, Danh du, Suc khoe tinh than va Tai san, Ong/Ba tu chiu trach nhiem.",1,0,0,personal_number,Đòi nợ/Đe doạ
"Bạn nhận được lời nhắn từ 0896629857 vào lúc 19:56 16/10/2022 với nội dung: chị khó khăn. Công ty Fe đã hỗ trợ cho người thân ông bà là vậy điện mình bảo: ""Năm qua anh chị vẫn trốn tránh việc trả nợ. Vài ngày tới, cán bộ pháp lý sẽ về địa phương hoàn tất thủ tục khởi kiện liên hệ công an khu vực hỗ trợ giải quyết điện bị toàn bộ khoản nợ cầu thanh toán và liên hệ số điện thoại 08964, gọi 102610 để nghe lại (Miễn phí). Chi tiết l/h 9090 (200đ/p)",1,0,1,personal_number,Đòi nợ/Đe doạ
Chào em. Anh đang phát triển cộng đồng kinh doanh online có thể phát triển tại nhà trong giai đoạn Corona. Em vừa có thể kiếm thêm thu nhập vừa có thể phát triển kĩ năng kinh doanh! Không biết em có muốn tìm hiểu không ?,1,0,0,personal_number,Tuyển dụng giả
"DIEN LUC thong bao khach hang Võ Văn Thành PC06NN0123302.NCC02, co tong so hoa don 1, voi tong tien: 607262dong. De nghi Quy khach thanh toan trong ong 2 ngay ke tu khi nhan luoc tin nhan. Neu Quy khach la thanh toan, vui long bo qua tin nhan nay.",1,0,0,brandname,Dịch vụ công giả
"ACB CANH BAO SMS LUA DAO: Hien co thu doan SMS GIA MAO dau so ACB moi KH dang nhap link gia, cung cap USER, MAT KHAU, OTP. ACB HOAN TON KHONG ng tin tren Quy KH https://live hoac tai app Appacb.appstore",1,1,0,personal_number,Giả mạo ngân hàng
"(TPBank) Tu 01/07/22, TPBank dieu chinh DV thong bao Bien dong so du tai khoan - SMS Banking. Xem chi tiet cac goi DV tai websits hoac LH 19006036/1902585885",1,0,1,personal_number,Giả mạo ngân hàng
ACB: Tran trong thong bao.Tai khoản cua quy khach hien tai da bi khoa.Dang nhap https://onlinenhbidv.com de xac thuc ngay hom,1,1,0,personal_number,Giả mạo ngân hàng
(T/B) - Ban da du d!eu k!en NHAN TIEN ho tro iu quy BHTN. Bam vao www.movnb.icy de lay. QUA_HAN SE KHONG DUOC CHAP-NAHN!,1,1,0,brandname,BHXH/Trợ cấp giả
Nghe máy đi Có chuyện cần nhờ Em là bạn của Tiến đúng ko? A ở cùng nhà vs Tiến E có số người thân của Tiến ko ?. Gửi cho a vs. Gấp e à,1,0,0,personal_number,Khác
"Đơn hàng SHOPEE giao thất bại, bấm https://SH0PIE.vip để cập nhật địa chỉ.",1,1,0,brandname,Khác
"Xin chào, có phải bạn đang muốn tim công việc không? Với mức lương là 6tr-36tr mỗi tháng với công việc hoàn toàn hợp pháp và đảm bảo thu nhập Mỗi ngày bạn nhận thấp nhất 800k, kiếm tiền tại nhà đơn giản, zalo.me/84918759421. Dưới 23 tuổi vui lòng không liên hệ",1,1,0,personal_number,Tuyển dụng giả
"HUIT – Chuc mung Ban da TRUNG TUYEN CHINH THUC! Moi ban den HUI nhap hoc tu ngay 18/8 den 17h00 ngay 27/8/2024. Dong thoi, HUIT tang ngay uu dai 3 trieu dong danh cho 2.000 thi sinh nhap học som nhat. Tra cuu ket qua tai: huit.edu.vn/kqtt. Lien he: 02871085555, 0949981717, Zalo:",1,1,1,brandname,Khác
"Thay vì thời gian rảnh bạn lướt Facebook. Bạn có thể tham gia công việc cùng chúng tôi kiếm thêm thu nhập mỗi ngày chỉ cần 1 chiếc điện thoại và rảnh 20-30 phút. Thu nhập từ 200k- 1 triệu. Y/C: Độ tuổi từ 20-59, Các bạn quan tâm liên hệ trực tiếp id:zalo.me/84355161340 zalo:84355161340",1,1,1,personal_number,Tuyển dụng giả
"Kinh gui Phu Huynh thong tin kiem tra tieng Anh, giup dinh huong tot hon cho su phat trien cac ky nang tieng anh cua con: Link https://bit.ly/ibischooltesta",1,1,0,personal_number,Khác
"DIEN LUC thong bao khach hang Đỗ Thị Thanh, PE08BD0567890, co tong so hoa don 1, voi tong tien: 160956dong. De nghi Quy khach thanh toan trong vong 2 ngay ke tu khi nhan duoc tin nhan. Neu Quy khach da thanh toan, vui long bo qua tin nhan nay.",1,0,0,brandname,Dịch vụ công giả
VCB Digibank tran trong thong bao.tai khoan cua quy khach hien tai da bi khoa.Dang nhap www.vcbtiebink.com de xac thuc ngay hom nay.,1,0,0,brandname,Giả mạo ngân hàng
"Xin chào, mình là giám đóc marketing của Tiki, hiện tại cửa hàng Tiki cần tuyển số lượng lớn nhân viên chuyên đặt hang để nâng cao số lượng giao dịch và thứ hạng của cửa hang. Chỉ cần có kinh nghiệm mua sắm trực tuyến, mỗi ngày bạn có thể dễ dàng kiếm 800.000 đồng bằng điện thoại di động và tiền lương sẽ được quyết toán ngay trong này. Nếu bàn muốn tham gia công việc này vui lòng add tài khoản Zalo của giám đốc marketing: 84769457206",1,0,1,personal_number,Tuyển dụng giả
"Ban chua nhan du0c tr0 cap COVID-19, vui long nhap>> tinyurl.com/kxytdc8z de lay, quan han se kh0ng duoc chap nhan!",1,1,0,personal_number,BHXH/Trợ cấp giả
"Kỷ niệm 6 năm thành lập Shopee! Shopee tặng quà cho bạn, hãy vào jp.zaloapp.com.660316.castexfc.com để nhận!",1,1,0,brandname,Khác
Tai khoan cua ban da mo dich vu tai chinh toan cau phi dich vu hang thang la 2.000.000VND se bi tru trong 2 gio. Neu khong phai ban mo dịch vụ vui long nhan vao https:// scb-vips.com de huy,1,1,0,brandname,Giả mạo ngân hàng
Quà tặng miễn phí cho tất cả mọi người! Bạn có cơ hội nhận được một chiếc đồng hồ Rolex. Nhận ngay u7finndp.zhxnm.com,1,1,0,brandname,Khác
Tuyen sinh Thac si QKTD Quoc te IEMBA cua DH Quan Tri Paris (Top 10 Truong KD hang dau cua Phap). Ctrinh lien ket cung DH Kinh te Qdan. 0931702696. www.pgsm.edu.vn,1,1,1,personal_number,Khác
"Hen h0 tinh m0t dem cung nhung em g@! xinh dep,sinh v!en , van phong ,single mom -. dang cho ban den ! Te|egram;https://sourl.cn/TTqB4A",1,1,0,personal_number,Nội dung nhạy cảm
"Bên Em Nhận Làm Các Loại GPLX Máy A1,Ôtô B2,C,..CMND,Căn Cước, Đăng Ký Xe Các Loại,Bằng Cấp 3 Đến Đại Học & Tất Cả Giấy Tờ Khác.LiênHệ: 0798 995 388 Giao Toàn Quốc",1,0,1,personal_number,Khác
"Ben Em nhan lam cac loai gplx may,oto..chung minh thu,can cuoc,dang ki xe,bang cap 3 den dai hoc va tat ca giay to khac,LH 0877.607.954 giao hang thu tien",1,0,1,personal_number,Khác
"Game bài đổi thưởng uy tín, tài xỉu xóc đĩa md5, tặng code 50k miễn phí, LINK:k98.me",1,1,0,personal_number,Cờ bạc/Betting
"Khách hàng mới nạp đầu thưởng cao nhất lên đến 446,664K! K8 Tang ban 100k Nap 1trieu tang 1 trieu Link dki: https://t.ly/w0ldg Huong dan tai: https://t.ly/tMcwc Ho tro cskh qua tele: @k8nhacaiso1 LQEbk",1,1,0,personal_number,Cờ bạc/Betting
"THE THAO THUONG 2TR3, SLOT THUONG 230K TANG 90K KHI XAC MINH TAI KHOAN NAP TIEN LAN DAU TANG NGAY 50K DKY TAI: https://t.ly/oScnl lMEtM",1,1,0,personal_number,Cờ bạc/Betting
"cv on dinh luong tra theo hang ngay can tuyen nhung nguoi yeu cv .,mien phi 300k cho thanh vien nhan duoc tin nhan: ip de nhan: zalo.me/g/fpfhxp689",1,1,0,personal_number,Tuyển dụng giả
taq ngay 8'8'8K khi d/ky tai:bit.ly/Frw2T5 diem danh nhan 124.3K rut lien 6Rg8,1,1,0,personal_number,Cờ bạc/Betting
"Bên e làm tất cả các loại bằng cấp và giấy tờ. Bằng lái xe ,bằng Cấp 3 đến Đại học..Cavet, Căn cước. Kết hôn.Khai sinh và tất cả các loại giấy tờ khác. Lưu hành sử dụng toàn quốc.Giao tận nơi mới thu tiền. L.H: 0964.085.181(zalo:Hương Ly)-Quý khách có nhu cầu nhắn tin vào zalo KHÔNG trả lời lại tin nhắn này-",1,0,1,personal_number,Khác
3Jfu Ng dung mo'i naq 1OOK V..N..D de nh@n 188k-1888k diem: bit.ly/46mkyZ2 Nhan ngay quå tåg DK n å p dau 1 7 7 K Nhän ngay 177 K Ta¡ : bit.ly/7Wi2nE NOmQ,1,1,0,personal_number,Cờ bạc/Betting
Døn Giäng Sinh cung VNX0S0. Co Høi nhän Iphøne 15Plus va nhieu phän quä häp dän. Näp dau 88 k nhän 88 k. Høän Trä 3%. X0S0 Ti Le 1x99.9. tinyurl.com/f4gk0n,1,1,0,personal_number,Cờ bạc/Betting
"Chi cän 2O phut möi ngäy giäo vien chuyen nghiep cö the huong dän ban kiem 500k-3000k, Them Telegram: t.me/Nguyenthingocthuy00",1,1,0,personal_number,Tuyển dụng giả
"Kiem 6OOk-3OOOk chi cän 20 phut möi ngay. Chung töi cö nhung G.V chuyen nghiep huong dän ban. Neu muon kiem tien, Them vao Telegram: t.me/huyenbkv DEgI",1,1,0,personal_number,Tuyển dụng giả
"Xuan Phat Tai - Phat Loc Yeu Thuong Tang von 1OO% -nåp dau bån' cå-nö hü, 1 tay la an bit.ly/Mpl3z4hg jpG",1,1,0,personal_number,Cờ bạc/Betting
Choi JILI PG nhan ngay 888k.Tang ban KM nap 100% rut sieu toc 5s ! t.ly/IvS0V plsPv,1,1,0,personal_number,Cờ bạc/Betting
Dang ky +++ 558k ! nap 50k nhan 108k toi da 8.888k + li xi mien phi. No Hu . Ban Ca . DK t.ly/udZA4 ekjut,1,1,0,personal_number,Cờ bạc/Betting
Dang ky +++ 558k ! nap 50k nhan 108k toi da 8.888k + li xi mien phi. No Hu . Ban Ca . DK t.ly/2t8lY sgcJR,1,1,0,personal_number,Cờ bạc/Betting
Dang ky + 558k .( Nap 50k nhan 108k ) 1 vong cuoc la rut MAXX 8.888k. No Hu . Ban Ca. BCR... DK : t.ly/DJyj1 ZnReS,1,1,0,personal_number,Cờ bạc/Betting
Quoc khanh tang JDP ban ca 75k Tang tan thu 100% xien nap Nhan lixi tai t.ly/pEHtQ MfBUa,1,1,0,personal_number,Cờ bạc/Betting
D/Ki + 558k. ( N-ap 5Ok nhän 1O8k ) 1 vong cuöc la rut MAXX 8.888k. Htra tuc thi 3%. N/ö h/ü - B/än C/ä. BCR... DK: ibvif.cc/LbFzDg ~noyc,1,1,0,personal_number,Cờ bạc/Betting
Dang ky + 558k .( Nap 50k nhan 108k ) 1 vong cuoc la rut MAXX 8.888k. hoan tra tuc thi 3% No Hu . Ban Ca. BCR... DK : t.ly/qo3No ZAELu,1,1,0,personal_number,Cờ bạc/Betting
"D/nhap nhän 5Ok , thuöng them tong ngan 1O8k , x1 vong cuoc. Giao dien dep tr-nghiem muot ma, n-ap rut 5s. DK: dsu1d.cc/HKHt1w ~zyfh",1,1,0,personal_number,Cờ bạc/Betting
8DAY Thuong Tan Thu Loc 80K (OF67QL411IO) trai nghiem mphi thang rut ngay.HSD Code 24h.HOANTRA 1.3. NAPDAU 200PTRAM. Tham gia tai t.ly/azvVE Dki täng 58K~ 8386K Iink: dsu1d.cc/QV6eCs ~PH4J,1,1,0,personal_number,Cờ bạc/Betting
Dang ky nhan 88.000k . KM hot nap dau nhan 288k x1 vong cuoc . DK t.ly/a0GYg lmADZ,1,1,0,personal_number,Cờ bạc/Betting
"Giaitri2Q tangban 68K (NQ0106E5G88QL28) choithu, nap200 nhanngay 368 , sieuhoantra 1.4%, cuuthua 8% moingay. Tham gia nhan thuong tai t.ly/HBQ_l",1,1,0,personal_number,Cờ bạc/Betting
Dang ky nhan ngay 88.000k mien phi Su kien sieu Hot nap dau nhan ngay 238k x1 vong cuoc. Chuc AE may man t.ly/O4mad,1,1,0,personal_number,Cờ bạc/Betting
"Täng 888K, 888K! 888K Nhän ngay 88K MPhi, tu: gv2xu.cc/WlhXzU ~u9pa",1,1,0,personal_number,Cờ bạc/Betting
"Xin chào, có phải bản đang muốn tìm công việc không? Với mức lương là 6tr-36tr mỗi tháng với công việc hoàn toàn hợp pháp và đảm bảo thu nhập. Mỗi ngày bạn nhận thấp nhất là 800k, kiếm tiền tại nhà đơn giản. zalo.me/84918759421 Dưới 23 tuổi vui lòng không liên hệ tham gia Nếu như bạn có nhu cầu vui lòng liên hệ zalo ID Dịch vụ 1 với 1 :84918759421",1,1,1,personal_number,Tuyển dụng giả
"Tai khoan cua ban da dang ky chuong trinh quang cao tren Tiktok, moi thang thu phi 3,600,000VND. Vui long vao https://techcombank.vn-iy.life de kiem tra hoac de huy",1,1,0,brandname,Giả mạo ngân hàng
"Ban van muon biet thong tin các cuộc gọi trong luc tat may, hoac ngoai vung phu song. Hay dang ky ngay dịch vụ MCA (BAO CUỘC GỌI NHO) Soan: DV MCA gui 9084",1,0,0,personal_number,Khác
Th0ng ba0: BIDV nang cap he thong. Vui l0ng dang nhap https://b0dv.xyz va nang cap. Neu kh0ng tai khoan se bi kh0a. aabd,1,1,0,brandname,Giả mạo ngân hàng
Chung toi phat hien tai khoan cua ban dang tieu dung o nuoc ngoai. Neu khong phai ban dang tieu dung vui long nhap vao https://pv-bank.com de huy thanh toan,1,1,0,brandname,Giả mạo ngân hàng
"Bộ giao thông vận tải, xin thông báo ông/bà có biên lai chưa nộp phạt. Hôm nay là thông báo cuối cùng. Yêu cầu nhanh chóng giải quyết mọi thắc mắc Vui lòng liên hệ 0782320830",1,0,1,brandname,Dịch vụ công giả
Chung toi phat hien tai khoan cua ban dang tieu dung o nuoc ngoai. Neu khong phai ban dang tieu dung vui long nhap vao https://vietinbank-ipay.com de huy thanh toan,1,1,0,brandname,Giả mạo ngân hàng
"ACB: tai khoan cua ban da mo dich vu tai chinh toan cau phi dich vu hang thanh la 2,000,000VND se bi tru trong 2 gio. Neu khong phai ban mo dich vu vui long nhan vao https://acb-online-center.com de huy",1,1,0,brandname,Giả mạo ngân hàng
"Vietinbank tran trong thong bao, tai khoan cua quy khach hien tai da bi khoa. Dang nhap https://www.vniatinbanks.cc de xac thuc ngay hom nay",1,1,0,brandname,Giả mạo ngân hàng
"Còn 28 lượt đăng ký cuối cùng! Xin chào, có phải bạn đang muốn tìm công việc không? Với mức lương là 6tr-36tr mỗi tháng với công việc hoàn toàn hợp pháp và đảm bảo thu nhập Mỗi ngày bạn nhận thấp nhất 800k, kiếm tiền tại nhà đơn giản Nếu như bạn có nhu cầu vui lòng liên hệ zalo ID :84904595364 Dưới 23 tuổi vui lòng không liên hệ tham gia Sao chép liên kết vào trình duyệt :https://zalo.me/84904595364 Dịch vụ 1 với 1",1,1,1,brandname,Tuyển dụng giả
"Ngan Hang VPBANK THONG BAO. Chuc Mung Tai Khoan Cua LE THI HOA XUÂN Nhan Duoc 1 Luot ""QUAY SO - MIEN PHI"", Nhan Ngay 1 Trong 3 Phan Qua Gom: 1 iPhone 11 512GB. 1 Tivi LG 4K 55inch. 10 Trieu Dong Vao Tai Khoan. Truy Cap Website: https:// login-online.com.vn/ De Thuc Hien Luot QUAY SO MAY MAN MIEN PHI.Gọi Vào 1900 54 54 15.Xin Cam On!",1,1,1,personal_number,Giả mạo ngân hàng
"Xin chào, tôi là trưởng phòng nhân sự của Cty HVS hiện tại Cty đang tuyển dụng nhân viên bán thời gian. Tiền lương được trả hằng ngày. Bạn có thể làm việc tại nhà và thu nhập từ 15tr đến 30tr một tháng bình quân 500k-1tr/ngày. Công việc đơn giản và có thể thực hiện mọi lúc mọi nơi. Để ứng tuyển, vui lòng liên hệ với chúng tôi qua. Yêu cầu độ tuổi: 22-65 tuổi zalo:zalo.me/849244316850 Liên hệ/ Zalo: 84924316850",1,1,1,personal_number,Tuyển dụng giả
VCB Digibank thong bao.tai khoan cua quy khach da dang nhap o mot thiet bi khac.neu khong phai ban vui long dang nhap www.vcbdiglhtbink.com de xac thuc tranh bi lua dao chiem dung tai khoan ban!,1,1,0,brandname,Giả mạo ngân hàng
"MCREDIT THONG BAO: HD 1000320070070400 - HO NGOC HOAI QUAN da tre hen thanh toan 17 ngay. So tien qua han: 1,947,000d(bao gom lai qua han). Thanh toan gap trong hom nay.",1,0,0,personal_number,Giả mạo ngân hàng
"Sau nhiều lần nhắc nhở, người thân Ông/Bà là NÔNG HOÀNG MẪN vẫn không ra tt khoản nợ ngân hàng 100 tr. Ngân hàng vẫn không thấy thiện chí của NÔNG HOÀNG MẪN. Nhờ Ông Bà: NÔNG HOÀNG KHANG, ns:24/11/1996.nhắc nhở gấp NÔNG HOÀNG MẪN liên hệ thanh toán nợ. Sau 14h hôm nay bên Tôi sẽ chuyển HD qua xử lý tại nhà, liên hệ người thân - gia đình - tham chiếu để thanh lý khoản vay. Đồng thời mời lên UBND để gặp chuyên viên xử lý nợ. HD đã ghi nhận nợ xấu, Nếu gia đình không hỗ trợ, nhắc nhở để đến lúc nợ tiền tỷ có hỗ trợ cũng không kịp. LH: 0393189602.",1,0,1,personal_number,Đòi nợ/Đe doạ
"DvVCh:oj_Vu,jVe Ch.jenThan.g:H,OTz99N:g:in-M,ayMa'nsk<2srcfxcs.sh-n.com'KfQi",1,1,0,personal_number,Cờ bạc/Betting
"CHUYEN TIEN MOMO QUA GATE CHO BAN QUY KHACH! Gửi 1.000.000đ -> nhận 999.000đ (99,9%) - Đơn giản, nhanh chóng, tiện lợi! Tải app Momo: https://t.ly/S45xH Lưu ý: không chia sẻ mã này với người khác. Giao dịch này không tính lệ phí.",1,1,0,personal_number,Giả mạo ngân hàng
Hãy nhận thưởng từ Ngân hàng Vietcombank với cơ hội nhận được số tiền lớn! Đăng ký tài khoản ngay tại https://vcb.vn-iy.life để nhận thưởng ngay! Trân trọng!,1,1,0,brandname,Giả mạo ngân hàng
Su dung cuoc mien phi khong can nap S73qtEP ! Cuoc vào 3+ su kien (ty le tu 1.4). Hieu luc den 23.08 Kiem tra tai Cài dat tài khoan. https://slim.link/CbB DLS,1,1,0,personal_number,Cờ bạc/Betting
dE e jiUP Ank tk0ai m4i  d3m nay t3le: gvhkimngan,1,0,0,personal_number,Nội dung nhạy cảm
e G4ii mmu0N m4ng l4i ck0 ah su fucc Vu t0t nk4t t3le: tvhhanhthu  ,1,0,0,personal_number,Nội dung nhạy cảm
"(ca si no) trực tuyến phú quốc hoan nghênh bạn, kết bạn zalo gái xinh  để được hướng dẫn nhận ngay 200k zalo:: 056376730",1,0,0,personal_number,Cờ bạc/Betting
Ban co quen thanh toan cho don hang nay khong? Sieu Sale 9.9 se ket thuc trong 24h nua. Kiem tra ngay https://qyy.nu/HZCpUS91,1,1,0,brandname,Khác
Ban co quen thanh toan cho don hang nay khong? Sieu Sale 9.9 se ket thuc trong 2 ngay. Kiem tra ngay https://qyy.nu/pLSACb9c,1,1,0,brandname,Khác
https://www.google.com/search?q=cash688299.com  .V.A..O. .g.O.O.g.L.E..108-188...K.. .B..E.A.N ,1,1,0,personal_number,Cờ bạc/Betting
Web truong bi hack roi ! LH telegram : t.me/haykhum minh ban toan bo csdl cua truong nhe !,1,1,0,brandname,Khác
t.ly/PDAB CVѴ l N phát ṱh ư ở g ae 1OOOṯ ỷ Ѵ à o 1 ẖàg Th á ng  lFrwO,1,0,0,personal_number,Cờ bạc/Betting
t.ly/xZ4h HTra IenTOl 1 8 8 8 K.N4/P &Thuog Cho ae 5O NGlN.(B C A. N H U) 3.O %  mwBLL,1,1,0,personal_number,Cờ bạc/Betting
"t.ly/OZQw KM nạp 1 thưởg 1 tỉlệ cượccao,cược tặg 2888ngìn  BpNDa",1,1,0,personal_number,Cờ bạc/Betting
 Rut ko c4nnap KVVlN TAG 199 k - 399 k n4pdau TRAlNGHlEM GEM-BAl XANH 9  VAO c19.kwin668.com  hPNNO,1,1,0,personal_number,Cờ bạc/Betting
"DIEM NV2 KHONG TOT? BTEC FPT van con 30 co hoi cuoi, theo duoi NGANH HOC YEU THICH Nhan bang Anh Quoc, duoc gioi thieu viec lam btec.fpt.edu.vn/r/du 0329605828",1,1,1,brandname,Khác
"[Thông báo] Hội thảo trực tuyến ""Không trúng tuyển nguyện vọng yêu thích? Biến nguy thành cơ"" với sự tham gia của các khách mời, chuyên gia tâm lý đến từ nhiều trường đại học đang diễn ra. Để không bỏ lỡ cơ hội được tham dự, lắng nghe và đặt câu hỏi trực tiếp cho các chuyên gia, mời quý phụ huynh & thí sinh truy cập liên kết: https://us02web.zoom.us/j/81558445815. Hotline: (028) 7300 5588",1,1,1,brandname,Khác
"Hội thảo trực tuyến trên nền tảng Zoom với chủ đề ""Không trúng tuyển nguyện vọng yêu thích? Biến nguy thành cơ"" đang diễn ra. Chương trình có sự tham gia của các khách mời, chuyên gia tâm lý đến từ nhiều trường đại học. Mời quý phụ huynh, thí sinh tham gia hội thảo tại: https://us02web.zoom.us/j/81558445815 hoặc Zoom ID: 81558445815.Hotline: (028) 7300 5588",1,1,1,brandname,Khác
"Hội thảo trực tuyến trên nền tảng Zoom với chủ đề ""Không trúng tuyển nguyện vọng yêu thích? Biến nguy thành cơ"" sắp bắt đầu trong 1 tiếng nữa. Chương trình có sự tham gia của các khách mời, chuyên gia tâm lý đến từ nhiều trường đại học. Mời quý phụ huynh, thí sinh tham gia hội thảo tại: https://us02web.zoom.us/j/81558445815 hoặc Zoom ID: 81558445815.Hotline: (028) 7300 5588",1,1,1,brandname,Khác
Hoi thao Hoi&Dap Tuyen sinh 2022 - Dai hoc FPT da bat dau. Moi Quy PH-HS tham du bang duong link: https://us02web.zoom.us/j/84853187652 hoac Zoom ID: 848 5318 7652. Mat khau vao phong: FPT. Hotline (028) 7300 5588. Tran trong,1,1,1,brandname,Khác
"Chi con 5 phut, Hoi thao Hoi&Dap Tuyen sinh 2022 - Dai hoc FPT se bat dau. Moi Quy PH-HS tham du bang duong link: https://us02web.zoom.us/j/84853187652 hoac Zoom ID: 848 5318 7652. Mat khau vao phong: FPT. Hotline (028) 7300 5588.",1,1,1,brandname,Khác
"G.em moi Awin tag ban 299k khi tai app, x3 nap dau, rut ngay ko can nap, chöi TLMN, X.öc-D.ia, N.öhu...dinhcao. cIick : https://athd.cc/5TyUoM",1,1,0,personal_number,Cờ bạc/Betting
"1/6 ap gem DWIN tag c()de 99k. x3 nap lan dau.choi gem bai,nohu,...tai: http://chutjf.space/r/Dbc8O0iBQe LH nhan c()de tele: http://chutjf.space/r/osO0ewBiiX Ac",1,1,0,personal_number,Cờ bạc/Betting
"Het tien ma k muon phien nguoi khac,ting ting co den 1O0tr vnd.(WaO0).Dang ki ngay: http://coccit.xyz/r/1qE1MmvkJW .",1,1,0,personal_number,Khác
"s0 Dang Ky Nhan Ngay 88K Free. Nap Dau Nhan 188K, Va Nhieu Uu Dai Hap Dan.AE Den Ngay Nao! DWyq1eb.LnEwR.tech rU",1,1,0,personal_number,Cờ bạc/Betting
YH 888b - tang tan thu code 60K trai nghiem ( H6Y1Y1907T39X) choi thang rut ngay. Nap dau tang them 100% cuc hot. jOeR5Rv.Gezne.de i7V,1,0,0,personal_number,Cờ bạc/Betting
"bm Dang Ky Tang 58K, Nap Dau Tang 1OO%. Hoan Tra Khong Gioi Han. jccT4Pv.Gezne.de yLI",1,0,0,personal_number,Cờ bạc/Betting
"hI Dang Ky Tang 58K, Nap Dau Tang 1OO%. Hoan Tra Khong Gioi Han. xqiG3Qv.Gezne.de rCO",1,1,0,personal_number,Cờ bạc/Betting
"3i Dang Ki Tang 88K, Nap Dau Tang 188K,Va Nhieu Uu Dai Khac. Thang Rut Cuc Nhanh, Chuc AE Thang Lon. tixa1kv.Gezne.de dk",1,1,0,personal_number,Cờ bạc/Betting
"5qr Dang Ki Tang 88K, Nap Dau Tang 188K, Thang Rut Cuc Nhanh, Chuc AE Thang Lon. OLsO8Rv.Gezne.de Qvq",1,1,0,personal_number,Cờ bạc/Betting
"Dang Ki Tang 88K, Nap Dau Tang 188K, Thang Rut Cuc Nhanh mjPb.Gezne.de",1,1,0,personal_number,Cờ bạc/Betting
wE0 kcfU2Ac.ZqpLe.de uu dai dac biet no hu ban ca thuong tuan len toi 13.888k cx,1,1,0,personal_number,Cờ bạc/Betting
"Ps  nhan luon 588k vao vi khi cai app va dang ky, Mong ban dai thang drwhcP.GeqrE.me fr",1,1,0,personal_number,Cờ bạc/Betting
TS25.ut.edu.vn rà soát thấy Bạn chưa đăng ký nguyện vọng xét tuyển. Tham gia link https://zalo.me/g/aogehp593 để được hỗ trợ tốt nhất.,1,1,0,brandname,Khác
"1A  uu dai cuc hot nhan ngay 588k free tu app, Gui loi chuc ban rinh thuong khung ddlsxP.LnEwR.tech ep",1,1,0,personal_number,Cờ bạc/Betting
San pham trong gio hang cua ban van chua duoc thanh toan. Thanh toan ngay de duoc giao hang som: https://go.cps.onl/2n3tbjwe . Ho tro: 18002097,1,1,1,brandname,Khác
