review_id,decision,review_note,source_dataset,source_file,source_row_id,split,original,normalized,content,label,has_url,has_phone_number,sender_type,category,obfuscation_level,data_origin,external_source_type,text_variant_type,candidate_type,hard_case_type,review_status,filter_reason,reject_reason,flags
1,,,vilexnorm,data/external/vilexnorm/raw/train.csv,0,train,thích anh cá mập k,thích anh cá mập không,thích anh cá mập k,0,0,0,personal_number,P2P hội thoại thông thường,NONE,external_real,vilexnorm_clean_p2p,teencode,clean_p2p,,preview_review,no_risk_flags,,has_teencode
2,,,vilexnorm,data/external/vilexnorm/raw/train.csv,1,train,cứ ngây thơ thế thoai :)),cứ ngây thơ thế thôi :)),cứ ngây thơ thế thoai :)),0,0,0,personal_number,P2P hội thoại thông thường,NONE,external_real,vilexnorm_clean_p2p,teencode,clean_p2p,,preview_review,no_risk_flags,,has_teencode
3,,,vilexnorm,data/external/vilexnorm/raw/train.csv,2,train,bà Nghê xinh vậy mà t thấy k bằng bà ChiPu luôn chời,bà Nghê xinh vậy mà tôi thấy không bằng bà ChiPu luôn trời,bà Nghê xinh vậy mà t thấy k bằng bà ChiPu luôn chời,0,0,0,personal_number,P2P hội thoại thông thường,NONE,external_real,vilexnorm_clean_p2p,teencode;abbreviation;slang,clean_p2p,,preview_review,no_risk_flags,,has_abbreviation;has_slang;has_teencode
4,,,vilexnorm,data/external/vilexnorm/raw/train.csv,3,train,Ê k khóc được làm thế nào má =))?,Ê không khóc được làm thế nào má =))?,Ê k khóc được làm thế nào má =))?,0,0,0,personal_number,P2P hội thoại thông thường,NONE,external_real,vilexnorm_clean_p2p,teencode;abbreviation;slang,clean_p2p,,preview_review,no_risk_flags,,has_abbreviation;has_slang;has_teencode
5,,,vilexnorm,data/external/vilexnorm/raw/train.csv,4,train,Có biến gì hong dẫy :)),Có biến gì không vậy :)),Có biến gì hong dẫy :)),0,0,0,personal_number,P2P hội thoại thông thường,NONE,external_real,vilexnorm_clean_p2p,teencode,clean_p2p,,preview_review,no_risk_flags,,has_teencode
6,,,vilexnorm,data/external/vilexnorm/raw/train.csv,5,train,"mình chả biết phải làm gì trong trường hợp này ngoài đổ lên đầu chồng cả, công nhận bạn cứng và lúy trúy thật ý","mình chả biết phải làm gì trong trường hợp này ngoài đổ lên đầu chồng cả, công nhận bạn cứng và lý trý thật ý","mình chả biết phải làm gì trong trường hợp này ngoài đổ lên đầu chồng cả, công nhận bạn cứng và lúy trúy thật ý",0,0,0,personal_number,P2P hội thoại thông thường,NONE,external_real,vilexnorm_clean_p2p,standard_or_unknown,clean_p2p,,preview_review,no_risk_flags,,
7,,,vilexnorm,data/external/vilexnorm/raw/train.csv,6,train,"Trước t cũng zậy, nghỉ xong cười quá trời, tháng sau tiền thì hết việc chưa kiếm đc rồi lại khóc :)))","Trước tôi cũng vậy, nghỉ xong cười quá trời, tháng sau tiền thì hết việc chưa kiếm được rồi lại khóc :)))","Trước t cũng zậy, nghỉ xong cười quá trời, tháng sau tiền thì hết việc chưa kiếm đc rồi lại khóc :)))",0,0,0,personal_number,P2P hội thoại thông thường,NONE,external_real,vilexnorm_clean_p2p,teencode;abbreviation,clean_p2p,,preview_review,no_risk_flags,,has_abbreviation;has_teencode
8,,,vilexnorm,data/external/vilexnorm/raw/train.csv,7,train,"má ơi, nhìn ác ghê hông  tạo ngạc nhiên cũng ít có ác ghê @@","má ơi, nhìn ác ghê không tạo ngạc nhiên cũng ít có ác ghê @@","má ơi, nhìn ác ghê hông  tạo ngạc nhiên cũng ít có ác ghê @@",0,0,0,personal_number,P2P hội thoại thông thường,NONE,external_real,vilexnorm_clean_p2p,teencode;slang;dialectal_variant,clean_p2p,,preview_review,no_risk_flags,,has_dialectal_variant;has_slang;has_teencode
9,,,vilexnorm,data/external/vilexnorm/raw/train.csv,8,train,Hjc ai cần gia sư mà diệt fò giỏi hơn dạy học thì gọi mình nhé,Hjc ai cần gia sư mà diệt phò giỏi hơn dạy học thì gọi mình nhé,Hjc ai cần gia sư mà diệt fò giỏi hơn dạy học thì gọi mình nhé,0,0,0,personal_number,P2P hội thoại thông thường,NONE,external_real,vilexnorm_clean_p2p,standard_or_unknown,clean_p2p,,preview_review,no_risk_flags,,
10,,,vilexnorm,data/external/vilexnorm/raw/train.csv,9,train,Kiểu mở miệng là thấy ngại ngại sao k bíc làm cách nào khéo nữa haizz,Kiểu mở miệng là thấy ngại ngại sao không biết làm cách nào khéo nữa haizz,Kiểu mở miệng là thấy ngại ngại sao k bíc làm cách nào khéo nữa haizz,0,0,0,personal_number,P2P hội thoại thông thường,NONE,external_real,vilexnorm_clean_p2p,teencode,clean_p2p,,preview_review,no_risk_flags,,has_teencode
11,,,vilexnorm,data/external/vilexnorm/raw/train.csv,11,train,này thì đêm phia rảnh hảng sắp đi học lại nhé :)))))),này thì đêm khuya rảnh háng sắp đi học lại nhé :)))))),này thì đêm phia rảnh hảng sắp đi học lại nhé :)))))),0,0,0,personal_number,P2P hội thoại thông thường,NONE,external_real,vilexnorm_clean_p2p,standard_or_unknown,clean_p2p,,preview_review,no_risk_flags,,
12,,,vilexnorm,data/external/vilexnorm/raw/train.csv,12,train,Mõi lần có khách tui thấy quán kéo cửa lại chi zậy chị ?,Mỗi lần có khách tui thấy quán kéo cửa lại chi vậy chị ?,Mõi lần có khách tui thấy quán kéo cửa lại chi zậy chị ?,0,0,0,personal_number,P2P hội thoại thông thường,NONE,external_real,vilexnorm_clean_p2p,teencode;dialectal_variant,clean_p2p,,preview_review,no_risk_flags,,has_dialectal_variant;has_teencode
13,,,vilexnorm,data/external/vilexnorm/raw/train.csv,13,train,z anh mua dthoai mới cho em nha,vậy anh mua điện thoại mới cho em nha,z anh mua dthoai mới cho em nha,0,0,0,personal_number,P2P hội thoại thông thường,NONE,external_real,vilexnorm_clean_p2p,standard_or_unknown,clean_p2p,,preview_review,no_risk_flags,,
14,,,vilexnorm,data/external/vilexnorm/raw/train.csv,14,train,còn 1 kiểu nữa là ko có tóc đó,còn 1 kiểu nữa là không có tóc đó,còn 1 kiểu nữa là ko có tóc đó,0,0,0,personal_number,P2P hội thoại thông thường,NONE,external_real,vilexnorm_clean_p2p,teencode,clean_p2p,,preview_review,no_risk_flags,,has_teencode
15,,,vilexnorm,data/external/vilexnorm/raw/train.csv,15,train,Nhưng nếu k mi nhon thì k phải cái váy nào cũng mặc được :)),Nhưng nếu không mi nhon thì không phải cái váy nào cũng mặc được :)),Nhưng nếu k mi nhon thì k phải cái váy nào cũng mặc được :)),0,0,0,personal_number,P2P hội thoại thông thường,NONE,external_real,vilexnorm_clean_p2p,teencode;abbreviation,clean_p2p,,preview_review,no_risk_flags,,has_abbreviation;has_teencode
16,,,vilexnorm,data/external/vilexnorm/raw/train.csv,16,train,hôm qua làm theo rồi thơm mùi bánh mỳ đem chiên giòn chấm tương ớt nhứt nách,hôm qua làm theo rồi thơm mùi bánh mì đem chiên giòn chấm tương ớt nhức nách,hôm qua làm theo rồi thơm mùi bánh mỳ đem chiên giòn chấm tương ớt nhứt nách,0,0,0,personal_number,P2P hội thoại thông thường,NONE,external_real,vilexnorm_clean_p2p,standard_or_unknown,clean_p2p,,preview_review,no_risk_flags,,
17,,,vilexnorm,data/external/vilexnorm/raw/train.csv,17,train,ở riêg chưa các e :)),ở riêng chưa các em :)),ở riêg chưa các e :)),0,0,0,personal_number,P2P hội thoại thông thường,NONE,external_real,vilexnorm_clean_p2p,standard_or_unknown,clean_p2p,,preview_review,no_risk_flags,,
18,,,vilexnorm,data/external/vilexnorm/raw/train.csv,19,train,r cái cặp thành cái thùng rác luôn,rồi cái cặp thành cái thùng rác luôn,r cái cặp thành cái thùng rác luôn,0,0,0,personal_number,P2P hội thoại thông thường,NONE,external_real,vilexnorm_clean_p2p,standard_or_unknown,clean_p2p,,preview_review,no_risk_flags,,
19,,,vilexnorm,data/external/vilexnorm/raw/train.csv,20,train,thấy như muốn rớt não dùm,thấy như muốn rớt não giùm,thấy như muốn rớt não dùm,0,0,0,personal_number,P2P hội thoại thông thường,NONE,external_real,vilexnorm_clean_p2p,standard_or_unknown,clean_p2p,,preview_review,no_risk_flags,,
20,,,vilexnorm,data/external/vilexnorm/raw/train.csv,21,train,"Nội hàm càng cao, càng độc đáo ko đại trà.","Nội hàm càng cao, càng độc đáo không đại trà.","Nội hàm càng cao, càng độc đáo ko đại trà.",0,0,0,personal_number,P2P hội thoại thông thường,NONE,external_real,vilexnorm_clean_p2p,teencode,clean_p2p,,preview_review,no_risk_flags,,has_teencode
21,,,vilexnorm,data/external/vilexnorm/raw/train.csv,22,train,Câu chuyện này nếu k phải để giật tít thì quá ý nghĩa,Câu chuyện này nếu không phải để giật tít thì quá ý nghĩa,Câu chuyện này nếu k phải để giật tít thì quá ý nghĩa,0,0,0,personal_number,P2P hội thoại thông thường,NONE,external_real,vilexnorm_clean_p2p,teencode,clean_p2p,,preview_review,no_risk_flags,,has_teencode
22,,,vilexnorm,data/external/vilexnorm/raw/train.csv,23,train,Ủa alo  bất công quákkk,Ủa alo  bất công quá,Ủa alo  bất công quákkk,0,0,0,personal_number,P2P hội thoại thông thường,NONE,external_real,vilexnorm_clean_p2p,standard_or_unknown,clean_p2p,,preview_review,no_risk_flags,,
23,,,vilexnorm,data/external/vilexnorm/raw/train.csv,24,train,Chứ vấn đề nó ko nằm ở ăn đc thịt mỡ hay k.,Chứ vấn đề nó không nằm ở ăn được thịt mỡ hay không.,Chứ vấn đề nó ko nằm ở ăn đc thịt mỡ hay k.,0,0,0,personal_number,P2P hội thoại thông thường,NONE,external_real,vilexnorm_clean_p2p,teencode;abbreviation,clean_p2p,,preview_review,no_risk_flags,,has_abbreviation;has_teencode
24,,,vilexnorm,data/external/vilexnorm/raw/train.csv,25,train,R có khi tiền ck mình làm ra b k biết ntn nó lại đem cho gái,Rồi có khi tiền chồng mình làm ra bạn không biết ntn nó lại đem cho gái,R có khi tiền ck mình làm ra b k biết ntn nó lại đem cho gái,0,0,0,personal_number,P2P hội thoại thông thường,NONE,external_real,vilexnorm_clean_p2p,teencode,clean_p2p,,preview_review,no_risk_flags,,has_teencode
25,,,vilexnorm,data/external/vilexnorm/raw/train.csv,26,train,Cho lên phường cmn đi.,Cho lên phường con mẹ nó đi.,Cho lên phường cmn đi.,0,0,0,personal_number,P2P hội thoại thông thường,NONE,external_real,vilexnorm_clean_p2p,standard_or_unknown,clean_p2p,,preview_review,no_risk_flags,,
26,,,vilexnorm,data/external/vilexnorm/raw/train.csv,27,train,t cx muốn nuôi capybara!!!!!,tôi cũng muốn nuôi capybara!!!!!,t cx muốn nuôi capybara!!!!!,0,0,0,personal_number,P2P hội thoại thông thường,NONE,external_real,vilexnorm_clean_p2p,abbreviation,clean_p2p,,preview_review,no_risk_flags,,has_abbreviation
27,,,vilexnorm,data/external/vilexnorm/raw/train.csv,28,train,Thật ra mấy bài như này là để nhắc tụi mày mai là t2,Thật ra mấy bài như này là để nhắc tụi mày mai là thứ 2,Thật ra mấy bài như này là để nhắc tụi mày mai là t2,0,0,0,personal_number,P2P hội thoại thông thường,NONE,external_real,vilexnorm_clean_p2p,standard_or_unknown,clean_p2p,,preview_review,no_risk_flags,,
28,,,vilexnorm,data/external/vilexnorm/raw/train.csv,29,train,Nhìn giống ck iu Trần Hiểu quá z =))),Nhìn giống chồng yêu Trần Hiểu quá vậy =))),Nhìn giống ck iu Trần Hiểu quá z =))),0,0,0,personal_number,P2P hội thoại thông thường,NONE,external_real,vilexnorm_clean_p2p,standard_or_unknown,clean_p2p,,preview_review,no_risk_flags,,
29,,,vilexnorm,data/external/vilexnorm/raw/train.csv,30,train,chờ anh deptrai nhất xuất hiện,chờ anh đẹp trai nhất xuất hiện,chờ anh deptrai nhất xuất hiện,0,0,0,personal_number,P2P hội thoại thông thường,NONE,external_real,vilexnorm_clean_p2p,standard_or_unknown,clean_p2p,,preview_review,no_risk_flags,,
30,,,vilexnorm,data/external/vilexnorm/raw/train.csv,31,train,Tương lai của em ck mình,Tương lai của em chồng mình,Tương lai của em ck mình,0,0,0,personal_number,P2P hội thoại thông thường,NONE,external_real,vilexnorm_clean_p2p,standard_or_unknown,clean_p2p,,preview_review,no_risk_flags,,
31,,,vilexnorm,data/external/vilexnorm/raw/train.csv,32,train,Hỏng có nói dậy đi:)),Không có nói vậy đi:)),Hỏng có nói dậy đi:)),0,0,0,personal_number,P2P hội thoại thông thường,NONE,external_real,vilexnorm_clean_p2p,standard_or_unknown,clean_p2p,,preview_review,no_risk_flags,,
32,,,vilexnorm,data/external/vilexnorm/raw/train.csv,33,train,Có vợ hết rồi mà nói gì zị tr,Có vợ hết rồi mà nói gì vậy trời,Có vợ hết rồi mà nói gì zị tr,0,0,0,personal_number,P2P hội thoại thông thường,NONE,external_real,vilexnorm_clean_p2p,standard_or_unknown,clean_p2p,,preview_review,no_risk_flags,,
33,,,vilexnorm,data/external/vilexnorm/raw/train.csv,34,train,tín hiệu vũ trụ nèk,tín hiệu vũ trụ nè,tín hiệu vũ trụ nèk,0,0,0,personal_number,P2P hội thoại thông thường,NONE,external_real,vilexnorm_clean_p2p,standard_or_unknown,clean_p2p,,preview_review,no_risk_flags,,
34,,,vilexnorm,data/external/vilexnorm/raw/train.csv,35,train,sao mn mỉa mai ác thế.,sao mọi người mỉa mai ác thế.,sao mn mỉa mai ác thế.,0,0,0,personal_number,P2P hội thoại thông thường,NONE,external_real,vilexnorm_clean_p2p,abbreviation,clean_p2p,,preview_review,no_risk_flags,,has_abbreviation
35,,,vilexnorm,data/external/vilexnorm/raw/train.csv,36,train,tâm lí tội phạm đây r :))),tâm lí tội phạm đây rồi :))),tâm lí tội phạm đây r :))),0,0,0,personal_number,P2P hội thoại thông thường,NONE,external_real,vilexnorm_clean_p2p,standard_or_unknown,clean_p2p,,preview_review,no_risk_flags,,
36,,,vilexnorm,data/external/vilexnorm/raw/train.csv,37,train,"Nó xịt càng cay, càng tức nên càng phải cố túm bằng đc","Nó xịt càng cay, càng tức nên càng phải cố túm bằng được","Nó xịt càng cay, càng tức nên càng phải cố túm bằng đc",0,0,0,personal_number,P2P hội thoại thông thường,NONE,external_real,vilexnorm_clean_p2p,abbreviation,clean_p2p,,preview_review,no_risk_flags,,has_abbreviation
37,,,vilexnorm,data/external/vilexnorm/raw/train.csv,38,train,Chắc thầy lại thích xem món chym nướng rồi,Chắc thầy lại thích xem món chim nướng rồi,Chắc thầy lại thích xem món chym nướng rồi,0,0,0,personal_number,P2P hội thoại thông thường,NONE,external_real,vilexnorm_clean_p2p,standard_or_unknown,clean_p2p,,preview_review,no_risk_flags,,
38,,,vilexnorm,data/external/vilexnorm/raw/train.csv,39,train,Xuống  nằm cười khà khà chung cho dui đi nè cả nhà ơiii,Xuống  nằm cười khà khà chung cho vui đi nè cả nhà ơi,Xuống  nằm cười khà khà chung cho dui đi nè cả nhà ơiii,0,0,0,personal_number,P2P hội thoại thông thường,NONE,external_real,vilexnorm_clean_p2p,informal_spelling,clean_p2p,,preview_review,no_risk_flags,,has_informal_spelling
39,,,vilexnorm,data/external/vilexnorm/raw/train.csv,40,train,Có moè là đc oy :)),Có moè là được rồi :)),Có moè là đc oy :)),0,0,0,personal_number,P2P hội thoại thông thường,NONE,external_real,vilexnorm_clean_p2p,abbreviation,clean_p2p,,preview_review,no_risk_flags,,has_abbreviation
40,,,vilexnorm,data/external/vilexnorm/raw/train.csv,41,train,lớn rồi nha...có chơi có chịu nha nha kg khóc lóc à,lớn rồi nha...có chơi có chịu nha nha không khóc lóc à,lớn rồi nha...có chơi có chịu nha nha kg khóc lóc à,0,0,0,personal_number,P2P hội thoại thông thường,NONE,external_real,vilexnorm_clean_p2p,standard_or_unknown,clean_p2p,,preview_review,no_risk_flags,,
41,,,vilexnorm,data/external/vilexnorm/raw/train.csv,10,train,"Thế nào đc 9.5 thật đó đỉnh vãi ò, đã v mk điểm cao nhất lớp chứ đc cô thưởng 300k","Thế nào đc 9.5 thật đó đỉnh vãi ò, đã vậy mình điểm cao nhất lớp chứ được cô thưởng 300k","Thế nào đc 9.5 thật đó đỉnh vãi ò, đã v mk điểm cao nhất lớp chứ đc cô thưởng 300k",0,0,0,personal_number,P2P hard negative,NONE,external_curated,vilexnorm_hard_negative,abbreviation;slang,hard_negative,money_like,preview_review,risk_surface_without_strong_reject,,has_abbreviation;has_money_amount;has_slang
42,,,vilexnorm,data/external/vilexnorm/raw/train.csv,18,train,"bạn mình bị ồi, nhờ CA thì phải chung nhìu tiền.","bạn mình bị rồi, nhờ công an thì phải chung nhiều tiền.","bạn mình bị ồi, nhờ CA thì phải chung nhìu tiền.",0,0,0,personal_number,P2P hard negative,NONE,external_curated,vilexnorm_hard_negative,standard_or_unknown,hard_negative,authority_like,preview_review,risk_surface_without_strong_reject,,has_authority_keyword
43,,,vilexnorm,data/external/vilexnorm/raw/train.csv,75,train,Ko cho vay thì ngại cho vay oy tới lúc đòi thì sợ giận mà ko đòi ngta cg ko có suy nghĩ muốn trả mà kb lm tn,Không cho vay thì ngại cho vay rồi tới lúc đòi thì sợ giận mà không đòi người ta cũng không có suy nghĩ muốn trả mà kb làm tn,Ko cho vay thì ngại cho vay oy tới lúc đòi thì sợ giận mà ko đòi ngta cg ko có suy nghĩ muốn trả mà kb lm tn,0,0,0,personal_number,P2P hard negative,NONE,external_curated,vilexnorm_hard_negative,teencode;abbreviation,hard_negative,finance_like,preview_review,risk_surface_without_strong_reject,,has_abbreviation;has_finance_keyword;has_teencode
44,,,vilexnorm,data/external/vilexnorm/raw/train.csv,102,train,Dẫu biết là cv của a nhìu,Dẫu biết là công việc của anh nhiều,Dẫu biết là cv của a nhìu,0,0,0,personal_number,P2P hard negative,NONE,external_curated,vilexnorm_hard_negative,standard_or_unknown,hard_negative,job_like,preview_review,risk_surface_without_strong_reject,,has_job_keyword
45,,,vilexnorm,data/external/vilexnorm/raw/train.csv,129,train,May ghê t hướng nội nhưng k có tiền cho ng ta vay,May ghê tôi hướng nội nhưng không có tiền cho người ta vay,May ghê t hướng nội nhưng k có tiền cho ng ta vay,0,0,0,personal_number,P2P hard negative,NONE,external_curated,vilexnorm_hard_negative,teencode;abbreviation,hard_negative,finance_like,preview_review,risk_surface_without_strong_reject,,has_abbreviation;has_finance_keyword;has_teencode
46,,,vilexnorm,data/external/vilexnorm/raw/train.csv,138,train,"dạo này mình mơi dạy, khó khăn hơn mình nghĩ và cũng thấy khá là thú vị hehe (có 55k thôi nhưng cũng dc ròi)","dạo này mình mới dạy, khó khăn hơn mình nghĩ và cũng thấy khá là thú vị hehe (có 55k thôi nhưng cũng được rồi)","dạo này mình mơi dạy, khó khăn hơn mình nghĩ và cũng thấy khá là thú vị hehe (có 55k thôi nhưng cũng dc ròi)",0,0,0,personal_number,P2P hard negative,NONE,external_curated,vilexnorm_hard_negative,teencode;abbreviation,hard_negative,money_like,preview_review,risk_surface_without_strong_reject,,has_abbreviation;has_money_amount;has_teencode
47,,,vilexnorm,data/external/vilexnorm/raw/train.csv,140,train,rồi lương tháng này của em đc 1 chẹo,rồi lương tháng này của em được 1 triệu,rồi lương tháng này của em đc 1 chẹo,0,0,0,personal_number,P2P hard negative,NONE,external_curated,vilexnorm_hard_negative,abbreviation,hard_negative,money_like,preview_review,risk_surface_without_strong_reject,,has_abbreviation;has_money_amount;has_money_keyword
48,,,vilexnorm,data/external/vilexnorm/raw/train.csv,163,train,Giả vờ bấm đt rồi cười,Giả vờ bấm điện thoại rồi cười,Giả vờ bấm đt rồi cười,0,0,0,personal_number,P2P hard negative,NONE,external_curated,vilexnorm_hard_negative,standard_or_unknown,hard_negative,cta_like,preview_review,risk_surface_without_strong_reject,,has_cta_keyword
49,,,vilexnorm,data/external/vilexnorm/raw/train.csv,165,train,đỡ thức khuya nt với rệ,đỡ thức khuya nhắn tin với rệ,đỡ thức khuya nt với rệ,0,0,0,personal_number,P2P hard negative,NONE,external_curated,vilexnorm_hard_negative,standard_or_unknown,hard_negative,cta_like,preview_review,risk_surface_without_strong_reject,,has_cta_keyword
50,,,vilexnorm,data/external/vilexnorm/raw/train.csv,174,train,10đ mà để str nổi bựt pik mik dzai,10đ mà để str nổi bực biết mình đẹp trai,10đ mà để str nổi bựt pik mik dzai,0,0,0,personal_number,P2P hard negative,NONE,external_curated,vilexnorm_hard_negative,standard_or_unknown,hard_negative,money_like,preview_review,risk_surface_without_strong_reject,,has_money_amount
51,,,vilexnorm,data/external/vilexnorm/raw/train.csv,193,train,Thế ck t lương 5tr nuôi 2 đứa con đây,Thế chồng tôi lương 5tr nuôi 2 đứa con đây,Thế ck t lương 5tr nuôi 2 đứa con đây,0,0,0,personal_number,P2P hard negative,NONE,external_curated,vilexnorm_hard_negative,abbreviation,hard_negative,money_like,preview_review,risk_surface_without_strong_reject,,has_abbreviation;has_money_amount;has_money_keyword
52,,,vilexnorm,data/external/vilexnorm/raw/train.csv,201,train,"Thi HK đã là gì, thi ĐH trắc nghiệm t còn khoanh lụi đc mà :>>","Thi HK đã là gì, thi ĐH trắc nghiệm tôi còn khoanh lụi được mà :>>","Thi HK đã là gì, thi ĐH trắc nghiệm t còn khoanh lụi đc mà :>>",0,0,0,personal_number,P2P hard negative,NONE,external_curated,vilexnorm_hard_negative,teencode;abbreviation,hard_negative,warning_like,preview_review,risk_surface_without_strong_reject,,has_abbreviation;has_teencode;has_warning_keyword
53,,,vilexnorm,data/external/vilexnorm/raw/train.csv,207,train,Nhìn thấy khách nợ 1 năm rồi ngại k dám ngẩng mặt lên,Nhìn thấy khách nợ 1 năm rồi ngại không dám ngẩng mặt lên,Nhìn thấy khách nợ 1 năm rồi ngại k dám ngẩng mặt lên,0,0,0,personal_number,P2P hard negative,NONE,external_curated,vilexnorm_hard_negative,teencode,hard_negative,finance_like,preview_review,risk_surface_without_strong_reject,,has_finance_keyword;has_teencode
54,,,vilexnorm,data/external/vilexnorm/raw/train.csv,212,train,"Lúc về sau tra điểm, điểm tiếng anh mình có 1,25 đ ( vì mình đâu biết tiếng anh đâu)","Lúc về sau tra điểm, điểm tiếng anh mình có 1,25 điểm ( vì mình đâu biết tiếng anh đâu)","Lúc về sau tra điểm, điểm tiếng anh mình có 1,25 đ ( vì mình đâu biết tiếng anh đâu)",0,0,0,personal_number,P2P hard negative,NONE,external_curated,vilexnorm_hard_negative,standard_or_unknown,hard_negative,money_like,preview_review,risk_surface_without_strong_reject,,has_money_amount
55,,,vilexnorm,data/external/vilexnorm/raw/train.csv,213,train,Mh hướng ngoaih nhưng k giám đòi nợ thật,Mình hướng ngoại nhưng không dám đòi nợ thật,Mh hướng ngoaih nhưng k giám đòi nợ thật,0,0,0,personal_number,P2P hard negative,NONE,external_curated,vilexnorm_hard_negative,teencode,hard_negative,finance_like,preview_review,risk_surface_without_strong_reject,,has_finance_keyword;has_teencode
56,,,vilexnorm,data/external/vilexnorm/raw/train.csv,216,train,"mình đây ở nhà thì hướng nội nhưng đi làm thì phải hướng ngoại, tạm bỏ cá tính của mình xuống để ưu tiên công việc b ạ, với cả năm nay đang khó khăn kt đấy, ngoài kia có biết bn ng đang chật vật kiếm cv, b nên cân nhắc nhé.","mình đây ở nhà thì hướng nội nhưng đi làm thì phải hướng ngoại, tạm bỏ cá tính của mình xuống để ưu tiên công việc bạn ạ, với cả năm nay đang khó khăn kinh tế đấy, ngoài kia có biết bao nhiêu người đang chật vật kiếm công việc, bạn nên cân nhắc nhé.","mình đây ở nhà thì hướng nội nhưng đi làm thì phải hướng ngoại, tạm bỏ cá tính của mình xuống để ưu tiên công việc b ạ, với cả năm nay đang khó khăn kt đấy, ngoài kia có biết bn ng đang chật vật kiếm cv, b nên cân nhắc nhé.",0,0,0,personal_number,P2P hard negative,NONE,external_curated,vilexnorm_hard_negative,abbreviation,hard_negative,job_like,preview_review,risk_surface_without_strong_reject,,has_abbreviation;has_job_keyword;long_for_clean
57,,,vilexnorm,data/external/vilexnorm/raw/train.csv,229,train,2 vợ chồng tổng lương dc 10tr,2 vợ chồng tổng lương được 10tr,2 vợ chồng tổng lương dc 10tr,0,0,0,personal_number,P2P hard negative,NONE,external_curated,vilexnorm_hard_negative,abbreviation,hard_negative,money_like,preview_review,risk_surface_without_strong_reject,,has_abbreviation;has_money_amount;has_money_keyword
58,,,vilexnorm,data/external/vilexnorm/raw/train.csv,264,train,"Vì tiểu học cô doạ bno sợ đái ra quần r, chứ sang trung học lá khéo k còn","Vì tiểu học cô dọa bọn nó sợ đái ra quần rồi, chứ sang trung học lá khéo không còn","Vì tiểu học cô doạ bno sợ đái ra quần r, chứ sang trung học lá khéo k còn",0,0,0,personal_number,P2P hard negative,NONE,external_curated,vilexnorm_hard_negative,teencode,hard_negative,finance_like,preview_review,risk_surface_without_strong_reject,,has_finance_keyword;has_teencode
59,,,vilexnorm,data/external/vilexnorm/raw/train.csv,301,train,đề nghị sốp tuyển 1 ezai trẻ đẹp chuyên gội đầu pvu các ce nhớ,đề nghị sốp tuyển 1 em trai trẻ đẹp chuyên gội đầu phục vụ các ce nhớ,đề nghị sốp tuyển 1 ezai trẻ đẹp chuyên gội đầu pvu các ce nhớ,0,0,0,personal_number,P2P hard negative,NONE,external_curated,vilexnorm_hard_negative,standard_or_unknown,hard_negative,job_like,preview_review,risk_surface_without_strong_reject,,has_job_keyword
60,,,vilexnorm,data/external/vilexnorm/raw/train.csv,333,train,"Ngày xưa xem chương trình khoa học trên ti vi có ông gì chế ra cái bột gì từ lợn ý rắc vào phần bị đứt đầu ngón tay sau mấy tháng nó mọc lại đc, nhưng mà nó cứng và không bt như ngón tay gốc","Ngày xưa xem chương trình khoa học trên ti vi có ông gì chế ra cái bột gì từ lợn ý rắc vào phần bị đứt đầu ngón tay sau mấy tháng nó mọc lại được, nhưng mà nó cứng và không bình thường như ngón tay gốc","Ngày xưa xem chương trình khoa học trên ti vi có ông gì chế ra cái bột gì từ lợn ý rắc vào phần bị đứt đầu ngón tay sau mấy tháng nó mọc lại đc, nhưng mà nó cứng và không bt như ngón tay gốc",0,0,0,personal_number,P2P hard negative,NONE,external_curated,vilexnorm_hard_negative,abbreviation,hard_negative,warning_like,preview_review,risk_surface_without_strong_reject,,has_abbreviation;has_warning_keyword
61,,,vilexnorm,data/external/vilexnorm/raw/train.csv,346,train,hỏi bảo h em còn mỗi tiền trong tk nma anh phụ xe dễ huông bảo th anh cho m,hỏi bảo giờ em còn mỗi tiền trong tài khoản nhưng mà anh phụ xe dễ thương bảo thôi anh cho mày,hỏi bảo h em còn mỗi tiền trong tk nma anh phụ xe dễ huông bảo th anh cho m,0,0,0,personal_number,P2P hard negative,NONE,external_curated,vilexnorm_hard_negative,abbreviation,hard_negative,finance_like,preview_review,risk_surface_without_strong_reject,,has_abbreviation;has_finance_keyword
62,,,vilexnorm,data/external/vilexnorm/raw/train.csv,375,train,m lm đc v thì cho 10 đ,mày làm được vậy thì cho 10 điểm,m lm đc v thì cho 10 đ,0,0,0,personal_number,P2P hard negative,NONE,external_curated,vilexnorm_hard_negative,abbreviation,hard_negative,money_like,preview_review,risk_surface_without_strong_reject,,has_abbreviation;has_money_amount
63,,,vilexnorm,data/external/vilexnorm/raw/train.csv,432,train,"10tr thì đủ tiêu thôi chứ có việc gì thì khóc thét, chính vì nghĩ đến tương lai nhiều cái phải lo lắng mà vẫn chấp nhận dừng ở 10tr mới bị ng khác cho là an phận đấy","10tr thì đủ tiêu thôi chứ có việc gì thì khóc thét, chính vì nghĩ đến tương lai nhiều cái phải lo lắng mà vẫn chấp nhận dừng ở 10tr mới bị người khác cho là an phận đấy","10tr thì đủ tiêu thôi chứ có việc gì thì khóc thét, chính vì nghĩ đến tương lai nhiều cái phải lo lắng mà vẫn chấp nhận dừng ở 10tr mới bị ng khác cho là an phận đấy",0,0,0,personal_number,P2P hard negative,NONE,external_curated,vilexnorm_hard_negative,abbreviation,hard_negative,money_like,preview_review,risk_surface_without_strong_reject,,has_abbreviation;has_money_amount
64,,,vilexnorm,data/external/vilexnorm/raw/train.csv,450,train,Ăn lương Nhà nước thì chỉ thế thôi chứ ai mà k muốn nhiều tiền,Ăn lương Nhà nước thì chỉ thế thôi chứ ai mà không muốn nhiều tiền,Ăn lương Nhà nước thì chỉ thế thôi chứ ai mà k muốn nhiều tiền,0,0,0,personal_number,P2P hard negative,NONE,external_curated,vilexnorm_hard_negative,teencode,hard_negative,money_like,preview_review,risk_surface_without_strong_reject,,has_money_keyword;has_teencode
65,,,vilexnorm,data/external/vilexnorm/raw/train.csv,457,train,10tr về quê lấy vk,10tr về quê lấy vợ,10tr về quê lấy vk,0,0,0,personal_number,P2P hard negative,NONE,external_curated,vilexnorm_hard_negative,standard_or_unknown,hard_negative,money_like,preview_review,risk_surface_without_strong_reject,,has_money_amount
66,,,vilexnorm,data/external/vilexnorm/raw/train.csv,469,train,ê như mấy th red flag nhắn tin xong mất tiu,ê như mấy thằng red flag nhắn tin xong mất tiêu,ê như mấy th red flag nhắn tin xong mất tiu,0,0,0,personal_number,P2P hard negative,NONE,external_curated,vilexnorm_hard_negative,standard_or_unknown,hard_negative,cta_like,preview_review,risk_surface_without_strong_reject,,has_cta_keyword
67,,,vilexnorm,data/external/vilexnorm/raw/train.csv,471,train,10tr thì vẫn đủ sống mỗi tháng 2vkck và 1 con,10tr thì vẫn đủ sống mỗi tháng 2 vợ chồng và 1 con,10tr thì vẫn đủ sống mỗi tháng 2vkck và 1 con,0,0,0,personal_number,P2P hard negative,NONE,external_curated,vilexnorm_hard_negative,standard_or_unknown,hard_negative,money_like,preview_review,risk_surface_without_strong_reject,,has_money_amount
68,,,vilexnorm,data/external/vilexnorm/raw/train.csv,502,train,"a công an đợt này về chắc được lên hột trước hạn rồi,quả upgrade hơi nhuốm màu bột ớt nhưng rất ấn tượng, good job !!!","anh công an đợt này về chắc được lên hột trước hạn rồi,quả upgrade hơi nhuốm màu bột ớt nhưng rất ấn tượng, good job !!!","a công an đợt này về chắc được lên hột trước hạn rồi,quả upgrade hơi nhuốm màu bột ớt nhưng rất ấn tượng, good job !!!",0,0,0,personal_number,P2P hard negative,NONE,external_curated,vilexnorm_hard_negative,abbreviation,hard_negative,authority_like,preview_review,risk_surface_without_strong_reject,,has_abbreviation;has_authority_keyword
69,,,vilexnorm,data/external/vilexnorm/raw/train.csv,510,train,để tuôi xin mẹ 5 trịu để xún thăm bạn nha,để tôi xin mẹ 5 triệu để xuống thăm bạn nha,để tuôi xin mẹ 5 trịu để xún thăm bạn nha,0,0,0,personal_number,P2P hard negative,NONE,external_curated,vilexnorm_hard_negative,standard_or_unknown,hard_negative,money_like,preview_review,risk_surface_without_strong_reject,,has_money_amount
70,,,vilexnorm,data/external/vilexnorm/raw/train.csv,512,train,Bi quan thế t lương có 3tr vẫn lấy vk đẻ con bình đây thôi,Bi quan thế tôi lương có 3tr vẫn lấy vợ đẻ con bình đây thôi,Bi quan thế t lương có 3tr vẫn lấy vk đẻ con bình đây thôi,0,0,0,personal_number,P2P hard negative,NONE,external_curated,vilexnorm_hard_negative,abbreviation,hard_negative,money_like,preview_review,risk_surface_without_strong_reject,,has_abbreviation;has_money_amount;has_money_keyword
71,,,vilexnorm,data/external/vilexnorm/raw/train.csv,553,train,"2vc, 3 đứa con, cp mỗi tháng tầm 30-40tr","2 vợ chồng, 3 đứa con, chi phí mỗi tháng tầm 30-40tr","2vc, 3 đứa con, cp mỗi tháng tầm 30-40tr",0,0,0,personal_number,P2P hard negative,NONE,external_curated,vilexnorm_hard_negative,dialectal_variant,hard_negative,money_like,preview_review,risk_surface_without_strong_reject,,has_dialectal_variant;has_money_amount
72,,,vilexnorm,data/external/vilexnorm/raw/train.csv,569,train,"Năm 19 tuổi t vẫn đi bưng bê 16k/1h, đêm về chạy grab kiếm vài tỷ tiêu chơi","Năm 19 tuổi tôi vẫn đi bưng bê 16k/1h, đêm về chạy grab kiếm vài tỷ tiêu chơi","Năm 19 tuổi t vẫn đi bưng bê 16k/1h, đêm về chạy grab kiếm vài tỷ tiêu chơi",0,0,0,personal_number,P2P hard negative,NONE,external_curated,vilexnorm_hard_negative,abbreviation,hard_negative,money_like,preview_review,risk_surface_without_strong_reject,,has_abbreviation;has_money_amount
73,,,vilexnorm,data/external/vilexnorm/raw/train.csv,571,train,Bạn còn tuyển em dâu ko em giai bạn ngon quáaaaa,bạn còn tuyển em dâu không em trai bạn ngon quá,Bạn còn tuyển em dâu ko em giai bạn ngon quáaaaa,0,0,0,personal_number,P2P hard negative,NONE,external_curated,vilexnorm_hard_negative,teencode,hard_negative,job_like,preview_review,risk_surface_without_strong_reject,,has_job_keyword;has_teencode
74,,,vilexnorm,data/external/vilexnorm/raw/train.csv,576,train,May quá lương 5 tr,May quá lương 5 triệu,May quá lương 5 tr,0,0,0,personal_number,P2P hard negative,NONE,external_curated,vilexnorm_hard_negative,standard_or_unknown,hard_negative,money_like,preview_review,risk_surface_without_strong_reject,,has_money_amount;has_money_keyword
75,,,vilexnorm,data/external/vilexnorm/raw/train.csv,577,train,"giận cc, có vay thì phải có trả","giận con cặc, có vay thì phải có trả","giận cc, có vay thì phải có trả",0,0,0,personal_number,P2P hard negative,NONE,external_curated,vilexnorm_hard_negative,standard_or_unknown,hard_negative,finance_like,preview_review,risk_surface_without_strong_reject,,has_finance_keyword
76,,,vilexnorm,data/external/vilexnorm/raw/train.csv,660,train,"Mình lương 4tr, vợ mình lương 4tr nữa là tổng đc 8tr, nuôi 3 đứa con luôn, cơm vẫn thịt cá đầy đủ","Mình lương 4tr, vợ mình lương 4tr nữa là tổng được 8tr, nuôi 3 đứa con luôn, cơm vẫn thịt cá đầy đủ","Mình lương 4tr, vợ mình lương 4tr nữa là tổng đc 8tr, nuôi 3 đứa con luôn, cơm vẫn thịt cá đầy đủ",0,0,0,personal_number,P2P hard negative,NONE,external_curated,vilexnorm_hard_negative,abbreviation,hard_negative,money_like,preview_review,risk_surface_without_strong_reject,,has_abbreviation;has_money_amount;has_money_keyword
77,,,vilexnorm,data/external/vilexnorm/raw/train.csv,669,train,T cũng hướng nội nhưng nợ dai k trả t cù cho biết luon,Tôi cũng hướng nội nhưng nợ dai không trả tôi cù cho biết luôn,T cũng hướng nội nhưng nợ dai k trả t cù cho biết luon,0,0,0,personal_number,P2P hard negative,NONE,external_curated,vilexnorm_hard_negative,teencode;abbreviation,hard_negative,finance_like,preview_review,risk_surface_without_strong_reject,,has_abbreviation;has_finance_keyword;has_teencode
78,,,vilexnorm,data/external/vilexnorm/raw/train.csv,679,train,sợ ngta tưởng mk nhắn tin mà cọc,sợ người ta tưởng mình nhắn tin mà cọc,sợ ngta tưởng mk nhắn tin mà cọc,0,0,0,personal_number,P2P hard negative,NONE,external_curated,vilexnorm_hard_negative,abbreviation,hard_negative,cta_like,preview_review,risk_surface_without_strong_reject,,has_abbreviation;has_cta_keyword
79,,,vilexnorm,data/external/vilexnorm/raw/train.csv,686,train,Đéo hiểu s vẫn tham gia mấy cái giải này đc :))),Đéo hiểu sao vẫn tham gia mấy cái giải này được :))),Đéo hiểu s vẫn tham gia mấy cái giải này đc :))),0,0,0,personal_number,P2P hard negative,NONE,external_curated,vilexnorm_hard_negative,abbreviation,hard_negative,cta_like,preview_review,risk_surface_without_strong_reject,,has_abbreviation;has_cta_keyword
80,,,vilexnorm,data/external/vilexnorm/raw/train.csv,699,train,"Vu gi vay, m hong","Vụ gì vậy, mình hóng","Vu gi vay, m hong",0,0,0,personal_number,P2P hard negative,NONE,external_curated,vilexnorm_hard_negative,teencode;abbreviation,hard_negative,finance_like,preview_review,risk_surface_without_strong_reject,,has_abbreviation;has_finance_keyword;has_teencode
81,,,vilexnorm,data/external/vilexnorm/raw/train.csv,234,train,"Đợt rồi mình đi xem concert Mỹ Tâm một mình ngoài lí do mình là fan ra thì còn là vì ko quen thân người bạn nào cũng thích MT nên ko biết rũ ai, hồi concert Hearbeat 2014 của chỉ đi coi chung với 2 đứa khác, 1 đứa thì bỏ về sớm, 1 đứa thì về kêu chán vì ko phải idol nó, nghe xong mình cũng mất vui, từ đó mình ko rũ ai đi cùng nữa, có rũ thì phải rũ người cùng sở thích & hứng thú giống bạn mới ko bị bể mood dc","Đợt rồi mình đi xem concert Mỹ Tâm một mình ngoài lí do mình là fan ra thì còn là vì không quen thân người bạn nào cũng thích MT nên ko biết rủ ai, hồi concert Hearbeat 2014 của chỉ đi coi chung với 2 đứa khác, 1 đứa thì bỏ về sớm, 1 đứa thì về kêu chán vì không phải idol nó, nghe xong mình cũng mất vui, từ đó mình không rủ ai đi cùng nữa, có rủ thì phải rủ người cùng sở thích & hứng thú giống bạn mới không bị bể mood được","Đợt rồi mình đi xem concert Mỹ Tâm một mình ngoài lí do mình là fan ra thì còn là vì ko quen thân người bạn nào cũng thích MT nên ko biết rũ ai, hồi concert Hearbeat 2014 của chỉ đi coi chung với 2 đứa khác, 1 đứa thì bỏ về sớm, 1 đứa thì về kêu chán vì ko phải idol nó, nghe xong mình cũng mất vui, từ đó mình ko rũ ai đi cùng nữa, có rũ thì phải rũ người cùng sở thích & hứng thú giống bạn mới ko bị bể mood dc",0,0,0,personal_number,ViLexNorm rejected,NONE,external_rejected,vilexnorm_rejected,teencode;abbreviation,rejected,,preview_review,strong_reject_rule,too_long,has_abbreviation;has_teencode;long_for_clean;too_long
82,,,vilexnorm,data/external/vilexnorm/raw/train.csv,595,train,"Bạn nhận việc là phải làm hết việc chứ không phải là làm hết giờ,khi nào bạn không nhận việc hoặc là việc đó bạn làm xong rồi mà bị giao thêm bất ngờ thì bạn mới có thể từ chối,chứ đó là việc của bạn ngay từ đầu chưa kể đôi khi là teamwork mà bạn nói kiểu hết giờ em về thì trc sau gì bạn cũng phải tìm việc mới thôi.","Bạn nhận việc là phải làm hết việc chứ không phải là làm hết giờ,khi nào bạn không nhận việc hoặc là việc đó bạn làm xong rồi mà bị giao thêm bất ngờ thì bạn mới có thể từ chối,chứ đó là việc của bạn ngay từ đầu chưa kể đôi khi là teamwork mà bạn nói kiểu hết giờ em về thì trước sau gì bạn cũng phải tìm việc mới thôi.","Bạn nhận việc là phải làm hết việc chứ không phải là làm hết giờ,khi nào bạn không nhận việc hoặc là việc đó bạn làm xong rồi mà bị giao thêm bất ngờ thì bạn mới có thể từ chối,chứ đó là việc của bạn ngay từ đầu chưa kể đôi khi là teamwork mà bạn nói kiểu hết giờ em về thì trc sau gì bạn cũng phải tìm việc mới thôi.",0,0,0,personal_number,ViLexNorm rejected,NONE,external_rejected,vilexnorm_rejected,standard_or_unknown,rejected,,preview_review,strong_reject_rule,too_long,long_for_clean;too_long
83,,,vilexnorm,data/external/vilexnorm/raw/train.csv,844,train,"Hồi nào xem hay đọc phỏng vấn gì của Lâm Y Thần thấy cô ấy nói là 2 vợ chồng 1 năm chắc gặp nhau có vài lần, tại chồng làm việc ở bên Mỹ, việc bên nội bên ngoại đều 1 mình cổ lo hết, hình như lúc bầu bì sinh nở cũng không có chồng ở bên  xem cũng thấy tủi tủi nên t cũng nghĩ hôn nhân kiểu này không bền rồi á","Hồi nào xem hay đọc phỏng vấn gì của Lâm Y Thần thấy cô ấy nói là 2 vợ chồng 1 năm chắc gặp nhau có vài lần, tại chồng làm việc ở bên Mỹ, việc bên nội bên ngoại đều 1 mình cổ lo hết, hình như lúc bầu bì sinh nở cũng không có chồng ở bên  xem cũng thấy tủi tủi nên tôi cũng nghĩ hôn nhân kiểu này không bền rồi á","Hồi nào xem hay đọc phỏng vấn gì của Lâm Y Thần thấy cô ấy nói là 2 vợ chồng 1 năm chắc gặp nhau có vài lần, tại chồng làm việc ở bên Mỹ, việc bên nội bên ngoại đều 1 mình cổ lo hết, hình như lúc bầu bì sinh nở cũng không có chồng ở bên  xem cũng thấy tủi tủi nên t cũng nghĩ hôn nhân kiểu này không bền rồi á",0,0,0,personal_number,ViLexNorm rejected,NONE,external_rejected,vilexnorm_rejected,abbreviation,rejected,,preview_review,strong_reject_rule,too_long,has_abbreviation;long_for_clean;too_long
84,,,vilexnorm,data/external/vilexnorm/raw/train.csv,969,train,"Ăn ở nhà mà bới lên thế t còn chửi cho chứ đừng bảo đến nhà ny ăn  con gái con lứa ăn uống ý tứ chứ nhỉ , học ăn học nói học gói học mở , con gái t mới 4tuổi mà ở nhà mỗi cái chuyện ăn uống t nạt cho miếc rồi đây , rèn từ bé cho biết chứ k phải đến lớn đi viết lên fb hỏi vớ vẩn vậy đâu","Ăn ở nhà mà bới lên thế tôi còn chửi cho chứ đừng bảo đến nhà người yêu ăn con gái con lứa ăn uống ý tứ chứ nhỉ , học ăn học nói học gói học mở , con gái tôi mới 4tuổi mà ở nhà mỗi cái chuyện ăn uống tôi nạt cho miết rồi đây , rèn từ bé cho biết chứ không phải đến lớn đi viết lên facebook hỏi vớ vẩn vậy đâu","Ăn ở nhà mà bới lên thế t còn chửi cho chứ đừng bảo đến nhà ny ăn  con gái con lứa ăn uống ý tứ chứ nhỉ , học ăn học nói học gói học mở , con gái t mới 4tuổi mà ở nhà mỗi cái chuyện ăn uống t nạt cho miếc rồi đây , rèn từ bé cho biết chứ k phải đến lớn đi viết lên fb hỏi vớ vẩn vậy đâu",0,0,0,personal_number,ViLexNorm rejected,NONE,external_rejected,vilexnorm_rejected,teencode;abbreviation,rejected,,preview_review,strong_reject_rule,too_long,has_abbreviation;has_teencode;long_for_clean;too_long
85,,,vilexnorm,data/external/vilexnorm/raw/train.csv,1104,train,"trước giờ phim đài mà mình xem lúc nào cũng truyền cho mình giá trị tinh thần rất tốt, từ cảm giác lạc quan cho đến niềm tin vào những điều may mắn , à với lại những nữ 9 mà bây giờ nhiều bạn nghĩ là giả nai thì mình vẫn cảm thấy rất thích luôn, từ khi nào mà việc hiền lành và đối xử tốt thì là giả tạo hết vậy?","trước giờ phim đài mà mình xem lúc nào cũng truyền cho mình giá trị tinh thần rất tốt, từ cảm giác lạc quan cho đến niềm tin vào những điều may mắn , à với lại những nữ chính mà bây giờ nhiều bạn nghĩ là giả nai thì mình vẫn cảm thấy rất thích luôn, từ khi nào mà việc hiền lành và đối xử tốt thì là giả tạo hết vậy?","trước giờ phim đài mà mình xem lúc nào cũng truyền cho mình giá trị tinh thần rất tốt, từ cảm giác lạc quan cho đến niềm tin vào những điều may mắn , à với lại những nữ 9 mà bây giờ nhiều bạn nghĩ là giả nai thì mình vẫn cảm thấy rất thích luôn, từ khi nào mà việc hiền lành và đối xử tốt thì là giả tạo hết vậy?",0,0,0,personal_number,ViLexNorm rejected,NONE,external_rejected,vilexnorm_rejected,standard_or_unknown,rejected,,preview_review,strong_reject_rule,too_long,long_for_clean;too_long
86,,,vilexnorm,data/external/vilexnorm/raw/train.csv,1967,train,"Thật ra m.n cũng k nên nặng lời quá , biết là có lỗi nhưng mà chàng trai dẫn cô gái về ra mắt cũng có 1 phần k tinh ý lắm, vì ny k ăn được thịt mỡ mà lại k để ý lúc cô nàng gắp , có thể là em gái này cũng chỉ là có thói quen không tốt 1 chút thôi , vẫn có thể sửa được , m.n không nên nặng lời quá","Thật ra m.n cũng không nên nặng lời quá , biết là có lỗi nhưng mà chàng trai dẫn cô gái về ra mắt cũng có 1 phần k tinh ý lắm, vì ny k ăn được thịt mỡ mà lại không để ý lúc cô nàng gắp , có thể là em gái này cũng chỉ là có thói quen không tốt 1 chút thôi , vẫn có thể sửa được , m.n không nên nặng lời quá","Thật ra m.n cũng k nên nặng lời quá , biết là có lỗi nhưng mà chàng trai dẫn cô gái về ra mắt cũng có 1 phần k tinh ý lắm, vì ny k ăn được thịt mỡ mà lại k để ý lúc cô nàng gắp , có thể là em gái này cũng chỉ là có thói quen không tốt 1 chút thôi , vẫn có thể sửa được , m.n không nên nặng lời quá",0,0,0,personal_number,ViLexNorm rejected,NONE,external_rejected,vilexnorm_rejected,teencode;abbreviation,rejected,,preview_review,strong_reject_rule,too_long,has_abbreviation;has_teencode;long_for_clean;too_long
87,,,vilexnorm,data/external/vilexnorm/raw/train.csv,1987,train,Ván cược nhiều điều xuii,Ván cược nhiều điều xui,Ván cược nhiều điều xuii,0,0,0,personal_number,ViLexNorm rejected,NONE,external_rejected,vilexnorm_rejected,standard_or_unknown,rejected,,preview_review,strong_reject_rule,has_gambling_keyword,has_gambling_keyword
88,,,vilexnorm,data/external/vilexnorm/raw/train.csv,2488,train,"Bố mình có dạy tuy hơi thô nhưng mà thật là mày ăn miếng nạc miếng mỡ miếng to miếng bé gì đc hết nhưng thích miếng nào thì nhằm cho kĩ rồi 1 phát gắp luôn, ko đc bới, ví dụ mình ăn vs người thân quen mà muốn tìm miếng cổ miếng cánh thì xin phép cho bới lên tìm còn chỗ ko đc thân quen thì ngồi chờ họ ăn đến lúc nào nó trật ra rồi mk gắp, chứ ra mắt nhà người yêu lần đầu mà bới đến 3 lần thì thôi toang","Bố mình có dạy tuy hơi thô nhưng mà thật là mày ăn miếng nạc miếng mỡ miếng to miếng bé gì được hết nhưng thích miếng nào thì nhằm cho kĩ rồi 1 phát gắp luôn, không được bới, ví dụ mình ăn với người thân quen mà muốn tìm miếng cổ miếng cánh thì xin phép cho bới lên tìm còn chỗ không được thân quen thì ngồi chờ họ ăn đến lúc nào nó trật ra rồi mình gắp, chứ ra mắt nhà người yêu lần đầu mà bới đến 3 lần thì thôi toang","Bố mình có dạy tuy hơi thô nhưng mà thật là mày ăn miếng nạc miếng mỡ miếng to miếng bé gì đc hết nhưng thích miếng nào thì nhằm cho kĩ rồi 1 phát gắp luôn, ko đc bới, ví dụ mình ăn vs người thân quen mà muốn tìm miếng cổ miếng cánh thì xin phép cho bới lên tìm còn chỗ ko đc thân quen thì ngồi chờ họ ăn đến lúc nào nó trật ra rồi mk gắp, chứ ra mắt nhà người yêu lần đầu mà bới đến 3 lần thì thôi toang",0,0,0,personal_number,ViLexNorm rejected,NONE,external_rejected,vilexnorm_rejected,teencode;abbreviation,rejected,,preview_review,strong_reject_rule,too_long,has_abbreviation;has_teencode;long_for_clean;too_long
89,,,vilexnorm,data/external/vilexnorm/raw/train.csv,3466,train,"Ráng b ơi cố gắng vươn ti tí ra vỏ bọc của mình đi ạ, mình thấy đi làm đã môi trường vp ít nhiều phải có giao tiếp thì cv nó mới trơn tru đc, ai cũng v giữa 1 ng vui vẻ cởi mở sẽ dễ có thiện cảm với mng hơn 1 ng suốt ngày ngồi im lạnh lùng ít nói, và thiệt sự đã bước ra đi làm cọ xát r mới thấy mình nên hoà nhập với tập thể (không hoà tan nhé :)))","Ráng bạn ơi cố gắng vươn ti tí ra vỏ bọc của mình đi ạ, mình thấy đi làm đã môi trường văn phòng ít nhiều phải có giao tiếp thì công việc nó mới trơn tru được, ai cũng vậy giữa 1 người vui vẻ cởi mở sẽ dễ có thiện cảm với mọi người hơn 1 người suốt ngày ngồi im lạnh lùng ít nói, và thiệt sự đã bước ra đi làm cọ xát rồi mới thấy mình nên hoà nhập với tập thể (không hoà tan nhé :)))","Ráng b ơi cố gắng vươn ti tí ra vỏ bọc của mình đi ạ, mình thấy đi làm đã môi trường vp ít nhiều phải có giao tiếp thì cv nó mới trơn tru đc, ai cũng v giữa 1 ng vui vẻ cởi mở sẽ dễ có thiện cảm với mng hơn 1 ng suốt ngày ngồi im lạnh lùng ít nói, và thiệt sự đã bước ra đi làm cọ xát r mới thấy mình nên hoà nhập với tập thể (không hoà tan nhé :)))",0,0,0,personal_number,ViLexNorm rejected,NONE,external_rejected,vilexnorm_rejected,abbreviation,rejected,,preview_review,strong_reject_rule,too_long,has_abbreviation;has_job_keyword;long_for_clean;too_long
90,,,vilexnorm,data/external/vilexnorm/raw/train.csv,3736,train,Tôi khi mới qua nước Úc nhưng vẫn giữ tư duy của vietnam là phải cày cật lực mới có thể sống thoải mái và đâm đầu đi làm 10 tiếng mỗi ngày mặc kệ chỉ có 1 meal staff trong ngày và bây giờ sau 6 tháng tôi cảm thấy mình thoải mái mặc dù chỉ còn 1 công việc nhưng nó làm tôi vui vẻ nên các b hãy chú ý đến cuộc sống và sức khỏe mình nhiều hơn nhé,Tôi khi mới qua nước Úc nhưng vẫn giữ tư duy của vietnam là phải cày cật lực mới có thể sống thoải mái và đâm đầu đi làm 10 tiếng mỗi ngày mặc kệ chỉ có 1 meal staff trong ngày và bây giờ sau 6 tháng tôi cảm thấy mình thoải mái mặc dù chỉ còn 1 công việc nhưng nó làm tôi vui vẻ nên các bạn hãy chú ý đến cuộc sống và sức khỏe mình nhiều hơn nhé,Tôi khi mới qua nước Úc nhưng vẫn giữ tư duy của vietnam là phải cày cật lực mới có thể sống thoải mái và đâm đầu đi làm 10 tiếng mỗi ngày mặc kệ chỉ có 1 meal staff trong ngày và bây giờ sau 6 tháng tôi cảm thấy mình thoải mái mặc dù chỉ còn 1 công việc nhưng nó làm tôi vui vẻ nên các b hãy chú ý đến cuộc sống và sức khỏe mình nhiều hơn nhé,0,0,0,personal_number,ViLexNorm rejected,NONE,external_rejected,vilexnorm_rejected,standard_or_unknown,rejected,,preview_review,strong_reject_rule,too_long,has_job_keyword;long_for_clean;too_long
91,,,vilexnorm,data/external/vilexnorm/raw/train.csv,3793,train,Đứa nào ngại ib t t đòi giùm rồi chia hoa hồng cho t đi,Đứa nào ngại ib tôi tôi đòi giùm rồi chia hoa hồng cho tôi đi,Đứa nào ngại ib t t đòi giùm rồi chia hoa hồng cho t đi,0,0,0,personal_number,ViLexNorm rejected,NONE,external_rejected,vilexnorm_rejected,abbreviation,rejected,,preview_review,strong_reject_rule,has_contact_platform_keyword+has_money_keyword,has_abbreviation;has_contact_platform_keyword;has_money_keyword
92,,,vilexnorm,data/external/vilexnorm/raw/train.csv,4152,train,"E thì có duyên vch, gặp đúng ông ny tâm lý vcc , biết ny k ăn đc thịt mỡ ,ngại gắp cho ny thì lựa gắp miếng mỡ mà ăn để lộ miếng nạc cho eng ,nếu e k cảm thấy ngại thì gắp miếng nửa nạc nữa mỡ tách ăn phần mỡ nhường e phần nạc ,đơn giản vậy mà cũng phải để e phải bới đến lần t3","Em thì có duyên vch, gặp đúng ông người yêu tâm lý vcc , biết người yêu không ăn đc thịt mỡ ,ngại gắp cho người yêu thì lựa gắp miếng mỡ mà ăn để lộ miếng nạc cho em ,nếu em k cảm thấy ngại thì gắp miếng nửa nạc nữa mỡ tách ăn phần mỡ nhường em phần nạc ,đơn giản vậy mà cũng phải để em phải bới đến lần t3","E thì có duyên vch, gặp đúng ông ny tâm lý vcc , biết ny k ăn đc thịt mỡ ,ngại gắp cho ny thì lựa gắp miếng mỡ mà ăn để lộ miếng nạc cho eng ,nếu e k cảm thấy ngại thì gắp miếng nửa nạc nữa mỡ tách ăn phần mỡ nhường e phần nạc ,đơn giản vậy mà cũng phải để e phải bới đến lần t3",0,0,0,personal_number,ViLexNorm rejected,NONE,external_rejected,vilexnorm_rejected,teencode;abbreviation,rejected,,preview_review,strong_reject_rule,too_long,has_abbreviation;has_teencode;long_for_clean;too_long
93,,,vilexnorm,data/external/vilexnorm/raw/train.csv,4202,train,"haha, htrc xem có 1 đôi nào mà yêu nhau xong bạn gái đi học/ đi làm xa đc bạn trai tặng cho cái kèn thổi ý, kiểu bất cứ khi nào thổi anh bạn trai sẽ có mặt, xong lúc qua sân bay chị bạn gái thổi quá trời mà anh kia ko tới xong khóc lên khóc xuống rồi cuối cùng anh kia cũng tới huhu :))","haha, htrc xem có 1 đôi nào mà yêu nhau xong bạn gái đi học/ đi làm xa được bạn trai tặng cho cái kèn thổi ý, kiểu bất cứ khi nào thổi anh bạn trai sẽ có mặt, xong lúc qua sân bay chị bạn gái thổi quá trời mà anh kia không tới xong khóc lên khóc xuống rồi cuối cùng anh kia cũng tới huhu :))","haha, htrc xem có 1 đôi nào mà yêu nhau xong bạn gái đi học/ đi làm xa đc bạn trai tặng cho cái kèn thổi ý, kiểu bất cứ khi nào thổi anh bạn trai sẽ có mặt, xong lúc qua sân bay chị bạn gái thổi quá trời mà anh kia ko tới xong khóc lên khóc xuống rồi cuối cùng anh kia cũng tới huhu :))",0,0,0,personal_number,ViLexNorm rejected,NONE,external_rejected,vilexnorm_rejected,teencode;abbreviation,rejected,,preview_review,strong_reject_rule,too_long,has_abbreviation;has_teencode;long_for_clean;too_long
94,,,vilexnorm,data/external/vilexnorm/raw/train.csv,4269,train,"Nhiều người vẫn ko phân biệt được nóng với đen da nhể, áo sáng màu ra nắng nó ko hấp thụ nhiệt làm cơ thể mát hơn ko đồng nghĩa với chuyện nó cản được luồng sáng của ánh nắng chiếu vào, ví dụ áo sơ mi trắng: mát nhưng dễ làm đen da hơn khi có nắng, còn đối với đồ sẫm màu đặc biệt là màu đen dễ hấp thụ nhiệt nên khi mặc vào đương nhiên sẽ rất nóng, nhưng nó có tác dụng cản được ánh sáng trực tiếp lên bề mặt da nên mặc đồ đen hoặc sẫm màu sẽ ko bị ảnh hưởng lên da khi nắng chiếu vào nhé.","Nhiều người vẫn không phân biệt được nóng với đen da nhỉ, áo sáng màu ra nắng nó không hấp thụ nhiệt làm cơ thể mát hơn không đồng nghĩa với chuyện nó cản được luồng sáng của ánh nắng chiếu vào, ví dụ áo sơ mi trắng: mát nhưng dễ làm đen da hơn khi có nắng, còn đối với đồ sẫm màu đặc biệt là màu đen dễ hấp thụ nhiệt nên khi mặc vào đương nhiên sẽ rất nóng, nhưng nó có tác dụng cản được ánh sáng trực tiếp lên bề mặt da nên mặc đồ đen hoặc sẫm màu sẽ không bị ảnh hưởng lên da khi nắng chiếu vào nhé.","Nhiều người vẫn ko phân biệt được nóng với đen da nhể, áo sáng màu ra nắng nó ko hấp thụ nhiệt làm cơ thể mát hơn ko đồng nghĩa với chuyện nó cản được luồng sáng của ánh nắng chiếu vào, ví dụ áo sơ mi trắng: mát nhưng dễ làm đen da hơn khi có nắng, còn đối với đồ sẫm màu đặc biệt là màu đen dễ hấp thụ nhiệt nên khi mặc vào đương nhiên sẽ rất nóng, nhưng nó có tác dụng cản được ánh sáng trực tiếp lên bề mặt da nên mặc đồ đen hoặc sẫm màu sẽ ko bị ảnh hưởng lên da khi nắng chiếu vào nhé.",0,0,0,personal_number,ViLexNorm rejected,NONE,external_rejected,vilexnorm_rejected,teencode;abbreviation,rejected,,preview_review,strong_reject_rule,too_long,has_abbreviation;has_teencode;long_for_clean;too_long
95,,,vilexnorm,data/external/vilexnorm/raw/train.csv,4417,train,"bài viết tiêu cực , rác của cảm xúc , đầy người thành công viên mãn hạnh phúc , bản thân tiêu cực mới đi hút vô những chuyện hoại diệt như này , thấy ngta thành công là cứ nghĩ ngta sẽ chết , vậy chắc xh này còn chưa tới 50 người sống , người sống là người thất bại thì góp phần GDP tăng trưởng gì được cho XH ngoài chuyện tệ nạn lười biếng nợ nần ?","bài viết tiêu cực , rác của cảm xúc , đầy người thành công viên mãn hạnh phúc , bản thân tiêu cực mới đi hút vô những chuyện hoại diệt như này , thấy người ta thành công là cứ nghĩ người ta sẽ chết , vậy chắc xã hội này còn chưa tới 50 người sống , người sống là người thất bại thì góp phần GDP tăng trưởng gì được cho Xã Hội ngoài chuyện tệ nạn lười biếng nợ nần ?","bài viết tiêu cực , rác của cảm xúc , đầy người thành công viên mãn hạnh phúc , bản thân tiêu cực mới đi hút vô những chuyện hoại diệt như này , thấy ngta thành công là cứ nghĩ ngta sẽ chết , vậy chắc xh này còn chưa tới 50 người sống , người sống là người thất bại thì góp phần GDP tăng trưởng gì được cho XH ngoài chuyện tệ nạn lười biếng nợ nần ?",0,0,0,personal_number,ViLexNorm rejected,NONE,external_rejected,vilexnorm_rejected,abbreviation,rejected,,preview_review,strong_reject_rule,too_long,has_abbreviation;has_finance_keyword;long_for_clean;too_long
96,,,vilexnorm,data/external/vilexnorm/raw/train.csv,4651,train,"Nhiều ông kêu VN mình mõm, chỉ đc cái la làng, thế giờ mấy ông muốn bộ quốc phòng tổng động viên và đi ra đấm nhau vs nó à, muốn giống Ukraine thì xin mời, hồi trc đánh nhau vs chính quyền tay sai cách nửa vòng Trái Đất đã khổ rồi, mấy ông muốn đánh nhau vs 1 thằng đông vãi, giàu và mạnh vãi và sát ngay mình à, thật á ?","Nhiều ông kêu VN mình mõm, chỉ được cái la làng, thế giờ mấy ông muốn bộ quốc phòng tổng động viên và đi ra đấm nhau với nó à, muốn giống Ukraine thì xin mời, hồi trước đánh nhau với chính quyền tay sai cách nửa vòng Trái Đất đã khổ rồi, mấy ông muốn đánh nhau với 1 thằng đông vãi, giàu và mạnh vãi và sát ngay mình à, thật á ?","Nhiều ông kêu VN mình mõm, chỉ đc cái la làng, thế giờ mấy ông muốn bộ quốc phòng tổng động viên và đi ra đấm nhau vs nó à, muốn giống Ukraine thì xin mời, hồi trc đánh nhau vs chính quyền tay sai cách nửa vòng Trái Đất đã khổ rồi, mấy ông muốn đánh nhau vs 1 thằng đông vãi, giàu và mạnh vãi và sát ngay mình à, thật á ?",0,0,0,personal_number,ViLexNorm rejected,NONE,external_rejected,vilexnorm_rejected,abbreviation;slang,rejected,,preview_review,strong_reject_rule,too_long,has_abbreviation;has_slang;long_for_clean;too_long
97,,,vilexnorm,data/external/vilexnorm/raw/train.csv,4807,train,"Đúng là tuổi trẻ còn nhiều nhiệt quyết nhưng dạo gần đây t thấy mình sắp không thở nổi rồi  nghĩ lại hồi năm trước tôi có thể đi suốt từ 5h sáng tới 10h tối, giờ tôi thấy bản thân tôi giống như đã dùng hết 30 năm sức khoẻ để đổi lấy cho những ngày trước ấy  t k còn chịu đựng được như trước nữa nhưng mọi thứ cứ diễn ra như thế và t vẫn phải tiếp tục chịu đựng, t thậm chí nghĩ mình có thể ngất xỉu bất cứ lúc nào hay nhận được một tin tức sốc nào đó","Đúng là tuổi trẻ còn nhiều nhiệt huyết nhưng dạo gần đây tôi thấy mình sắp không thở nổi rồi nghĩ lại hồi năm trước tôi có thể đi suốt từ 5h sáng tới 10h tối, giờ tôi thấy bản thân tôi giống như đã dùng hết 30 năm sức khỏe để đổi lấy cho những ngày trước ấy tôi không còn chịu đựng được như trước nữa nhưng mọi thứ cứ diễn ra như thế và tôi vẫn phải tiếp tục chịu đựng, tôi thậm chí nghĩ mình có thể ngất xỉu bất cứ lúc nào hay nhận được một tin tức sốc nào đó","Đúng là tuổi trẻ còn nhiều nhiệt quyết nhưng dạo gần đây t thấy mình sắp không thở nổi rồi  nghĩ lại hồi năm trước tôi có thể đi suốt từ 5h sáng tới 10h tối, giờ tôi thấy bản thân tôi giống như đã dùng hết 30 năm sức khoẻ để đổi lấy cho những ngày trước ấy  t k còn chịu đựng được như trước nữa nhưng mọi thứ cứ diễn ra như thế và t vẫn phải tiếp tục chịu đựng, t thậm chí nghĩ mình có thể ngất xỉu bất cứ lúc nào hay nhận được một tin tức sốc nào đó",0,0,0,personal_number,ViLexNorm rejected,NONE,external_rejected,vilexnorm_rejected,teencode;abbreviation;slang,rejected,,preview_review,strong_reject_rule,too_long,has_abbreviation;has_slang;has_teencode;long_for_clean;too_long
98,,,vilexnorm,data/external/vilexnorm/raw/train.csv,4868,train,"Chỗ tao trước có vụ 1 nhà bắc rạp chiếm1/2 lòng đường, ông lái xe tải đi qua có đứa bé trong rạp chạy qua thế là tai nạn thương tâm, người nhà đứa bé đánh tài xế thừa sống thiếu chết thế là CA xuống, gia đình đám cưới bị phạt vài chục củ, lái xe được đền 200 triệu và những người đánh đi bóc lịch cả đám luôn.","Chỗ tao trước có vụ 1 nhà bắc rạp chiếm1/2 lòng đường, ông lái xe tải đi qua có đứa bé trong rạp chạy qua thế là tai nạn thương tâm, người nhà đứa bé đánh tài xế thừa sống thiếu chết thế là Công An xuống, gia đình đám cưới bị phạt vài chục củ, lái xe được đền 200 triệu và những người đánh đi bóc lịch cả đám luôn.","Chỗ tao trước có vụ 1 nhà bắc rạp chiếm1/2 lòng đường, ông lái xe tải đi qua có đứa bé trong rạp chạy qua thế là tai nạn thương tâm, người nhà đứa bé đánh tài xế thừa sống thiếu chết thế là CA xuống, gia đình đám cưới bị phạt vài chục củ, lái xe được đền 200 triệu và những người đánh đi bóc lịch cả đám luôn.",0,0,0,personal_number,ViLexNorm rejected,NONE,external_rejected,vilexnorm_rejected,abbreviation,rejected,,preview_review,strong_reject_rule,too_long,has_abbreviation;has_authority_keyword;has_money_amount;long_for_clean;too_long
99,,,vilexnorm,data/external/vilexnorm/raw/train.csv,5661,train,"Hát không hay thì vẫn chê thôi, kể cả có ở nước nào celeb Hàn hay Trung hay Việt hay nước nào chăng nữa, không hay t vẫn chê, mắc gì nói không hay là bắt đầu vào bảo dân Việt chê người Việt, thật sự hát rất quan trọng, không chỉ đẹp sáng sân khấu là đáp ứng tiêu chuẩn t, nên là đừng vào bắt bẻ tiêu chuẩn của người khác nha mấy bạn hiền","Hát không hay thì vẫn chê thôi, kể cả có ở nước nào celeb Hàn hay Trung hay Việt hay nước nào chăng nữa, không hay tôi vẫn chê, mắc gì nói không hay là bắt đầu vào bảo dân Việt chê người Việt, thật sự hát rất quan trọng, không chỉ đẹp sáng sân khấu là đáp ứng tiêu chuẩn tôi, nên là đừng vào bắt bẻ tiêu chuẩn của người khác nha mấy bạn hiền","Hát không hay thì vẫn chê thôi, kể cả có ở nước nào celeb Hàn hay Trung hay Việt hay nước nào chăng nữa, không hay t vẫn chê, mắc gì nói không hay là bắt đầu vào bảo dân Việt chê người Việt, thật sự hát rất quan trọng, không chỉ đẹp sáng sân khấu là đáp ứng tiêu chuẩn t, nên là đừng vào bắt bẻ tiêu chuẩn của người khác nha mấy bạn hiền",0,0,0,personal_number,ViLexNorm rejected,NONE,external_rejected,vilexnorm_rejected,abbreviation,rejected,,preview_review,strong_reject_rule,too_long,has_abbreviation;long_for_clean;too_long
100,,,vilexnorm,data/external/vilexnorm/raw/train.csv,5735,train,"Mình nghĩ bạn nên nói thẳng thắng với chồng về những gì bạn đang nghĩ, đang gặp phải, ý định của bạn và nguyên nhân từ đó 2 vợ chồng sẽ cùng đưa ra giải pháp để giúp gia đình tốt hơn, cái quan trong k phải k có tg danh cho gd lm gd do vo ma la 1 nguoi chua thau hieu 1 nguoi lai k chiu noi ra","Mình nghĩ bạn nên nói thẳng thắn với chồng về những gì bạn đang nghĩ, đang gặp phải, ý định của bạn và nguyên nhân từ đó 2 vợ chồng sẽ cùng đưa ra giải pháp để giúp gia đình tốt hơn, cái quan trọng không phải không có thời gian dành cho gia đình làm gia đình đổ vỡ mà là 1 người chưa thấu hiểu 1 người lại không chịu nói ra","Mình nghĩ bạn nên nói thẳng thắng với chồng về những gì bạn đang nghĩ, đang gặp phải, ý định của bạn và nguyên nhân từ đó 2 vợ chồng sẽ cùng đưa ra giải pháp để giúp gia đình tốt hơn, cái quan trong k phải k có tg danh cho gd lm gd do vo ma la 1 nguoi chua thau hieu 1 nguoi lai k chiu noi ra",0,0,0,personal_number,ViLexNorm rejected,NONE,external_rejected,vilexnorm_rejected,teencode,rejected,,preview_review,strong_reject_rule,too_long,has_teencode;long_for_clean;too_long
